pickup_zone,avg_tip_percentage,bkt_total_amount,total_amount_start,total_amount_end
12,0.1022718725134998,26,-11.667104224286277,24.74569945939504
64,0.10227178567435988,29,97.57130682675768,133.98411051043888
164,0.10227177916341379,32,206.80971787780152,243.22252156148272
122,0.10227178812191595,30,133.98411051043888,170.3969141941203
98,0.10227179159467807,26,-11.667104224286277,24.74569945939504
135,0.10227180305539967,27,24.74569945939504,61.15850314307636
96,0.10227136546731512,28,61.15850314307636,97.57130682675768
117,0.10227167549463675,32,206.80971787780152,243.22252156148272
203,0.1022718068755892,28,61.15850314307636,97.57130682675768
163,0.10227177284100762,28,61.15850314307636,97.57130682675768
107,0.10227178761480617,31,170.3969141941203,206.80971787780152
142,0.10227175079935201,28,61.15850314307636,97.57130682675768
178,0.10227180096881752,29,97.57130682675768,133.98411051043888
38,0.10227179749875172,26,-11.667104224286277,24.74569945939504
116,0.1022718068755892,24,-84.4927115916488,-48.079907907967595
69,0.10227178812191595,25,-48.079907907967595,-11.667104224286277
23,0.1022740130072922,26,-11.667104224286277,24.74569945939504
24,0.10227178812191595,28,61.15850314307636,97.57130682675768
137,0.10227170712793832,38,425.2865399798892,461.69934366357063
174,0.102271763400717,27,24.74569945939504,61.15850314307636
68,0.10227174793488447,30,133.98411051043888,170.3969141941203
178,0.10227177510258205,35,316.04812892884536,352.4609326125268
41,0.10227178812191595,23,-120.90551527533012,-84.4927115916488
169,0.10227178812191595,27,24.74569945939504,61.15850314307636
248,0.10203841443131963,26,-11.667104224286277,24.74569945939504
143,0.10227181300352257,29,97.57130682675768,133.98411051043888
127,0.10227170818814361,32,206.80971787780152,243.22252156148272
60,0.10227176978482597,28,61.15850314307636,97.57130682675768
229,0.10227180464707794,33,243.22252156148272,279.63532524516415
5,0.10227176696285097,35,316.04812892884536,352.4609326125268
164,0.10227171231174854,33,243.22252156148272,279.63532524516415
234,0.10227178812191595,33,243.22252156148272,279.63532524516415
131,0.10227178812191595,46,716.5889694493397,753.001773133021
105,0.10227471707071248,26,-11.667104224286277,24.74569945939504
255,0.10227232009264946,26,-11.667104224286277,24.74569945939504
93,0.10227174747819603,28,61.15850314307636,97.57130682675768
103,0.10227170551524095,27,24.74569945939504,61.15850314307636
159,0.10227175658678787,27,24.74569945939504,61.15850314307636
65,0.10227179158397291,29,97.57130682675768,133.98411051043888
58,0.10227178222376254,29,97.57130682675768,133.98411051043888
116,0.10227173415323211,31,170.3969141941203,206.80971787780152
116,0.10226789600027517,27,24.74569945939504,61.15850314307636
154,0.10227107795803268,30,133.98411051043888,170.3969141941203
206,0.10227167023019963,28,61.15850314307636,97.57130682675768
78,0.10227177078113922,29,97.57130682675768,133.98411051043888
69,0.10227178812191595,29,97.57130682675768,133.98411051043888
12,0.10227180941022879,27,24.74569945939504,61.15850314307636
219,0.10227176696447866,36,352.4609326125268,388.873736296208
247,0.10227177284013746,31,170.3969141941203,206.80971787780152
114,0.10223793124086744,27,24.74569945939504,61.15850314307636
19,0.10227166472192928,27,24.74569945939504,61.15850314307636
91,0.10227175343393483,29,97.57130682675768,133.98411051043888
223,0.10227180299700533,26,-11.667104224286277,24.74569945939504
74,0.10227177284100762,31,170.3969141941203,206.80971787780152
8,0.1022718068755892,24,-84.4927115916488,-48.079907907967595
154,0.10227178240586544,35,316.04812892884536,352.4609326125268
118,0.10227176698177862,30,133.98411051043888,170.3969141941203
131,0.10227178812191595,23,-120.90551527533012,-84.4927115916488
253,0.1022717755788135,33,243.22252156148272,279.63532524516415
243,0.10227222265031553,26,-11.667104224286277,24.74569945939504
41,0.10227160666699879,30,133.98411051043888,170.3969141941203
192,0.10227165348126871,27,24.74569945939504,61.15850314307636
-1,0.10227153622267006,38,425.2865399798892,461.69934366357063
188,0.10227179201999066,28,61.15850314307636,97.57130682675768
33,0.10227167876065113,29,97.57130682675768,133.98411051043888
177,0.10227180097151589,27,24.74569945939504,61.15850314307636
133,0.10227333101147307,26,-11.667104224286277,24.74569945939504
179,0.10227171534332306,27,24.74569945939504,61.15850314307636
33,0.10227156237361996,28,61.15850314307636,97.57130682675768
141,0.10227178812191595,25,-48.079907907967595,-11.667104224286277
133,0.10227149948206653,28,61.15850314307636,97.57130682675768
131,0.1022717659133564,35,316.04812892884536,352.4609326125268
258,0.10227178734532333,28,61.15850314307636,97.57130682675768
78,0.10227176978704165,30,133.98411051043888,170.3969141941203
195,0.10227179993652798,28,61.15850314307636,97.57130682675768
88,0.10227176696279341,34,279.63532524516415,316.04812892884536
106,0.10227101224140767,29,97.57130682675768,133.98411051043888
114,0.10227177862388226,30,133.98411051043888,170.3969141941203
184,0.10227180351833463,27,24.74569945939504,61.15850314307636
186,0.10227179749875172,26,-11.667104224286277,24.74569945939504
142,0.10227178812191595,29,97.57130682675768,133.98411051043888
245,0.10226886776784425,27,24.74569945939504,61.15850314307636
172,0.1022717712554077,31,170.3969141941203,206.80971787780152
161,0.10227177313863936,28,61.15850314307636,97.57130682675768
186,0.10227172733932083,27,24.74569945939504,61.15850314307636
83,0.10227181625242843,26,-11.667104224286277,24.74569945939504
164,0.10227178376700224,34,279.63532524516415,316.04812892884536
143,0.10227171384413643,42,570.9377547146145,607.3505583982957
180,0.10227700787672034,26,-11.667104224286277,24.74569945939504
41,0.10227175411789259,33,243.22252156148272,279.63532524516415
19,0.10227177283898126,28,61.15850314307636,97.57130682675768
183,0.10227177284100762,34,279.63532524516415,316.04812892884536
83,0.1022717814916814,32,206.80971787780152,243.22252156148272
150,0.10227653808411237,26,-11.667104224286277,24.74569945939504
47,0.10227195800815454,26,-11.667104224286277,24.74569945939504
105,0.10227173195308274,28,61.15850314307636,97.57130682675768
43,0.10227175894166042,29,97.57130682675768,133.98411051043888
215,0.10227178221784199,32,206.80971787780152,243.22252156148272
154,0.10227185375980245,25,-48.079907907967595,-11.667104224286277
5,0.10227176696373519,37,388.873736296208,425.2865399798892
239,0.10227178812191595,40,498.11214734725183,534.5249510309333
74,0.10227329055044745,26,-11.667104224286277,24.74569945939504
199,0.10227097441737473,28,61.15850314307636,97.57130682675768
154,0.10227179749875172,48,789.4145768167024,825.8273805003836
91,0.10227176978355203,34,279.63532524516415,316.04812892884536
180,0.10227178812191595,24,-84.4927115916488,-48.079907907967595
248,0.1022061762410314,27,24.74569945939504,61.15850314307636
117,0.10224306965051952,27,24.74569945939504,61.15850314307636
55,0.1022763657132748,26,-11.667104224286277,24.74569945939504
239,0.10227171581051885,53,971.4785952351089,1007.8913989187901
247,0.1022721423314886,26,-11.667104224286277,24.74569945939504
160,0.10227181500408543,27,24.74569945939504,61.15850314307636
210,0.10227179159198825,27,24.74569945939504,61.15850314307636
74,0.1022717985397905,32,206.80971787780152,243.22252156148272
219,0.10227179160409662,35,316.04812892884536,352.4609326125268
75,0.10227179749875172,25,-48.079907907967595,-11.667104224286277
94,0.10227176697126313,36,352.4609326125268,388.873736296208
193,0.10227120435534556,27,24.74569945939504,61.15850314307636
53,0.10227300354403657,26,-11.667104224286277,24.74569945939504
155,0.10227178812191595,25,-48.079907907967595,-11.667104224286277
235,0.10227171518614397,31,170.3969141941203,206.80971787780152
158,0.1022716975832886,34,279.63532524516415,316.04812892884536
137,0.10227177326459742,36,352.4609326125268,388.873736296208
155,0.10227174978768476,28,61.15850314307636,97.57130682675768
70,0.10227178812191595,50,862.2401841840648,898.6529878677462
188,0.10227178812191595,32,206.80971787780152,243.22252156148272
58,0.10227210752693781,27,24.74569945939504,61.15850314307636
219,0.10227179874091827,33,243.22252156148272,279.63532524516415
253,0.10227178812191595,24,-84.4927115916488,-48.079907907967595
199,0.10227177832892577,32,206.80971787780152,243.22252156148272
216,0.10227178812191595,32,206.80971787780152,243.22252156148272
14,0.10227176220645372,33,243.22252156148272,279.63532524516415
-1,0.10227178812191595,15,-412.20794474478055,-375.79514106109923
235,0.10227174456257483,33,243.22252156148272,279.63532524516415
255,0.10227178812191595,31,170.3969141941203,206.80971787780152
33,0.10227176698177862,30,133.98411051043888,170.3969141941203
127,0.10227169570921046,29,97.57130682675768,133.98411051043888
13,0.10227176698537763,29,97.57130682675768,133.98411051043888
66,0.10227179749875172,26,-11.667104224286277,24.74569945939504
8,0.1022055000829776,27,24.74569945939504,61.15850314307636
236,0.10227581136626336,26,-11.667104224286277,24.74569945939504
255,0.10227148242604084,27,24.74569945939504,61.15850314307636
139,0.10227179790326156,27,24.74569945939504,61.15850314307636
196,0.10227207054437683,27,24.74569945939504,61.15850314307636
79,0.10227178221784199,31,170.3969141941203,206.80971787780152
132,0.10227180700152841,30,133.98411051043888,170.3969141941203
132,0.10227177044315906,28,61.15850314307636,97.57130682675768
196,0.10227178221784199,33,243.22252156148272,279.63532524516415
63,0.10227178812191595,25,-48.079907907967595,-11.667104224286277
216,0.10227189838197663,27,24.74569945939504,61.15850314307636
199,0.10227179159297889,31,170.3969141941203,206.80971787780152
136,0.10227182562926936,24,-84.4927115916488,-48.079907907967595
47,0.10227176696489768,29,97.57130682675768,133.98411051043888
240,0.10215916584526037,27,24.74569945939504,61.15850314307636
172,0.10226294213949745,27,24.74569945939504,61.15850314307636
50,0.10227195568438753,26,-11.667104224286277,24.74569945939504
251,0.10227178222461045,31,170.3969141941203,206.80971787780152
164,0.10227186313665027,24,-84.4927115916488,-48.079907907967595
72,0.10227178812191595,36,352.4609326125268,388.873736296208
251,0.10227175750567041,28,61.15850314307636,97.57130682675768
17,0.10227178812191595,30,133.98411051043888,170.3969141941203
45,0.10227178812191595,39,461.69934366357063,498.11214734725183
245,0.10230420441355961,26,-11.667104224286277,24.74569945939504
80,0.10227178812191595,26,-11.667104224286277,24.74569945939504
0,0.10227173181542541,28,61.15850314307636,97.57130682675768
239,0.10227175495309963,39,461.69934366357063,498.11214734725183
228,0.10227170211305107,49,825.8273805003836,862.2401841840648
122,0.10227177891901344,34,279.63532524516415,316.04812892884536
131,0.1022722756857488,30,133.98411051043888,170.3969141941203
157,0.10227168095359553,29,97.57130682675768,133.98411051043888
60,0.10227179749875172,27,24.74569945939504,61.15850314307636
57,0.10227178812191595,24,-84.4927115916488,-48.079907907967595
17,0.10227170416402899,28,61.15850314307636,97.57130682675768
203,0.10227203034429264,26,-11.667104224286277,24.74569945939504
251,0.1022717734863475,27,24.74569945939504,61.15850314307636
235,0.10227174641565219,30,133.98411051043888,170.3969141941203
44,0.10227178585501878,26,-11.667104224286277,24.74569945939504
199,0.10227169743403271,34,279.63532524516415,316.04812892884536
211,0.1022718068755892,26,-11.667104224286277,24.74569945939504
178,0.10227176978482597,41,534.5249510309333,570.9377547146145
87,0.10227177284100762,33,243.22252156148272,279.63532524516415
259,0.10227312830863038,27,24.74569945939504,61.15850314307636
25,0.10227173446517783,29,97.57130682675768,133.98411051043888
137,0.10227179523634082,34,279.63532524516415,316.04812892884536
63,0.10227180483029803,29,97.57130682675768,133.98411051043888
31,0.10227174227919097,32,206.80971787780152,243.22252156148272
212,0.10227309633689763,26,-11.667104224286277,24.74569945939504
212,0.1022718414846126,27,24.74569945939504,61.15850314307636
90,0.10227182235712005,26,-11.667104224286277,24.74569945939504
122,0.10227175165602254,29,97.57130682675768,133.98411051043888
34,0.1022718692845769,27,24.74569945939504,61.15850314307636
239,0.10227177634079947,43,607.3505583982957,643.7633620819771
154,0.10227178812191595,3082,111265.86095310576,111302.27375678944
249,0.10227178812191595,34,279.63532524516415,316.04812892884536
161,0.10227176696373519,33,243.22252156148272,279.63532524516415
220,0.10227296668072225,26,-11.667104224286277,24.74569945939504
55,0.10227211688813269,27,24.74569945939504,61.15850314307636
238,0.10227238147797343,26,-11.667104224286277,24.74569945939504
20,0.10227190421804347,26,-11.667104224286277,24.74569945939504
67,0.10227177284735615,29,97.57130682675768,133.98411051043888
52,0.1022721840341337,26,-11.667104224286277,24.74569945939504
51,0.1022676696915505,27,24.74569945939504,61.15850314307636
130,0.10227186327424324,27,24.74569945939504,61.15850314307636
57,0.10227180203140965,28,61.15850314307636,97.57130682675768
18,0.10227176693693227,28,61.15850314307636,97.57130682675768
113,0.10227179159997109,30,133.98411051043888,170.3969141941203
158,0.10227179765389299,28,61.15850314307636,97.57130682675768
16,0.10227177838264997,28,61.15850314307636,97.57130682675768
136,0.10218572919984698,26,-11.667104224286277,24.74569945939504
33,0.10226970097823526,27,24.74569945939504,61.15850314307636
26,0.10227193629002733,27,24.74569945939504,61.15850314307636
217,0.1022717828042563,26,-11.667104224286277,24.74569945939504
131,0.10227179749875172,52,935.0657915514274,971.4785952351089
245,0.1022717669625521,32,206.80971787780152,243.22252156148272
12,0.10227176459890727,29,97.57130682675768,133.98411051043888
131,0.102271835006112,25,-48.079907907967595,-11.667104224286277
144,0.10227177418795699,32,206.80971787780152,243.22252156148272
62,0.10227177284893751,28,61.15850314307636,97.57130682675768
119,0.10227174516368338,28,61.15850314307636,97.57130682675768
-1,0.10227178812191595,40,498.11214734725183,534.5249510309333
179,0.10227178290658887,31,170.3969141941203,206.80971787780152
68,0.10226774780431944,27,24.74569945939504,61.15850314307636
93,0.10227353866257684,26,-11.667104224286277,24.74569945939504
70,0.10227057483695827,28,61.15850314307636,97.57130682675768
194,0.10227216713102755,26,-11.667104224286277,24.74569945939504
164,0.10227176560311206,31,170.3969141941203,206.80971787780152
181,0.10227191295472188,27,24.74569945939504,61.15850314307636
130,0.10227174441845872,28,61.15850314307636,97.57130682675768
246,0.1022718068755892,26,-11.667104224286277,24.74569945939504
256,0.10227178158305468,28,61.15850314307636,97.57130682675768
122,0.10227178812191595,24,-84.4927115916488,-48.079907907967595
137,0.1022717728406895,39,461.69934366357063,498.11214734725183
72,0.102271599045274,29,97.57130682675768,133.98411051043888
190,0.10227176699461742,28,61.15850314307636,97.57130682675768
35,0.10227176978570623,37,388.873736296208,425.2865399798892
109,0.10227177284100762,38,425.2865399798892,461.69934366357063
150,0.1022710262332875,28,61.15850314307636,97.57130682675768
90,0.10227180411087392,27,24.74569945939504,61.15850314307636
199,0.10227175518510312,61,1262.781024704559,1299.1938283882405
50,0.10227178812191595,29,97.57130682675768,133.98411051043888
62,0.10227178958459908,27,24.74569945939504,61.15850314307636
118,0.10227178348385438,29,97.57130682675768,133.98411051043888
239,0.10227176978482597,36,352.4609326125268,388.873736296208
226,0.10227079083487903,26,-11.667104224286277,24.74569945939504
114,0.10226610810399911,28,61.15850314307636,97.57130682675768
56,0.10227401348227742,26,-11.667104224286277,24.74569945939504
136,0.10227140843607221,29,97.57130682675768,133.98411051043888
92,0.1022723227853735,26,-11.667104224286277,24.74569945939504
180,0.10227176105660496,29,97.57130682675768,133.98411051043888
125,0.10227183116477839,26,-11.667104224286277,24.74569945939504
194,0.10227176905218588,28,61.15850314307636,97.57130682675768
36,0.10227177083286138,29,97.57130682675768,133.98411051043888
259,0.10227178812191595,25,-48.079907907967595,-11.667104224286277
43,0.10227178178281394,32,206.80971787780152,243.22252156148272
170,0.10227178728658932,27,24.74569945939504,61.15850314307636
64,0.10227178812191595,30,133.98411051043888,170.3969141941203
144,0.10227205182265717,27,24.74569945939504,61.15850314307636
154,0.10227178317436919,34,279.63532524516415,316.04812892884536
89,0.10227179740754833,28,61.15850314307636,97.57130682675768
31,0.10227176192574242,37,388.873736296208,425.2865399798892
240,0.102271835006112,24,-84.4927115916488,-48.079907907967595
259,0.10227178221784199,34,279.63532524516415,316.04812892884536
123,0.10227177284100762,26,-11.667104224286277,24.74569945939504
1,0.10227178812191595,26,-11.667104224286277,24.74569945939504
6,0.10227198575155613,27,24.74569945939504,61.15850314307636
198,0.10227157243656175,28,61.15850314307636,97.57130682675768
188,0.10227180180923456,27,24.74569945939504,61.15850314307636
55,0.10227172055187579,28,61.15850314307636,97.57130682675768
58,0.10227137906363305,28,61.15850314307636,97.57130682675768
106,0.10227178812191595,38,425.2865399798892,461.69934366357063
215,0.10219954924032748,26,-11.667104224286277,24.74569945939504
245,0.1022710288478872,28,61.15850314307636,97.57130682675768
18,0.10227171250487803,27,24.74569945939504,61.15850314307636
119,0.10227197739114605,27,24.74569945939504,61.15850314307636
159,0.10227178812191595,31,170.3969141941203,206.80971787780152
171,0.10227170807860377,30,133.98411051043888,170.3969141941203
241,0.10227169768004177,33,243.22252156148272,279.63532524516415
87,0.10227178812191595,24,-84.4927115916488,-48.079907907967595
36,0.1022651457727018,27,24.74569945939504,61.15850314307636
257,0.10227177916668943,28,61.15850314307636,97.57130682675768
131,0.10227178126382186,38,425.2865399798892,461.69934366357063
87,0.10223847545566749,27,24.74569945939504,61.15850314307636
253,0.10227170685896302,31,170.3969141941203,206.80971787780152
164,0.1022717427905172,30,133.98411051043888,170.3969141941203
199,0.1022718068755892,29,97.57130682675768,133.98411051043888
245,0.10227176105927728,37,388.873736296208,425.2865399798892
88,0.10227176192633343,40,498.11214734725183,534.5249510309333
116,0.10246055848006783,26,-11.667104224286277,24.74569945939504
182,0.10227179535656812,27,24.74569945939504,61.15850314307636
122,0.10227191114978904,26,-11.667104224286277,24.74569945939504
227,0.10227174661552456,29,97.57130682675768,133.98411051043888
155,0.10227179575234294,29,97.57130682675768,133.98411051043888
117,0.10227180941291383,33,243.22252156148272,279.63532524516415
238,0.10227176105804003,28,61.15850314307636,97.57130682675768
244,0.10227183132435425,27,24.74569945939504,61.15850314307636
73,0.10227179749875172,28,61.15850314307636,97.57130682675768
253,0.10228168861111993,26,-11.667104224286277,24.74569945939504
191,0.1022702419865327,27,24.74569945939504,61.15850314307636
175,0.10227165487519005,27,24.74569945939504,61.15850314307636
242,0.10227197205952397,26,-11.667104224286277,24.74569945939504
251,0.10227194638777397,26,-11.667104224286277,24.74569945939504
39,0.1022717841448143,35,316.04812892884536,352.4609326125268
193,0.10227178812191595,29,97.57130682675768,133.98411051043888
43,0.10227181625242843,24,-84.4927115916488,-48.079907907967595
154,0.10227178635975086,40,498.11214734725183,534.5249510309333
137,0.10234095421365678,26,-11.667104224286277,24.74569945939504
117,0.10227011063185089,29,97.57130682675768,133.98411051043888
178,0.10227249924287912,26,-11.667104224286277,24.74569945939504
237,0.10227183850280212,27,24.74569945939504,61.15850314307636
109,0.10227177248886773,27,24.74569945939504,61.15850314307636
135,0.10227178812191595,29,97.57130682675768,133.98411051043888
217,0.10227177283789733,29,97.57130682675768,133.98411051043888
117,0.10225674510975144,28,61.15850314307636,97.57130682675768
216,0.10227290990666299,26,-11.667104224286277,24.74569945939504
79,0.10227129123664659,28,61.15850314307636,97.57130682675768
8,0.10227143958360291,29,97.57130682675768,133.98411051043888
-1,0.1022718725134998,23,-120.90551527533012,-84.4927115916488
156,0.10227190411684528,26,-11.667104224286277,24.74569945939504
241,0.10227178812191595,31,170.3969141941203,206.80971787780152
229,0.10227176696415197,35,316.04812892884536,352.4609326125268
240,0.10227179749875172,33,243.22252156148272,279.63532524516415
5,0.10227177634056903,26,-11.667104224286277,24.74569945939504
67,0.10227181384792154,26,-11.667104224286277,24.74569945939504
224,0.10227182562926936,26,-11.667104224286277,24.74569945939504
135,0.10227178812191595,30,133.98411051043888,170.3969141941203
154,0.10227176767010915,38,425.2865399798892,461.69934366357063
4,0.10227178812191595,26,-11.667104224286277,24.74569945939504
54,0.10227177284100762,27,24.74569945939504,61.15850314307636
70,0.10227176696385734,58,1153.5426136535152,1189.9554173371962
39,0.10227177284100762,30,133.98411051043888,170.3969141941203
141,0.10227168762953007,29,97.57130682675768,133.98411051043888
257,0.10227213093237171,26,-11.667104224286277,24.74569945939504
215,0.1022718068755892,24,-84.4927115916488,-48.079907907967595
99,0.1022717628533869,28,61.15850314307636,97.57130682675768
71,0.10227176192607311,36,352.4609326125268,388.873736296208
95,0.10227195090983351,26,-11.667104224286277,24.74569945939504
252,0.10227205019083879,26,-11.667104224286277,24.74569945939504
70,0.1022717649502058,33,243.22252156148272,279.63532524516415
199,0.1022740249276709,26,-11.667104224286277,24.74569945939504
160,0.10227285554442585,26,-11.667104224286277,24.74569945939504
112,0.10227176144943084,27,24.74569945939504,61.15850314307636
205,0.1022718068755892,26,-11.667104224286277,24.74569945939504
70,0.10227176652275939,32,206.80971787780152,243.22252156148272
234,0.10227177284981506,28,61.15850314307636,97.57130682675768
194,0.10227178812191595,30,133.98411051043888,170.3969141941203
137,0.10227178812191595,42,570.9377547146145,607.3505583982957
168,0.10227177715475685,27,24.74569945939504,61.15850314307636
136,0.10226535058048984,28,61.15850314307636,97.57130682675768
194,0.10227191997566734,27,24.74569945939504,61.15850314307636
63,0.1022719841295541,27,24.74569945939504,61.15850314307636
-1,0.10227167434457622,35,316.04812892884536,352.4609326125268
240,0.10227178812191595,37,388.873736296208,425.2865399798892
73,0.10227213964968007,26,-11.667104224286277,24.74569945939504
191,0.10227167387485533,28,61.15850314307636,97.57130682675768
33,0.10227178812191595,37,388.873736296208,425.2865399798892
199,0.10227178812191595,33,243.22252156148272,279.63532524516415
143,0.10227176697096228,37,388.873736296208,425.2865399798892
253,0.10227179749875172,25,-48.079907907967595,-11.667104224286277
248,0.10227178812191595,25,-48.079907907967595,-11.667104224286277
232,0.10227177284100762,27,24.74569945939504,61.15850314307636
70,0.10230087134152634,26,-11.667104224286277,24.74569945939504
94,0.10227160502846676,28,61.15850314307636,97.57130682675768
87,0.10227171348233599,30,133.98411051043888,170.3969141941203
55,0.10227179749875172,39,461.69934366357063,498.11214734725183
140,0.10227178812191595,26,-11.667104224286277,24.74569945939504
35,0.10227268565341092,26,-11.667104224286277,24.74569945939504
221,0.1022714284318232,28,61.15850314307636,97.57130682675768
96,0.10227178812191595,24,-84.4927115916488,-48.079907907967595
5,0.10227176192555021,40,498.11214734725183,534.5249510309333
217,0.10227177283643388,28,61.15850314307636,97.57130682675768
116,0.1022717153730399,33,243.22252156148272,279.63532524516415
241,0.10227176489368117,28,61.15850314307636,97.57130682675768
145,0.10223463373656895,26,-11.667104224286277,24.74569945939504
162,0.10227271528993467,26,-11.667104224286277,24.74569945939504
205,0.10227179749875172,28,61.15850314307636,97.57130682675768
227,0.10227175143526229,30,133.98411051043888,170.3969141941203
13,0.1022718291547099,27,24.74569945939504,61.15850314307636
184,0.10227178222915281,28,61.15850314307636,97.57130682675768
75,0.10227178212626789,34,279.63532524516415,316.04812892884536
-1,0.10227178812191595,14,-448.6207484284618,-412.20794474478055
65,0.10227176696428783,33,243.22252156148272,279.63532524516415
257,0.10227176696373519,29,97.57130682675768,133.98411051043888
240,0.10267945447727302,26,-11.667104224286277,24.74569945939504
172,0.10224296319392766,26,-11.667104224286277,24.74569945939504
97,0.10227249009584842,26,-11.667104224286277,24.74569945939504
219,0.10227177284067193,38,425.2865399798892,461.69934366357063
97,0.10227178414216728,32,206.80971787780152,243.22252156148272
131,0.1022718104078865,37,388.873736296208,425.2865399798892
95,0.10227177117014243,28,61.15850314307636,97.57130682675768
227,0.10227175758046027,38,425.2865399798892,461.69934366357063
117,0.10252687942792137,26,-11.667104224286277,24.74569945939504
74,0.10227178499872819,29,97.57130682675768,133.98411051043888
5,0.10227179749875172,29,97.57130682675768,133.98411051043888
148,0.10227178812191595,27,24.74569945939504,61.15850314307636
106,0.10213269639761614,26,-11.667104224286277,24.74569945939504
227,0.1022713937377843,27,24.74569945939504,61.15850314307636
47,0.10227181243711343,27,24.74569945939504,61.15850314307636
72,0.10227176696459674,35,316.04812892884536,352.4609326125268
81,0.10227181625242843,26,-11.667104224286277,24.74569945939504
221,0.10227179427693871,30,133.98411051043888,170.3969141941203
-1,0.10233062821334414,26,-11.667104224286277,24.74569945939504
113,0.10226855359130442,27,24.74569945939504,61.15850314307636
145,0.10227178812191595,18,-302.9695336937366,-266.5567300100554
67,0.10227178222577189,28,61.15850314307636,97.57130682675768
235,0.10227178812191595,34,279.63532524516415,316.04812892884536
197,0.10227177949675602,29,97.57130682675768,133.98411051043888
19,0.10227178812191595,24,-84.4927115916488,-48.079907907967595
226,0.10227179749875172,24,-84.4927115916488,-48.079907907967595
141,0.10227178474616301,30,133.98411051043888,170.3969141941203
204,0.10227178221043486,27,24.74569945939504,61.15850314307636
102,0.10227178225575988,26,-11.667104224286277,24.74569945939504
149,0.10227177692437688,28,61.15850314307636,97.57130682675768
41,0.10227178784646847,44,643.7633620819771,680.1761657656583
155,0.10227178812191595,37,388.873736296208,425.2865399798892
25,0.10227271225854781,27,24.74569945939504,61.15850314307636
128,0.1022718068755892,32,206.80971787780152,243.22252156148272
226,0.10227176696478012,30,133.98411051043888,170.3969141941203
193,0.10227178812191595,30,133.98411051043888,170.3969141941203
88,0.10227164994060141,27,24.74569945939504,61.15850314307636
131,0.10227178724511378,40,498.11214734725183,534.5249510309333
199,0.10227177916166005,40,498.11214734725183,534.5249510309333
232,0.1022717449478395,26,-11.667104224286277,24.74569945939504
96,0.10227109872885028,27,24.74569945939504,61.15850314307636
-1,0.10226906737536166,29,97.57130682675768,133.98411051043888
31,0.10227124221107617,27,24.74569945939504,61.15850314307636
60,0.10227176233562425,26,-11.667104224286277,24.74569945939504
240,0.10227185375980245,25,-48.079907907967595,-11.667104224286277
20,0.1022717736147245,33,243.22252156148272,279.63532524516415
224,0.10227174860232545,28,61.15850314307636,97.57130682675768
235,0.10227096475085046,29,97.57130682675768,133.98411051043888
219,0.1022758065804222,27,24.74569945939504,61.15850314307636
17,0.10227203372583504,26,-11.667104224286277,24.74569945939504
34,0.10227177912781536,28,61.15850314307636,97.57130682675768
117,0.10227188189035104,24,-84.4927115916488,-48.079907907967595
221,0.1022718068755892,24,-84.4927115916488,-48.079907907967595
183,0.10227178221939572,29,97.57130682675768,133.98411051043888
68,0.102286998017433,26,-11.667104224286277,24.74569945939504
241,0.10227190625668536,26,-11.667104224286277,24.74569945939504
213,0.1022717721425169,27,24.74569945939504,61.15850314307636
-1,0.10227179749875172,50,862.2401841840648,898.6529878677462
34,0.1022717612031109,30,133.98411051043888,170.3969141941203
86,0.10227175165602254,29,97.57130682675768,133.98411051043888
240,0.10224790262979969,28,61.15850314307636,97.57130682675768
230,0.10227206749118394,26,-11.667104224286277,24.74569945939504
154,0.10227165832884327,31,170.3969141941203,206.80971787780152
241,0.102271797676378,27,24.74569945939504,61.15850314307636
248,0.10227163435395849,30,133.98411051043888,170.3969141941203
178,0.10227177283999168,30,133.98411051043888,170.3969141941203
132,0.10227445752291575,26,-11.667104224286277,24.74569945939504
143,0.1022744615894753,27,24.74569945939504,61.15850314307636
159,0.10227200029775806,26,-11.667104224286277,24.74569945939504
92,0.10227178133997186,32,206.80971787780152,243.22252156148272
103,0.10227176697623165,28,61.15850314307636,97.57130682675768
-1,0.10227178812191595,19,-266.5567300100554,-230.14392632637407
154,0.1025383392809947,26,-11.667104224286277,24.74569945939504
22,0.10227158049839624,28,61.15850314307636,97.57130682675768
69,0.10227182578571767,27,24.74569945939504,61.15850314307636
6,0.102271795940717,30,133.98411051043888,170.3969141941203
117,0.102271716811293,41,534.5249510309333,570.9377547146145
229,0.10227173409011404,32,206.80971787780152,243.22252156148272
82,0.10227176192607311,35,316.04812892884536,352.4609326125268
203,0.10227178812191595,24,-84.4927115916488,-48.079907907967595
-1,0.10225046558014751,28,61.15850314307636,97.57130682675768
229,0.10227159804302392,30,133.98411051043888,170.3969141941203
72,0.10226907007199638,28,61.15850314307636,97.57130682675768
129,0.10227217936130187,26,-11.667104224286277,24.74569945939504
143,0.10227170128155262,39,461.69934366357063,498.11214734725183
75,0.10227169303736564,31,170.3969141941203,206.80971787780152
127,0.10227176973378511,30,133.98411051043888,170.3969141941203
31,0.10227176693693227,30,133.98411051043888,170.3969141941203
129,0.10227176641152438,28,61.15850314307636,97.57130682675768
178,0.10227178812191595,34,279.63532524516415,316.04812892884536
30,0.10227499387940675,26,-11.667104224286277,24.74569945939504
41,0.10227194752835791,24,-84.4927115916488,-48.079907907967595
43,0.10227178812191595,33,243.22252156148272,279.63532524516415
145,0.10227181625242843,24,-84.4927115916488,-48.079907907967595
94,0.10227175677073723,29,97.57130682675768,133.98411051043888
22,0.10227178812191595,163,4976.887000440051,5013.299804123733
10,0.10227177283988412,30,133.98411051043888,170.3969141941203
117,0.10227178812191595,20,-230.14392632637407,-193.73112264269275
99,0.10227178812191595,38,425.2865399798892,461.69934366357063
46,0.10227178525539295,28,61.15850314307636,97.57130682675768
71,0.10227176387910522,32,206.80971787780152,243.22252156148272
82,0.10227174227919097,54,1007.8913989187901,1044.3042026024714
235,0.10215846197040844,26,-11.667104224286277,24.74569945939504
188,0.102274761341299,26,-11.667104224286277,24.74569945939504
253,0.10227180243950394,29,97.57130682675768,133.98411051043888
151,0.10227184070446499,27,24.74569945939504,61.15850314307636
32,0.1022717168921839,31,170.3969141941203,206.80971787780152
55,0.10227176696373519,31,170.3969141941203,206.80971787780152
2,0.10227177523116728,29,97.57130682675768,133.98411051043888
58,0.10227178066538943,33,243.22252156148272,279.63532524516415
240,0.10227178812191595,39,461.69934366357063,498.11214734725183
75,0.10227170100305583,33,243.22252156148272,279.63532524516415
6,0.10234778255372194,26,-11.667104224286277,24.74569945939504
74,0.10227170727408333,27,24.74569945939504,61.15850314307636
21,0.10227173563935137,29,97.57130682675768,133.98411051043888
83,0.10227176108116888,28,61.15850314307636,97.57130682675768
143,0.10227179789958635,30,133.98411051043888,170.3969141941203
25,0.10227091997928174,28,61.15850314307636,97.57130682675768
126,0.10227178059242208,29,97.57130682675768,133.98411051043888
137,0.10227023512736184,29,97.57130682675768,133.98411051043888
116,0.10227178812191595,45,680.1761657656583,716.5889694493397
-1,0.10227178678402815,45,680.1761657656583,716.5889694493397
215,0.10227175714331896,39,461.69934366357063,498.11214734725183
39,0.10226118569500672,27,24.74569945939504,61.15850314307636
128,0.10226654661644372,28,61.15850314307636,97.57130682675768
178,0.10227198977908952,27,24.74569945939504,61.15850314307636
155,0.10227181932786417,27,24.74569945939504,61.15850314307636
43,0.1022717906767435,30,133.98411051043888,170.3969141941203
-1,0.10227173331300851,36,352.4609326125268,388.873736296208
208,0.1022717938520854,30,133.98411051043888,170.3969141941203
5,0.10227176978482597,36,352.4609326125268,388.873736296208
90,0.10227178812191595,37,388.873736296208,425.2865399798892
131,0.10227178812191595,44,643.7633620819771,680.1761657656583
215,0.10227176712499232,31,170.3969141941203,206.80971787780152
64,0.10227174257021605,28,61.15850314307636,97.57130682675768
120,0.10227180100833737,26,-11.667104224286277,24.74569945939504
144,0.1022717551519177,28,61.15850314307636,97.57130682675768
75,0.10227178222116177,32,206.80971787780152,243.22252156148272
45,0.10227178127460826,33,243.22252156148272,279.63532524516415
69,0.10227178812191595,30,133.98411051043888,170.3969141941203
15,0.10227177284100762,37,388.873736296208,425.2865399798892
198,0.10227178812191595,25,-48.079907907967595,-11.667104224286277
94,0.10227755574602843,26,-11.667104224286277,24.74569945939504
227,0.1022710613078531,28,61.15850314307636,97.57130682675768
79,0.10227171928752762,29,97.57130682675768,133.98411051043888
121,0.10227177513606096,27,24.74569945939504,61.15850314307636
234,0.10227177284100762,29,97.57130682675768,133.98411051043888
91,0.1022717909410468,32,206.80971787780152,243.22252156148272
164,0.10220083172726709,26,-11.667104224286277,24.74569945939504
228,0.10227161315834885,27,24.74569945939504,61.15850314307636
15,0.10227178812191595,31,170.3969141941203,206.80971787780152
125,0.10227182910203964,27,24.74569945939504,61.15850314307636
69,0.10227178812191595,31,170.3969141941203,206.80971787780152
137,0.10227178812191595,25,-48.079907907967595,-11.667104224286277
239,0.10227178812191595,23,-120.90551527533012,-84.4927115916488
103,0.1022723279327709,26,-11.667104224286277,24.74569945939504
131,0.1022718147335398,32,206.80971787780152,243.22252156148272
48,0.10227183210626199,26,-11.667104224286277,24.74569945939504
8,0.1022717249859909,30,133.98411051043888,170.3969141941203
194,0.10227178812191595,29,97.57130682675768,133.98411051043888
248,0.10226256842583879,28,61.15850314307636,97.57130682675768
69,0.10227199524147651,26,-11.667104224286277,24.74569945939504
117,0.10227176763526936,31,170.3969141941203,206.80971787780152
65,0.10228974122214345,26,-11.667104224286277,24.74569945939504
235,0.10221571523291026,27,24.74569945939504,61.15850314307636
239,0.10227204129708531,24,-84.4927115916488,-48.079907907967595
117,0.10227179749875172,22,-157.31831895901144,-120.90551527533012
137,0.10227176166739227,33,243.22252156148272,279.63532524516415
208,0.102271775089693,28,61.15850314307636,97.57130682675768
87,0.10227178346694128,31,170.3969141941203,206.80971787780152
48,0.10227178812191595,27,24.74569945939504,61.15850314307636
8,0.10227174551429581,33,243.22252156148272,279.63532524516415
83,0.10227177678779902,29,97.57130682675768,133.98411051043888
75,0.1020986209638745,26,-11.667104224286277,24.74569945939504
164,0.10227047368267957,29,97.57130682675768,133.98411051043888
206,0.1022719081412313,27,24.74569945939504,61.15850314307636
212,0.10227175177371432,28,61.15850314307636,97.57130682675768
226,0.10227178812191595,33,243.22252156148272,279.63532524516415
215,0.10227168532739854,30,133.98411051043888,170.3969141941203
179,0.10227182562926936,26,-11.667104224286277,24.74569945939504
51,0.10227174810098025,29,97.57130682675768,133.98411051043888
79,0.10227178812191595,25,-48.079907907967595,-11.667104224286277
225,0.10227178812191595,26,-11.667104224286277,24.74569945939504
243,0.1022717985670062,28,61.15850314307636,97.57130682675768
72,0.1022717166983618,30,133.98411051043888,170.3969141941203
183,0.1022717728432792,35,316.04812892884536,352.4609326125268
256,0.10227178812191595,31,170.3969141941203,206.80971787780152
117,0.10227178812191595,42,570.9377547146145,607.3505583982957
164,0.1022367020577464,27,24.74569945939504,61.15850314307636
238,0.10227185038485122,27,24.74569945939504,61.15850314307636
93,0.10227162867140656,27,24.74569945939504,61.15850314307636
148,0.10227179749875172,26,-11.667104224286277,24.74569945939504
229,0.10227186313665027,24,-84.4927115916488,-48.079907907967595
178,0.10227178812191595,33,243.22252156148272,279.63532524516415
186,0.1022717551200476,28,61.15850314307636,97.57130682675768
200,0.10227178812191595,26,-11.667104224286277,24.74569945939504
91,0.10227178812191595,33,243.22252156148272,279.63532524516415
146,0.10227177284100762,27,24.74569945939504,61.15850314307636
70,0.10227175417246406,31,170.3969141941203,206.80971787780152
251,0.10227176097734596,30,133.98411051043888,170.3969141941203
155,0.10227179749875172,34,279.63532524516415,316.04812892884536
65,0.10227177788459461,30,133.98411051043888,170.3969141941203
179,0.10227178812191595,25,-48.079907907967595,-11.667104224286277
131,0.10241719665940599,26,-11.667104224286277,24.74569945939504
165,0.10227193660286546,26,-11.667104224286277,24.74569945939504
139,0.10227175377138878,26,-11.667104224286277,24.74569945939504
117,0.10227178812191595,44,643.7633620819771,680.1761657656583
69,0.10227170211305107,49,825.8273805003836,862.2401841840648
248,0.10227169711215939,38,425.2865399798892,461.69934366357063
131,0.10283705120292344,27,24.74569945939504,61.15850314307636
106,0.10223859436949936,27,24.74569945939504,61.15850314307636
181,0.10227177284742009,29,97.57130682675768,133.98411051043888
165,0.1022717974015056,27,24.74569945939504,61.15850314307636
44,0.1022717885294136,27,24.74569945939504,61.15850314307636
119,0.10227178420091268,26,-11.667104224286277,24.74569945939504
28,0.10227177656131935,27,24.74569945939504,61.15850314307636
114,0.1022717083816656,31,170.3969141941203,206.80971787780152
129,0.10227178812191595,29,97.57130682675768,133.98411051043888
171,0.10227029001788703,28,61.15850314307636,97.57130682675768
57,0.10227188846434464,26,-11.667104224286277,24.74569945939504
76,0.10227169748230762,27,24.74569945939504,61.15850314307636
160,0.1022717846302941,28,61.15850314307636,97.57130682675768
71,0.10227570592063252,26,-11.667104224286277,24.74569945939504
151,0.10227360641520505,26,-11.667104224286277,24.74569945939504
163,0.10227280260146532,26,-11.667104224286277,24.74569945939504
-1,0.10227178812191595,66,1444.8450431229653,1481.2578468066467
113,0.10227169278994568,29,97.57130682675768,133.98411051043888
227,0.10227176696454288,31,170.3969141941203,206.80971787780152
201,0.1022717697817148,29,97.57130682675768,133.98411051043888
6,0.10227176388775593,36,352.4609326125268,388.873736296208
141,0.10227175029788543,31,170.3969141941203,206.80971787780152
226,0.10227178812191595,31,170.3969141941203,206.80971787780152
64,0.10227038206837982,27,24.74569945939504,61.15850314307636
128,0.10227536566060894,26,-11.667104224286277,24.74569945939504
118,0.10227183526574453,27,24.74569945939504,61.15850314307636
174,0.10227181699937578,26,-11.667104224286277,24.74569945939504
71,0.10227153308065412,28,61.15850314307636,97.57130682675768
1,0.10227179161222218,27,24.74569945939504,61.15850314307636
45,0.1022717871877465,31,170.3969141941203,206.80971787780152
256,0.10227178812191595,30,133.98411051043888,170.3969141941203
174,0.10227177283882495,28,61.15850314307636,97.57130682675768
229,0.10227178812191595,22,-157.31831895901144,-120.90551527533012
180,0.10227175779394125,34,279.63532524516415,316.04812892884536
193,0.1022758646424031,26,-11.667104224286277,24.74569945939504
240,0.10226876873608659,29,97.57130682675768,133.98411051043888
244,0.10227195945605756,26,-11.667104224286277,24.74569945939504
199,0.10227282934806302,27,24.74569945939504,61.15850314307636
23,0.10227179749875172,29,97.57130682675768,133.98411051043888
196,0.1022717732685491,32,206.80971787780152,243.22252156148272
239,0.1022718068755892,35,316.04812892884536,352.4609326125268
92,0.10227179253377881,30,133.98411051043888,170.3969141941203
84,0.10227177329280483,28,61.15850314307636,97.57130682675768
131,0.10227178812191595,53,971.4785952351089,1007.8913989187901
15,0.10227176996093247,40,498.11214734725183,534.5249510309333
157,0.10227177981332931,30,133.98411051043888,170.3969141941203
199,0.10227177886636882,39,461.69934366357063,498.11214734725183
96,0.10228875641968813,26,-11.667104224286277,24.74569945939504
239,0.10226929316621901,29,97.57130682675768,133.98411051043888
239,0.1022717162605361,32,206.80971787780152,243.22252156148272
114,0.10227124930364688,29,97.57130682675768,133.98411051043888
146,0.1022718068755892,26,-11.667104224286277,24.74569945939504
92,0.10227300553405241,27,24.74569945939504,61.15850314307636
131,0.10227178206455148,36,352.4609326125268,388.873736296208
5,0.10227178812191595,28,61.15850314307636,97.57130682675768
248,0.10227178812191595,35,316.04812892884536,352.4609326125268
17,0.10227178812191595,24,-84.4927115916488,-48.079907907967595
8,0.10224602906711171,26,-11.667104224286277,24.74569945939504
145,0.10227176453502845,34,279.63532524516415,316.04812892884536
-1,0.10227214444288404,25,-48.079907907967595,-11.667104224286277
196,0.10227214472652443,26,-11.667104224286277,24.74569945939504
137,0.10227179749875172,24,-84.4927115916488,-48.079907907967595
157,0.10227178812191595,25,-48.079907907967595,-11.667104224286277
95,0.10227181141530473,27,24.74569945939504,61.15850314307636
-1,0.10227178812191595,109,3010.5956015212614,3047.0084052049424
183,0.10227178812191595,26,-11.667104224286277,24.74569945939504
240,0.10227176388075032,35,316.04812892884536,352.4609326125268
201,0.1022718735879217,27,24.74569945939504,61.15850314307636
253,0.10227115854712453,28,61.15850314307636,97.57130682675768
37,0.10227182778304326,27,24.74569945939504,61.15850314307636
239,0.10227165337603854,38,425.2865399798892,461.69934366357063
154,0.10227177284100762,37,388.873736296208,425.2865399798892
22,0.1022717812873688,33,243.22252156148272,279.63532524516415
143,0.10227178812191595,24,-84.4927115916488,-48.079907907967595
36,0.10227126580024802,28,61.15850314307636,97.57130682675768
65,0.10227156508189349,28,61.15850314307636,97.57130682675768
53,0.10227167112064596,28,61.15850314307636,97.57130682675768
54,0.10227185375980245,26,-11.667104224286277,24.74569945939504
156,0.1022717614724616,28,61.15850314307636,97.57130682675768
191,0.10227177284210578,30,133.98411051043888,170.3969141941203
67,0.10227181045034546,27,24.74569945939504,61.15850314307636
144,0.10227178812191595,25,-48.079907907967595,-11.667104224286277
-1,0.10227178812191595,43,607.3505583982957,643.7633620819771
71,0.10227144100411448,27,24.74569945939504,61.15850314307636
130,0.10227247634358862,26,-11.667104224286277,24.74569945939504
-1,0.10227172283592771,30,133.98411051043888,170.3969141941203
121,0.10227185375980245,26,-11.667104224286277,24.74569945939504
143,0.102271754524435,31,170.3969141941203,206.80971787780152
22,0.10226901392731579,27,24.74569945939504,61.15850314307636
7,0.10227200540770173,26,-11.667104224286277,24.74569945939504
208,0.1022717778834514,35,316.04812892884536,352.4609326125268
15,0.10227170143862474,29,97.57130682675768,133.98411051043888
89,0.10227181036410894,27,24.74569945939504,61.15850314307636
116,0.10227178812191595,34,279.63532524516415,316.04812892884536
180,0.10227178812191595,25,-48.079907907967595,-11.667104224286277
34,0.10227185642357328,26,-11.667104224286277,24.74569945939504
161,0.10227175974608894,34,279.63532524516415,316.04812892884536
228,0.10227176053232954,29,97.57130682675768,133.98411051043888
148,0.10227178115423052,31,170.3969141941203,206.80971787780152
126,0.10227783977278429,26,-11.667104224286277,24.74569945939504
31,0.10227299279389232,26,-11.667104224286277,24.74569945939504
-1,0.10227178725488593,39,461.69934366357063,498.11214734725183
219,0.10227377112447329,26,-11.667104224286277,24.74569945939504
234,0.10227177675642073,30,133.98411051043888,170.3969141941203
253,0.1022717712739193,30,133.98411051043888,170.3969141941203
77,0.10227179309488632,27,24.74569945939504,61.15850314307636
4,0.10227178888660188,27,24.74569945939504,61.15850314307636
92,0.10227177634129803,31,170.3969141941203,206.80971787780152
235,0.10227178812191595,25,-48.079907907967595,-11.667104224286277
62,0.10227182021277438,26,-11.667104224286277,24.74569945939504
123,0.1022717261687476,34,279.63532524516415,316.04812892884536
109,0.10227179749875172,36,352.4609326125268,388.873736296208
32,0.10227178302827984,28,61.15850314307636,97.57130682675768
122,0.10227178812191595,33,243.22252156148272,279.63532524516415
39,0.10227178812191595,25,-48.079907907967595,-11.667104224286277
228,0.10227178398928137,30,133.98411051043888,170.3969141941203
75,0.10227107842284097,29,97.57130682675768,133.98411051043888
245,0.10227169732657933,29,97.57130682675768,133.98411051043888
59,0.10227177285156802,28,61.15850314307636,97.57130682675768
131,0.1022718900681537,33,243.22252156148272,279.63532524516415
106,0.10227179749875172,25,-48.079907907967595,-11.667104224286277
178,0.10227178812191595,31,170.3969141941203,206.80971787780152
240,0.10227177979822553,32,206.80971787780152,243.22252156148272
143,0.1022718068755892,25,-48.079907907967595,-11.667104224286277
103,0.10227177896024221,37,388.873736296208,425.2865399798892
88,0.10227236669585418,26,-11.667104224286277,24.74569945939504
85,0.10227178578946709,32,206.80971787780152,243.22252156148272
91,0.10227178812191595,35,316.04812892884536,352.4609326125268
155,0.10227178812191595,32,206.80971787780152,243.22252156148272
92,0.10226991337800985,28,61.15850314307636,97.57130682675768
41,0.10227167174506657,32,206.80971787780152,243.22252156148272
52,0.10227185663553169,27,24.74569945939504,61.15850314307636
92,0.10227178636299951,29,97.57130682675768,133.98411051043888
201,0.10227176106989118,28,61.15850314307636,97.57130682675768
228,0.10227170151727177,52,935.0657915514274,971.4785952351089
20,0.10227182954965454,27,24.74569945939504,61.15850314307636
189,0.10227179749875172,27,24.74569945939504,61.15850314307636
65,0.10227178812191595,25,-48.079907907967595,-11.667104224286277
175,0.10227260251107373,26,-11.667104224286277,24.74569945939504
74,0.10227180455151204,28,61.15850314307636,97.57130682675768
117,0.10227180447108083,34,279.63532524516415,316.04812892884536
92,0.10227177284100762,35,316.04812892884536,352.4609326125268
49,0.10227636437058954,26,-11.667104224286277,24.74569945939504
229,0.1026926722701974,26,-11.667104224286277,24.74569945939504
91,0.10227181525087989,30,133.98411051043888,170.3969141941203
210,0.10227174242662414,26,-11.667104224286277,24.74569945939504
63,0.10227179107820142,30,133.98411051043888,170.3969141941203
161,0.10227173919113931,29,97.57130682675768,133.98411051043888
10,0.10227177284632272,29,97.57130682675768,133.98411051043888
25,0.10227178324226172,34,279.63532524516415,316.04812892884536
219,0.10227179749875172,24,-84.4927115916488,-48.079907907967595
171,0.10227178812191595,25,-48.079907907967595,-11.667104224286277
234,0.10227183869724799,27,24.74569945939504,61.15850314307636
163,0.10227178812191595,25,-48.079907907967595,-11.667104224286277
136,0.10225939503325852,27,24.74569945939504,61.15850314307636
201,0.10227337220107828,26,-11.667104224286277,24.74569945939504
219,0.10226773160517211,28,61.15850314307636,97.57130682675768
248,0.10227174370610008,31,170.3969141941203,206.80971787780152
240,0.10227154334577108,30,133.98411051043888,170.3969141941203
172,0.10227181140930681,29,97.57130682675768,133.98411051043888
153,0.10227179749875172,27,24.74569945939504,61.15850314307636
122,0.10227177284418651,32,206.80971787780152,243.22252156148272
17,0.10227179749875172,29,97.57130682675768,133.98411051043888
86,0.10227174907548085,39,461.69934366357063,498.11214734725183
13,0.10227177675405312,30,133.98411051043888,170.3969141941203
196,0.10227178812191595,29,97.57130682675768,133.98411051043888
220,0.1022716985481179,28,61.15850314307636,97.57130682675768
122,0.10227174373940907,28,61.15850314307636,97.57130682675768
223,0.10227178812191595,29,97.57130682675768,133.98411051043888
165,0.10227176456206477,28,61.15850314307636,97.57130682675768
63,0.10227171395617297,28,61.15850314307636,97.57130682675768
236,0.10227176978796804,29,97.57130682675768,133.98411051043888
128,0.10227179749875172,24,-84.4927115916488,-48.079907907967595
215,0.1022276229090601,27,24.74569945939504,61.15850314307636
222,0.10227193963831509,26,-11.667104224286277,24.74569945939504
161,0.1022717985670062,31,170.3969141941203,206.80971787780152
6,0.10227177506380498,33,243.22252156148272,279.63532524516415
128,0.10227178812191595,39,461.69934366357063,498.11214734725183
154,0.10227178812191595,0,-958.4,-921.9871963163187
39,0.10227178812191595,32,206.80971787780152,243.22252156148272
117,0.10227176192588854,45,680.1761657656583,716.5889694493397
220,0.10227178812191595,29,97.57130682675768,133.98411051043888
72,0.10226969968122296,27,24.74569945939504,61.15850314307636
131,0.10178539246473467,28,61.15850314307636,97.57130682675768
145,0.10226686908300904,28,61.15850314307636,97.57130682675768
128,0.10227179744609056,30,133.98411051043888,170.3969141941203
257,0.10227178918765932,27,24.74569945939504,61.15850314307636
213,0.10227180137225989,28,61.15850314307636,97.57130682675768
178,0.1022718068755892,38,425.2865399798892,461.69934366357063
86,0.1022716898348447,27,24.74569945939504,61.15850314307636
158,0.10227193838885905,27,24.74569945939504,61.15850314307636
2,0.10227178436944187,28,61.15850314307636,97.57130682675768
157,0.10227178812191595,24,-84.4927115916488,-48.079907907967595
248,0.10227177284402815,33,243.22252156148272,279.63532524516415
222,0.10227177045430974,28,61.15850314307636,97.57130682675768
157,0.10226115673024386,27,24.74569945939504,61.15850314307636
158,0.1022732114004979,26,-11.667104224286277,24.74569945939504
39,0.1022678572558347,28,61.15850314307636,97.57130682675768
208,0.10227176950493873,31,170.3969141941203,206.80971787780152
245,0.1022717713020668,34,279.63532524516415,316.04812892884536
-1,0.10227178812191595,246,7999.149706185599,8035.56250986928
97,0.10227178812191595,31,170.3969141941203,206.80971787780152
43,0.1022710093705417,28,61.15850314307636,97.57130682675768
154,0.1022601798962895,29,97.57130682675768,133.98411051043888
143,0.10226676823481312,28,61.15850314307636,97.57130682675768
230,0.10227176974650823,28,61.15850314307636,97.57130682675768
134,0.1022717805273045,42,570.9377547146145,607.3505583982957
181,0.10227177984404402,28,61.15850314307636,97.57130682675768
137,0.10227180953288449,35,316.04812892884536,352.4609326125268
172,0.10227176700874664,30,133.98411051043888,170.3969141941203
9,0.10227175800347735,29,97.57130682675768,133.98411051043888
239,0.10224004435934816,28,61.15850314307636,97.57130682675768
180,0.10226785126716963,27,24.74569945939504,61.15850314307636
152,0.10227244460588249,26,-11.667104224286277,24.74569945939504
13,0.10227192624645366,26,-11.667104224286277,24.74569945939504
14,0.1022717916031346,28,61.15850314307636,97.57130682675768
154,0.10227175518658517,61,1262.781024704559,1299.1938283882405
26,0.1022717822299027,28,61.15850314307636,97.57130682675768
5,0.10227180238999885,27,24.74569945939504,61.15850314307636
91,0.1022720991469872,27,24.74569945939504,61.15850314307636
226,0.10226992494396839,28,61.15850314307636,97.57130682675768
196,0.10227075621014063,28,61.15850314307636,97.57130682675768
85,0.10227171546503556,30,133.98411051043888,170.3969141941203
23,0.10227212685332027,27,24.74569945939504,61.15850314307636
39,0.10227178221784199,31,170.3969141941203,206.80971787780152
7,0.10227175495629728,28,61.15850314307636,97.57130682675768
215,0.10227178022208397,42,570.9377547146145,607.3505583982957
107,0.10227178812191595,26,-11.667104224286277,24.74569945939504
181,0.10227287651950037,26,-11.667104224286277,24.74569945939504
26,0.10227177283943921,31,170.3969141941203,206.80971787780152
55,0.10227177640742063,32,206.80971787780152,243.22252156148272
70,0.10227178812191595,36,352.4609326125268,388.873736296208
0,0.10227216951138367,26,-11.667104224286277,24.74569945939504
197,0.10227156762530516,27,24.74569945939504,61.15850314307636
20,0.10227176671736755,28,61.15850314307636,97.57130682675768
117,0.10227178812191595,36,352.4609326125268,388.873736296208
36,0.10227490607441014,26,-11.667104224286277,24.74569945939504
29,0.10227194097863516,26,-11.667104224286277,24.74569945939504
73,0.10227173124408852,27,24.74569945939504,61.15850314307636
75,0.10227178812191595,24,-84.4927115916488,-48.079907907967595
212,0.10227176978338141,33,243.22252156148272,279.63532524516415
85,0.1023062198407556,26,-11.667104224286277,24.74569945939504
94,0.10227207496404157,27,24.74569945939504,61.15850314307636
175,0.10227177397136841,28,61.15850314307636,97.57130682675768
30,0.10227172052576528,29,97.57130682675768,133.98411051043888
49,0.10227174227919097,31,170.3969141941203,206.80971787780152
178,0.10227179749875172,37,388.873736296208,425.2865399798892
71,0.10227175512617642,29,97.57130682675768,133.98411051043888
91,0.10227178812191595,37,388.873736296208,425.2865399798892
-1,0.10227179749875172,46,716.5889694493397,753.001773133021
9,0.10227171242388923,34,279.63532524516415,316.04812892884536
41,0.10224974051639,28,61.15850314307636,97.57130682675768
141,0.10226895642593803,27,24.74569945939504,61.15850314307636
30,0.10227130186459675,28,61.15850314307636,97.57130682675768
68,0.10227165969388927,29,97.57130682675768,133.98411051043888
75,0.10227178812191595,40,498.11214734725183,534.5249510309333
14,0.10227176192540684,31,170.3969141941203,206.80971787780152
74,0.1022716906669502,30,133.98411051043888,170.3969141941203
154,0.1021968499203286,28,61.15850314307636,97.57130682675768
35,0.1022718068755892,29,97.57130682675768,133.98411051043888
-1,0.1022718068755892,22,-157.31831895901144,-120.90551527533012
-1,0.10227179749875172,42,570.9377547146145,607.3505583982957
82,0.10227175412404813,30,133.98411051043888,170.3969141941203
174,0.10227177283949779,29,97.57130682675768,133.98411051043888
33,0.10227178071996897,31,170.3969141941203,206.80971787780152
171,0.10219801337095206,26,-11.667104224286277,24.74569945939504
192,0.10227280141750801,26,-11.667104224286277,24.74569945939504
117,0.10227181288551636,30,133.98411051043888,170.3969141941203
245,0.10227180616231744,30,133.98411051043888,170.3969141941203
221,0.10227178222143328,32,206.80971787780152,243.22252156148272
33,0.10227178422703702,39,461.69934366357063,498.11214734725183
39,0.10240289854648281,26,-11.667104224286277,24.74569945939504
6,0.10227114974156255,28,61.15850314307636,97.57130682675768
45,0.10226700558435682,27,24.74569945939504,61.15850314307636
43,0.10227059818373915,27,24.74569945939504,61.15850314307636
221,0.10227180124031718,31,170.3969141941203,206.80971787780152
142,0.102271835006112,26,-11.667104224286277,24.74569945939504
13,0.10227177951326849,28,61.15850314307636,97.57130682675768
41,0.1021395018318061,27,24.74569945939504,61.15850314307636
248,0.10227076562665814,29,97.57130682675768,133.98411051043888
259,0.10227178853884442,29,97.57130682675768,133.98411051043888
129,0.10227178304824705,27,24.74569945939504,61.15850314307636
193,0.10227174654405399,28,61.15850314307636,97.57130682675768
86,0.10227178812191595,34,279.63532524516415,316.04812892884536
77,0.10227176919053693,28,61.15850314307636,97.57130682675768
23,0.10227176151349975,28,61.15850314307636,97.57130682675768
35,0.10227175507917861,28,61.15850314307636,97.57130682675768
134,0.10227175864018613,28,61.15850314307636,97.57130682675768
202,0.10227176131011052,27,24.74569945939504,61.15850314307636
241,0.10227169704243831,40,498.11214734725183,534.5249510309333
117,0.10227178812191595,37,388.873736296208,425.2865399798892
109,0.10227178812191595,24,-84.4927115916488,-48.079907907967595
105,0.10227032840633825,27,24.74569945939504,61.15850314307636
228,0.10227475020702617,26,-11.667104224286277,24.74569945939504
237,0.10227254643395918,26,-11.667104224286277,24.74569945939504
153,0.10227176069533239,26,-11.667104224286277,24.74569945939504
208,0.10227196251465469,26,-11.667104224286277,24.74569945939504
229,0.10227178812191595,50,862.2401841840648,898.6529878677462
161,0.10227177135627222,30,133.98411051043888,170.3969141941203
6,0.10227178032101204,31,170.3969141941203,206.80971787780152
8,0.10226286210669912,28,61.15850314307636,97.57130682675768
161,0.10227234511288315,27,24.74569945939504,61.15850314307636
177,0.10227182418660506,26,-11.667104224286277,24.74569945939504
29,0.10227184197845399,27,24.74569945939504,61.15850314307636
131,0.10227192634185725,34,279.63532524516415,316.04812892884536
88,0.10227174796916036,28,61.15850314307636,97.57130682675768
154,0.10227177020727472,36,352.4609326125268,388.873736296208
50,0.1022717851889201,30,133.98411051043888,170.3969141941203
41,0.10213067803795456,26,-11.667104224286277,24.74569945939504
86,0.10227700026813887,26,-11.667104224286277,24.74569945939504
109,0.10227253395984837,26,-11.667104224286277,24.74569945939504
219,0.10227171970307151,30,133.98411051043888,170.3969141941203
192,0.10227178812191595,29,97.57130682675768,133.98411051043888
204,0.10227177294220569,26,-11.667104224286277,24.74569945939504
176,0.10227178812191595,28,61.15850314307636,97.57130682675768
54,0.10227177284504273,31,170.3969141941203,206.80971787780152
82,0.10227178812191595,28,61.15850314307636,97.57130682675768
239,0.10320201309830124,26,-11.667104224286277,24.74569945939504
236,0.10227222588570682,27,24.74569945939504,61.15850314307636
90,0.1022717937426827,28,61.15850314307636,97.57130682675768
259,0.10227178812191595,40,498.11214734725183,534.5249510309333
79,0.10227177283898527,30,133.98411051043888,170.3969141941203
199,0.10227178812191595,43,607.3505583982957,643.7633620819771
150,0.10227227986202811,27,24.74569945939504,61.15850314307636
35,0.10227175517929042,27,24.74569945939504,61.15850314307636
117,0.10227181625242843,25,-48.079907907967595,-11.667104224286277
72,0.10227178812191595,47,753.001773133021,789.4145768167024
229,0.10227168226091389,31,170.3969141941203,206.80971787780152
85,0.1022718068755892,25,-48.079907907967595,-11.667104224286277
128,0.10227177284058221,36,352.4609326125268,388.873736296208
162,0.10227171584515793,27,24.74569945939504,61.15850314307636
147,0.10227177870434331,27,24.74569945939504,61.15850314307636
134,0.10227189495952681,27,24.74569945939504,61.15850314307636
87,0.10227178812191595,32,206.80971787780152,243.22252156148272
178,0.10227178917715908,39,461.69934366357063,498.11214734725183
248,0.10227178812191595,34,279.63532524516415,316.04812892884536
15,0.10226957771741951,27,24.74569945939504,61.15850314307636
137,0.1022710905599867,30,133.98411051043888,170.3969141941203
29,0.10227177286087877,28,61.15850314307636,97.57130682675768
188,0.10227179749875172,29,97.57130682675768,133.98411051043888
82,0.10227181361807063,27,24.74569945939504,61.15850314307636
9,0.10227178812191595,33,243.22252156148272,279.63532524516415
239,0.10227173141135182,31,170.3969141941203,206.80971787780152
213,0.10227179182474891,26,-11.667104224286277,24.74569945939504
135,0.102271826691492,28,61.15850314307636,97.57130682675768
122,0.10227178130480048,27,24.74569945939504,61.15850314307636
223,0.10227170428724662,28,61.15850314307636,97.57130682675768
-1,0.102271825595015,37,388.873736296208,425.2865399798892
172,0.10227049341674023,28,61.15850314307636,97.57130682675768
249,0.1022722832000368,26,-11.667104224286277,24.74569945939504
136,0.10227183254277425,30,133.98411051043888,170.3969141941203
143,0.10227178812191595,32,206.80971787780152,243.22252156148272
-1,0.10227181625242843,20,-230.14392632637407,-193.73112264269275
17,0.10227177865795795,27,24.74569945939504,61.15850314307636
10,0.10227178866439232,27,24.74569945939504,61.15850314307636
220,0.10227037655279435,27,24.74569945939504,61.15850314307636
135,0.10227416567688986,26,-11.667104224286277,24.74569945939504
127,0.10227181417742584,28,61.15850314307636,97.57130682675768
150,0.10227177978533009,29,97.57130682675768,133.98411051043888
71,0.10227176696373519,37,388.873736296208,425.2865399798892
248,0.10227185375980245,24,-84.4927115916488,-48.079907907967595
197,0.10227247967106738,26,-11.667104224286277,24.74569945939504
131,0.10227160972111271,29,97.57130682675768,133.98411051043888
56,0.1022718843917099,27,24.74569945939504,61.15850314307636
-1,0.10227167328352603,34,279.63532524516415,316.04812892884536
225,0.10227178812191595,29,97.57130682675768,133.98411051043888
171,0.10227178355590748,31,170.3969141941203,206.80971787780152
239,0.10208501386679564,27,24.74569945939504,61.15850314307636
46,0.10227178909491524,27,24.74569945939504,61.15850314307636
240,0.10227176251775748,31,170.3969141941203,206.80971787780152
85,0.102271835006112,24,-84.4927115916488,-48.079907907967595
70,0.1022718068755892,25,-48.079907907967595,-11.667104224286277
259,0.10227178812191595,42,570.9377547146145,607.3505583982957
30,0.10226419087263515,27,24.74569945939504,61.15850314307636
91,0.10227154755418204,28,61.15850314307636,97.57130682675768
236,0.10227163541707471,28,61.15850314307636,97.57130682675768
137,0.10227171572839412,32,206.80971787780152,243.22252156148272
14,0.10227180097151589,27,24.74569945939504,61.15850314307636
253,0.10227177916166005,32,206.80971787780152,243.22252156148272
164,0.10227178812191595,37,388.873736296208,425.2865399798892
191,0.1022750862834813,26,-11.667104224286277,24.74569945939504
161,0.10228221651058855,26,-11.667104224286277,24.74569945939504
53,0.10227234206847834,27,24.74569945939504,61.15850314307636
99,0.1022719441320086,26,-11.667104224286277,24.74569945939504
-1,0.10227182562926936,21,-193.73112264269275,-157.31831895901144
97,0.10227179210295026,33,243.22252156148272,279.63532524516415
164,0.10227179749875172,25,-48.079907907967595,-11.667104224286277
157,0.1022717475645528,39,461.69934366357063,498.11214734725183
6,0.10227179749875172,25,-48.079907907967595,-11.667104224286277
154,0.10227178812191595,54,1007.8913989187901,1044.3042026024714
252,0.10227184829555697,27,24.74569945939504,61.15850314307636
72,0.10227177984307818,32,206.80971787780152,243.22252156148272
159,0.10227176968287022,28,61.15850314307636,97.57130682675768
246,0.10227178812191595,28,61.15850314307636,97.57130682675768
212,0.10227179749875172,29,97.57130682675768,133.98411051043888
145,0.10223570960179482,27,24.74569945939504,61.15850314307636
15,0.10229113503544154,26,-11.667104224286277,24.74569945939504
45,0.10227089016673489,28,61.15850314307636,97.57130682675768
132,0.10227193676885284,27,24.74569945939504,61.15850314307636
57,0.10227183990584722,27,24.74569945939504,61.15850314307636
76,0.10227185399665831,26,-11.667104224286277,24.74569945939504
78,0.10227181625242843,26,-11.667104224286277,24.74569945939504
196,0.10227176693521073,31,170.3969141941203,206.80971787780152
97,0.10227175929776271,28,61.15850314307636,97.57130682675768
49,0.10227174575194468,29,97.57130682675768,133.98411051043888
145,0.10227174173165778,31,170.3969141941203,206.80971787780152
86,0.10227178812191595,18,-302.9695336937366,-266.5567300100554
151,0.102271773534765,28,61.15850314307636,97.57130682675768
239,0.10227178812191595,136,3993.7413009806564,4030.1541046643374
219,0.10227176978482597,39,461.69934366357063,498.11214734725183
5,0.10227176192607311,42,570.9377547146145,607.3505583982957
79,0.10227178812191595,33,243.22252156148272,279.63532524516415
109,0.10227178812191595,30,133.98411051043888,170.3969141941203
15,0.10227169319677049,30,133.98411051043888,170.3969141941203
115,0.10227178683600502,28,61.15850314307636,97.57130682675768
161,0.10227176696373519,37,388.873736296208,425.2865399798892
105,0.10227177284100762,29,97.57130682675768,133.98411051043888
115,0.10227178812191595,26,-11.667104224286277,24.74569945939504
256,0.10227250812568985,26,-11.667104224286277,24.74569945939504
75,0.10227175081893548,30,133.98411051043888,170.3969141941203
50,0.10227182714766794,27,24.74569945939504,61.15850314307636
226,0.10227167802175706,29,97.57130682675768,133.98411051043888
31,0.10227166024479785,29,97.57130682675768,133.98411051043888
128,0.10227181292987907,31,170.3969141941203,206.80971787780152
154,0.10227221008122793,24,-84.4927115916488,-48.079907907967595
157,0.10227174784343476,32,206.80971787780152,243.22252156148272
197,0.1022717159772742,28,61.15850314307636,97.57130682675768
91,0.10227179159805508,31,170.3969141941203,206.80971787780152
96,0.10227169367847953,29,97.57130682675768,133.98411051043888
26,0.10227178221784199,29,97.57130682675768,133.98411051043888
61,0.10227177916166005,30,133.98411051043888,170.3969141941203
245,0.10227176192578823,38,425.2865399798892,461.69934366357063
131,0.10227178812191595,20,-230.14392632637407,-193.73112264269275
18,0.10227220491430285,26,-11.667104224286277,24.74569945939504
178,0.10227158307127428,28,61.15850314307636,97.57130682675768
219,0.10227185273210301,29,97.57130682675768,133.98411051043888
135,0.10227176697817641,31,170.3969141941203,206.80971787780152
202,0.10227176601022939,26,-11.667104224286277,24.74569945939504
207,0.10227178812191595,26,-11.667104224286277,24.74569945939504
115,0.10227178812191595,27,24.74569945939504,61.15850314307636
36,0.10227178812191595,24,-84.4927115916488,-48.079907907967595
239,0.10227178812191595,20,-230.14392632637407,-193.73112264269275
63,0.10227245307086194,26,-11.667104224286277,24.74569945939504
147,0.10227178812191595,28,61.15850314307636,97.57130682675768
192,0.10227172751399423,28,61.15850314307636,97.57130682675768
1,0.10227171734055984,31,170.3969141941203,206.80971787780152
72,0.10227176261573906,31,170.3969141941203,206.80971787780152
118,0.10227176696373519,31,170.3969141941203,206.80971787780152
191,0.10227171028532361,29,97.57130682675768,133.98411051043888
239,0.10227177284100762,34,279.63532524516415,316.04812892884536
154,0.10227168835676445,33,243.22252156148272,279.63532524516415
77,0.10227181625242843,26,-11.667104224286277,24.74569945939504
109,0.10227179454876914,34,279.63532524516415,316.04812892884536
134,0.10227290963838631,26,-11.667104224286277,24.74569945939504
51,0.10227141634689986,28,61.15850314307636,97.57130682675768
56,0.10227179152307575,28,61.15850314307636,97.57130682675768
219,0.10227179304182872,32,206.80971787780152,243.22252156148272
17,0.10227173914654539,31,170.3969141941203,206.80971787780152
29,0.10227178812191595,33,243.22252156148272,279.63532524516415
247,0.1022717681981227,27,24.74569945939504,61.15850314307636
126,0.10227156635797802,28,61.15850314307636,97.57130682675768
242,0.10227180563400609,27,24.74569945939504,61.15850314307636
259,0.10227171489051991,28,61.15850314307636,97.57130682675768
116,0.10227177634056903,32,206.80971787780152,243.22252156148272
106,0.10227178812191595,24,-84.4927115916488,-48.079907907967595
152,0.10227182598795809,27,24.74569945939504,61.15850314307636
131,0.10227207880462441,24,-84.4927115916488,-48.079907907967595
49,0.10227158890388968,28,61.15850314307636,97.57130682675768
127,0.10227178812191595,42,570.9377547146145,607.3505583982957
41,0.10227178812191595,37,388.873736296208,425.2865399798892
92,0.10227177284100762,34,279.63532524516415,316.04812892884536
61,0.10227173984498532,29,97.57130682675768,133.98411051043888
128,0.10227178221784199,33,243.22252156148272,279.63532524516415
6,0.10227177688319936,34,279.63532524516415,316.04812892884536
70,0.10227180554743343,30,133.98411051043888,170.3969141941203
221,0.10227185644466188,29,97.57130682675768,133.98411051043888
17,0.10227178812191595,22,-157.31831895901144,-120.90551527533012
127,0.10227331293816809,27,24.74569945939504,61.15850314307636
143,0.10227167453881582,36,352.4609326125268,388.873736296208
212,0.10227179749875172,30,133.98411051043888,170.3969141941203
234,0.10227227516160785,26,-11.667104224286277,24.74569945939504
9,0.10227176722445999,28,61.15850314307636,97.57130682675768
228,0.10227163093390199,28,61.15850314307636,97.57130682675768
43,0.10227170230452033,37,388.873736296208,425.2865399798892
222,0.10227179915643377,27,24.74569945939504,61.15850314307636
182,0.10227177835706398,30,133.98411051043888,170.3969141941203
215,0.10227178128482049,37,388.873736296208,425.2865399798892
117,0.10227178812191595,40,498.11214734725183,534.5249510309333
33,0.10227178812191595,25,-48.079907907967595,-11.667104224286277
141,0.10228625869613453,26,-11.667104224286277,24.74569945939504
97,0.10227177570604828,27,24.74569945939504,61.15850314307636
229,0.10225152520635401,28,61.15850314307636,97.57130682675768
41,0.10227171953028744,39,461.69934366357063,498.11214734725183
144,0.10227174900696288,31,170.3969141941203,206.80971787780152
154,0.10201467957403788,27,24.74569945939504,61.15850314307636
114,0.10221164114282137,26,-11.667104224286277,24.74569945939504
76,0.10227178812191595,28,61.15850314307636,97.57130682675768
255,0.10227176693474958,28,61.15850314307636,97.57130682675768
85,0.10227178812191595,38,425.2865399798892,461.69934366357063
137,0.10178565726525204,27,24.74569945939504,61.15850314307636
61,0.10227016819369655,27,24.74569945939504,61.15850314307636
155,0.10227392309774748,26,-11.667104224286277,24.74569945939504
145,0.102271635104581,29,97.57130682675768,133.98411051043888
145,0.1022717642822637,30,133.98411051043888,170.3969141941203
15,0.10227136359251535,28,61.15850314307636,97.57130682675768
208,0.10227178221784199,29,97.57130682675768,133.98411051043888
68,0.10227179749875172,24,-84.4927115916488,-48.079907907967595
157,0.10230237133965217,26,-11.667104224286277,24.74569945939504
79,0.1022972743890581,26,-11.667104224286277,24.74569945939504
78,0.10227182090410804,28,61.15850314307636,97.57130682675768
243,0.10227178812191595,23,-120.90551527533012,-84.4927115916488
199,0.10227178812191595,53,971.4785952351089,1007.8913989187901
88,0.10227178812191595,29,97.57130682675768,133.98411051043888
248,0.10227165246426506,32,206.80971787780152,243.22252156148272
-1,0.10227176696621451,57,1117.1298099698338,1153.5426136535152
49,0.10227178812191595,30,133.98411051043888,170.3969141941203
143,0.1023795244000159,26,-11.667104224286277,24.74569945939504
22,0.10227609868937626,26,-11.667104224286277,24.74569945939504
41,0.10226913890143086,29,97.57130682675768,133.98411051043888
116,0.10227162970588588,29,97.57130682675768,133.98411051043888
25,0.10227177031003316,31,170.3969141941203,206.80971787780152
237,0.10227176995210892,28,61.15850314307636,97.57130682675768
259,0.10227179201975935,30,133.98411051043888,170.3969141941203
171,0.10227178812191595,24,-84.4927115916488,-48.079907907967595
72,0.10254695622184078,26,-11.667104224286277,24.74569945939504
39,0.10227141684352907,29,97.57130682675768,133.98411051043888
249,0.10227177308534866,27,24.74569945939504,61.15850314307636
65,0.10227066081337549,27,24.74569945939504,61.15850314307636
39,0.102271835006112,24,-84.4927115916488,-48.079907907967595
114,0.1022718068755892,25,-48.079907907967595,-11.667104224286277
116,0.10227176696415101,35,316.04812892884536,352.4609326125268
144,0.10227461081269053,26,-11.667104224286277,24.74569945939504
223,0.10227182079345971,27,24.74569945939504,61.15850314307636
239,0.10227178812191595,19,-266.5567300100554,-230.14392632637407
245,0.10227178346556678,31,170.3969141941203,206.80971787780152
34,0.10227176696373519,29,97.57130682675768,133.98411051043888
45,0.10227177754104458,37,388.873736296208,425.2865399798892
208,0.10227179829021671,27,24.74569945939504,61.15850314307636
7,0.10227176914508623,27,24.74569945939504,61.15850314307636
203,0.10227177505439441,27,24.74569945939504,61.15850314307636
183,0.10227177284100762,28,61.15850314307636,97.57130682675768
235,0.10227181625242843,24,-84.4927115916488,-48.079907907967595
162,0.10227177283882495,28,61.15850314307636,97.57130682675768
103,0.10227174513453416,29,97.57130682675768,133.98411051043888
75,0.10227178812191595,23,-120.90551527533012,-84.4927115916488
70,0.10227027671830542,27,24.74569945939504,61.15850314307636
221,0.10227223148576291,26,-11.667104224286277,24.74569945939504
91,0.10227664744267952,26,-11.667104224286277,24.74569945939504
210,0.10227169656132135,32,206.80971787780152,243.22252156148272
56,0.10227178812191595,25,-48.079907907967595,-11.667104224286277
136,0.10227178812191595,25,-48.079907907967595,-11.667104224286277
33,0.10227794101863592,26,-11.667104224286277,24.74569945939504
6,0.10227182720207031,29,97.57130682675768,133.98411051043888
219,0.10227181624546797,31,170.3969141941203,206.80971787780152
52,0.10227177184925199,28,61.15850314307636,97.57130682675768
212,0.10227178812191595,31,170.3969141941203,206.80971787780152
78,0.10227157744968893,27,24.74569945939504,61.15850314307636
137,0.10227178118200704,37,388.873736296208,425.2865399798892
182,0.10227178812191595,28,61.15850314307636,97.57130682675768
155,0.10227176978625509,33,243.22252156148272,279.63532524516415
81,0.10227178812191595,27,24.74569945939504,61.15850314307636
245,0.10227178812191595,24,-84.4927115916488,-48.079907907967595
163,0.102271833230995,27,24.74569945939504,61.15850314307636
86,0.10227169854626665,28,61.15850314307636,97.57130682675768
99,0.10227179852842705,27,24.74569945939504,61.15850314307636
1,0.10227177284100762,30,133.98411051043888,170.3969141941203
127,0.1022939944548356,26,-11.667104224286277,24.74569945939504
118,0.10227302965448597,26,-11.667104224286277,24.74569945939504
102,0.10227176388832591,27,24.74569945939504,61.15850314307636
147,0.10227229397720577,26,-11.667104224286277,24.74569945939504
215,0.10226495543056184,28,61.15850314307636,97.57130682675768
247,0.10227178868534935,28,61.15850314307636,97.57130682675768
41,0.10227178812191595,35,316.04812892884536,352.4609326125268
145,0.1022718068755892,25,-48.079907907967595,-11.667104224286277
229,0.10227178812191595,38,425.2865399798892,461.69934366357063
199,0.10227179128238142,30,133.98411051043888,170.3969141941203
106,0.10226546510393923,28,61.15850314307636,97.57130682675768
133,0.10227207595582326,27,24.74569945939504,61.15850314307636
84,0.10227169394391913,27,24.74569945939504,61.15850314307636
137,0.10227177634056903,40,498.11214734725183,534.5249510309333
41,0.10227175515807,36,352.4609326125268,388.873736296208
44,0.102271758008184,28,61.15850314307636,97.57130682675768
196,0.10227173789326106,30,133.98411051043888,170.3969141941203
51,0.10227110420292115,26,-11.667104224286277,24.74569945939504
64,0.10227045484093991,26,-11.667104224286277,24.74569945939504
180,0.10227145999688605,28,61.15850314307636,97.57130682675768
70,0.10227178802583478,34,279.63532524516415,316.04812892884536
68,0.10227169730427897,38,425.2865399798892,461.69934366357063
10,0.10227179509424185,26,-11.667104224286277,24.74569945939504
150,0.10227179749875172,30,133.98411051043888,170.3969141941203
25,0.10227177284038748,33,243.22252156148272,279.63532524516415
164,0.10225522635086438,28,61.15850314307636,97.57130682675768
70,0.10227162205048981,29,97.57130682675768,133.98411051043888
113,0.10227154120093683,28,61.15850314307636,97.57130682675768
71,0.10227177284532024,38,425.2865399798892,461.69934366357063
154,0.10227178812191595,52,935.0657915514274,971.4785952351089
239,0.10227181625242843,25,-48.079907907967595,-11.667104224286277
168,0.10227174936565743,26,-11.667104224286277,24.74569945939504
87,0.10209489284790685,26,-11.667104224286277,24.74569945939504
45,0.10229455168446755,26,-11.667104224286277,24.74569945939504
198,0.10227224564787782,27,24.74569945939504,61.15850314307636
240,0.10227176696418479,34,279.63532524516415,316.04812892884536
41,0.10227185375980245,25,-48.079907907967595,-11.667104224286277
92,0.10227178812191595,33,243.22252156148272,279.63532524516415
122,0.10227178812191595,31,170.3969141941203,206.80971787780152
85,0.1022563657719658,28,61.15850314307636,97.57130682675768
259,0.10230982841111279,26,-11.667104224286277,24.74569945939504
137,0.10221605619655454,28,61.15850314307636,97.57130682675768
19,0.10227223550861898,26,-11.667104224286277,24.74569945939504
112,0.10227185041815043,26,-11.667104224286277,24.74569945939504
156,0.10227176757479096,27,24.74569945939504,61.15850314307636
170,0.10227179749875172,26,-11.667104224286277,24.74569945939504
28,0.10227177949675602,29,97.57130682675768,133.98411051043888
226,0.10226759727519638,27,24.74569945939504,61.15850314307636
87,0.10226733994880295,28,61.15850314307636,97.57130682675768
116,0.10227181625242843,25,-48.079907907967595,-11.667104224286277
50,0.10227173676145444,28,61.15850314307636,97.57130682675768
85,0.10227168784618151,34,279.63532524516415,316.04812892884536
219,0.10227177032425898,34,279.63532524516415,316.04812892884536
-1,0.10227163165630151,32,206.80971787780152,243.22252156148272
66,0.1022717802855527,27,24.74569945939504,61.15850314307636
55,0.10227178221784199,29,97.57130682675768,133.98411051043888
31,0.10227176192607311,34,279.63532524516415,316.04812892884536
248,0.10227178812191595,20,-230.14392632637407,-193.73112264269275
41,0.10227165321507728,31,170.3969141941203,206.80971787780152
253,0.10225769737062822,27,24.74569945939504,61.15850314307636
141,0.1022713820446515,28,61.15850314307636,97.57130682675768
28,0.10227186898208042,26,-11.667104224286277,24.74569945939504
243,0.10227174043853218,27,24.74569945939504,61.15850314307636
171,0.10227171378440897,29,97.57130682675768,133.98411051043888
24,0.10227179749875172,26,-11.667104224286277,24.74569945939504
43,0.10231039808301856,26,-11.667104224286277,24.74569945939504
9,0.1022716831406226,27,24.74569945939504,61.15850314307636
239,0.1022716524606164,30,133.98411051043888,170.3969141941203
215,0.10227134855729245,29,97.57130682675768,133.98411051043888
251,0.10227177284050107,34,279.63532524516415,316.04812892884536
85,0.10227086482558513,29,97.57130682675768,133.98411051043888
109,0.10227167333353712,28,61.15850314307636,97.57130682675768
170,0.10227171052756591,28,61.15850314307636,97.57130682675768
86,0.10227177197459482,30,133.98411051043888,170.3969141941203
220,0.10227179749875172,25,-48.079907907967595,-11.667104224286277
118,0.10227180447294074,28,61.15850314307636,97.57130682675768
136,0.10227177368662435,31,170.3969141941203,206.80971787780152
106,0.10227175576751633,31,170.3969141941203,206.80971787780152
162,0.10227178812191595,31,170.3969141941203,206.80971787780152
229,0.10227182562926936,25,-48.079907907967595,-11.667104224286277
126,0.10227163785385342,27,24.74569945939504,61.15850314307636
9,0.10227325670163,26,-11.667104224286277,24.74569945939504
84,0.10227192335620257,26,-11.667104224286277,24.74569945939504
256,0.10227178812191595,29,97.57130682675768,133.98411051043888
229,0.10225414946921192,27,24.74569945939504,61.15850314307636
-1,0.10225885336434239,27,24.74569945939504,61.15850314307636
227,0.10232425461984612,26,-11.667104224286277,24.74569945939504
75,0.10219138495200145,27,24.74569945939504,61.15850314307636
46,0.10227260536622665,26,-11.667104224286277,24.74569945939504
225,0.10227179749875172,28,61.15850314307636,97.57130682675768
61,0.1022717728431279,36,352.4609326125268,388.873736296208
131,0.10227176557926906,39,461.69934366357063,498.11214734725183
72,0.102271751564719,33,243.22252156148272,279.63532524516415
151,0.10227178812191595,30,133.98411051043888,170.3969141941203
114,0.10227178221712997,32,206.80971787780152,243.22252156148272
75,0.1022603758058878,28,61.15850314307636,97.57130682675768
182,0.10227198363236802,26,-11.667104224286277,24.74569945939504
59,0.10227181625242843,26,-11.667104224286277,24.74569945939504
152,0.10227175177959237,28,61.15850314307636,97.57130682675768
109,0.10227179749875172,33,243.22252156148272,279.63532524516415
136,0.1022717697865797,32,206.80971787780152,243.22252156148272
235,0.1022717796873407,32,206.80971787780152,243.22252156148272
35,0.10227178812191595,31,170.3969141941203,206.80971787780152
167,0.10227178812191595,26,-11.667104224286277,24.74569945939504
230,0.10227183445217009,27,24.74569945939504,61.15850314307636
127,0.10227178812191595,25,-48.079907907967595,-11.667104224286277
-1,0.1022718302908525,31,170.3969141941203,206.80971787780152
0,0.10227179120331494,27,24.74569945939504,61.15850314307636
133,0.10227177662933461,29,97.57130682675768,133.98411051043888
94,0.10227176696373519,34,279.63532524516415,316.04812892884536
229,0.10227177916240031,39,461.69934366357063,498.11214734725183
143,0.10227178812191595,40,498.11214734725183,534.5249510309333
33,0.10227178812191595,23,-120.90551527533012,-84.4927115916488
15,0.10227178812191595,25,-48.079907907967595,-11.667104224286277
128,0.10227181964458684,29,97.57130682675768,133.98411051043888
137,0.10227141247648015,31,170.3969141941203,206.80971787780152
37,0.10227178221545473,28,61.15850314307636,97.57130682675768
150,0.10227178072069322,37,388.873736296208,425.2865399798892
157,0.10226973897771391,28,61.15850314307636,97.57130682675768
128,0.10227720968347405,27,24.74569945939504,61.15850314307636
79,0.10227434948560574,27,24.74569945939504,61.15850314307636
-1,0.10227272581400443,24,-84.4927115916488,-48.079907907967595
235,0.10226449286527754,28,61.15850314307636,97.57130682675768
61,0.10227142289495186,28,61.15850314307636,97.57130682675768
191,0.10227176696385158,59,1189.9554173371962,1226.3682210208776
25,0.1022717856232492,30,133.98411051043888,170.3969141941203
128,0.10227177284100762,37,388.873736296208,425.2865399798892
114,0.10227179749875172,24,-84.4927115916488,-48.079907907967595
31,0.10227176192636019,38,425.2865399798892,461.69934366357063
154,0.10227178812191595,23,-120.90551527533012,-84.4927115916488
198,0.10227585750336529,26,-11.667104224286277,24.74569945939504
171,0.10225412883760933,27,24.74569945939504,61.15850314307636
154,0.10227155012208163,32,206.80971787780152,243.22252156148272
37,0.10227185820492142,26,-11.667104224286277,24.74569945939504
82,0.10227178812191595,34,279.63532524516415,316.04812892884536
97,0.10227178812191595,30,133.98411051043888,170.3969141941203
41,0.10227176449169463,34,279.63532524516415,316.04812892884536
120,0.10227178952853912,27,24.74569945939504,61.15850314307636
87,0.10227136622069992,29,97.57130682675768,133.98411051043888
-1,0.10227176696627248,56,1080.7170062861528,1117.1298099698338
176,0.10227178812191595,26,-11.667104224286277,24.74569945939504
70,0.10227178569531621,35,316.04812892884536,352.4609326125268
133,0.10227177284100762,30,133.98411051043888,170.3969141941203
239,0.10227176696590902,61,1262.781024704559,1299.1938283882405
87,0.10227178812191595,42,570.9377547146145,607.3505583982957
61,0.10227994386962821,26,-11.667104224286277,24.74569945939504
49,0.10227100302336756,27,24.74569945939504,61.15850314307636
9,0.10227176696445216,31,170.3969141941203,206.80971787780152
32,0.10227178812191595,26,-11.667104224286277,24.74569945939504
244,0.10227180253030643,28,61.15850314307636,97.57130682675768
89,0.10227188256706511,26,-11.667104224286277,24.74569945939504
216,0.10227178894866235,28,61.15850314307636,97.57130682675768
58,0.10227177284790852,31,170.3969141941203,206.80971787780152
113,0.10227398562296526,26,-11.667104224286277,24.74569945939504
116,0.10226964909094864,28,61.15850314307636,97.57130682675768
221,0.10227220903737157,27,24.74569945939504,61.15850314307636
124,0.10227177283951286,29,97.57130682675768,133.98411051043888
8,0.10227178145248043,31,170.3969141941203,206.80971787780152
32,0.10227177285044789,32,206.80971787780152,243.22252156148272
124,0.10227177288008922,28,61.15850314307636,97.57130682675768
85,0.1021679144721679,27,24.74569945939504,61.15850314307636
131,0.1022714088104314,31,170.3969141941203,206.80971787780152
26,0.10227210215130028,26,-11.667104224286277,24.74569945939504
256,0.10227175560277837,27,24.74569945939504,61.15850314307636
184,0.1022718610934764,26,-11.667104224286277,24.74569945939504
-1,0.10227192888657709,33,243.22252156148272,279.63532524516415
106,0.10227171713406889,30,133.98411051043888,170.3969141941203
137,0.10227178812191595,51,898.6529878677462,935.0657915514274
143,0.10227179749875172,34,279.63532524516415,316.04812892884536
128,0.10227178812191595,35,316.04812892884536,352.4609326125268
70,0.10227176696392394,46,716.5889694493397,753.001773133021
109,0.10227178812191595,35,316.04812892884536,352.4609326125268
197,0.1022717797860994,32,206.80971787780152,243.22252156148272
38,0.10227177937366197,28,61.15850314307636,97.57130682675768
86,0.10227178812191595,37,388.873736296208,425.2865399798892
5,0.10227178812191595,25,-48.079907907967595,-11.667104224286277
68,0.10227120084388974,28,61.15850314307636,97.57130682675768
239,0.10227183847888432,33,243.22252156148272,279.63532524516415
31,0.10227156201066892,28,61.15850314307636,97.57130682675768
85,0.10227170923331688,31,170.3969141941203,206.80971787780152
45,0.10227179749875172,29,97.57130682675768,133.98411051043888
97,0.10227178812191595,29,97.57130682675768,133.98411051043888
68,0.10227178812191595,33,243.22252156148272,279.63532524516415
154,0.10227178812191595,39,461.69934366357063,498.11214734725183
25,0.10227293924245222,26,-11.667104224286277,24.74569945939504
58,0.10227411545889592,26,-11.667104224286277,24.74569945939504
206,0.10227304379998622,26,-11.667104224286277,24.74569945939504
229,0.10226896130035648,29,97.57130682675768,133.98411051043888
154,0.10227177634072908,50,862.2401841840648,898.6529878677462
116,0.10227179401966442,30,133.98411051043888,170.3969141941203
249,0.10227178812191595,28,61.15850314307636,97.57130682675768
