pickup_zone,avg_tip_percentage,bkt_passenger_count,passenger_count_start,passenger_count_end
43,0.10227450268263924,2,2.649781677329658,3.974672515994487
133,0.10227293246643208,0,0.0,1.324890838664829
228,0.1022721593646749,1,1.324890838664829,2.649781677329658
128,0.1022725263526259,1,1.324890838664829,2.649781677329658
64,0.10227159017127843,3,3.974672515994487,5.299563354659316
163,0.10227193291908142,1,1.324890838664829,2.649781677329658
81,0.10227181625242843,0,0.0,1.324890838664829
165,0.10227179854020617,2,2.649781677329658,3.974672515994487
117,0.10227729788180435,4,5.299563354659316,6.624454193324145
181,0.10227268322581604,0,0.0,1.324890838664829
241,0.10227178812191595,4,5.299563354659316,6.624454193324145
169,0.10227178812191595,0,0.0,1.324890838664829
103,0.10227198461377957,0,0.0,1.324890838664829
216,0.10227179749875172,4,5.299563354659316,6.624454193324145
225,0.10227178812191595,0,0.0,1.324890838664829
68,0.10227388758722168,1,1.324890838664829,2.649781677329658
25,0.10227239615271291,0,0.0,1.324890838664829
105,0.10227191129563545,3,3.974672515994487,5.299563354659316
109,0.1022718231979662,4,5.299563354659316,6.624454193324145
119,0.10227181434470385,1,1.324890838664829,2.649781677329658
223,0.10227178812191595,2,2.649781677329658,3.974672515994487
95,0.10227190957133458,0,0.0,1.324890838664829
92,0.1022717929196312,4,5.299563354659316,6.624454193324145
210,0.1022718068755892,1,1.324890838664829,2.649781677329658
52,0.10227179749875172,4,5.299563354659316,6.624454193324145
29,0.10227178812191595,4,5.299563354659316,6.624454193324145
69,0.10227178812191595,4,5.299563354659316,6.624454193324145
131,0.10232707988259343,1,1.324890838664829,2.649781677329658
68,0.10227800140902356,0,0.0,1.324890838664829
71,0.10227420579835186,0,0.0,1.324890838664829
165,0.1022719074815104,0,0.0,1.324890838664829
141,0.10227385869683535,1,1.324890838664829,2.649781677329658
193,0.10227441361218682,0,0.0,1.324890838664829
223,0.10227178812191595,4,5.299563354659316,6.624454193324145
128,0.10227185598475924,4,5.299563354659316,6.624454193324145
112,0.10227177338858771,0,0.0,1.324890838664829
239,0.10238699636229051,1,1.324890838664829,2.649781677329658
171,0.10226029809751024,1,1.324890838664829,2.649781677329658
143,0.10227846964022155,3,3.974672515994487,5.299563354659316
193,0.10227189518814772,4,5.299563354659316,6.624454193324145
243,0.10227180528746248,2,2.649781677329658,3.974672515994487
39,0.1023366370168617,0,0.0,1.324890838664829
7,0.1022719402726994,0,0.0,1.324890838664829
76,0.10227178812191595,2,2.649781677329658,3.974672515994487
240,0.10232104769155866,1,1.324890838664829,2.649781677329658
226,0.10227210463151491,3,3.974672515994487,5.299563354659316
160,0.10227181034835542,4,5.299563354659316,6.624454193324145
-1,0.10226837682404155,0,0.0,1.324890838664829
253,0.10227138851528107,2,2.649781677329658,3.974672515994487
238,0.10227177540287613,2,2.649781677329658,3.974672515994487
125,0.10227178812191595,4,5.299563354659316,6.624454193324145
189,0.10227178812191595,3,3.974672515994487,5.299563354659316
141,0.10227728071540784,0,0.0,1.324890838664829
198,0.10227464462353537,0,0.0,1.324890838664829
9,0.10227269981298559,0,0.0,1.324890838664829
70,0.1022726280681756,2,2.649781677329658,3.974672515994487
230,0.10227203528904391,0,0.0,1.324890838664829
144,0.10227206830262249,3,3.974672515994487,5.299563354659316
34,0.10227178723862718,1,1.324890838664829,2.649781677329658
114,0.10227062674305437,2,2.649781677329658,3.974672515994487
236,0.1022725234424116,1,1.324890838664829,2.649781677329658
86,0.10227226301637511,3,3.974672515994487,5.299563354659316
197,0.1022718099258849,4,5.299563354659316,6.624454193324145
19,0.10227181034835542,4,5.299563354659316,6.624454193324145
222,0.10227183369215959,3,3.974672515994487,5.299563354659316
165,0.10227174188701686,4,5.299563354659316,6.624454193324145
121,0.10227178812191595,3,3.974672515994487,5.299563354659316
48,0.10227178812191595,3,3.974672515994487,5.299563354659316
105,0.10227176784135408,4,5.299563354659316,6.624454193324145
186,0.1022717283741951,0,0.0,1.324890838664829
83,0.10227179240364705,0,0.0,1.324890838664829
248,0.1022626688059722,4,5.299563354659316,6.624454193324145
14,0.10227178569905987,0,0.0,1.324890838664829
246,0.1022718068755892,0,0.0,1.324890838664829
154,0.10232207138376963,3,3.974672515994487,5.299563354659316
141,0.1022737977097834,3,3.974672515994487,5.299563354659316
72,0.10230898847727284,1,1.324890838664829,2.649781677329658
220,0.10227162031218767,0,0.0,1.324890838664829
247,0.10227206739183628,0,0.0,1.324890838664829
255,0.10227200500122084,0,0.0,1.324890838664829
13,0.10227179740783901,3,3.974672515994487,5.299563354659316
41,0.10195013948854534,0,0.0,1.324890838664829
245,0.10227273712711453,4,5.299563354659316,6.624454193324145
31,0.10227213868780471,0,0.0,1.324890838664829
196,0.1022716522388259,3,3.974672515994487,5.299563354659316
129,0.1022718287726598,1,1.324890838664829,2.649781677329658
5,0.10227180447108083,0,0.0,1.324890838664829
248,0.10227177514755982,6,7.949345031988974,9.274235870653804
227,0.10227551784765929,3,3.974672515994487,5.299563354659316
56,0.10227186348044309,2,2.649781677329658,3.974672515994487
224,0.10227179749875172,2,2.649781677329658,3.974672515994487
0,0.10227179749875172,2,2.649781677329658,3.974672515994487
94,0.1022719989130382,4,5.299563354659316,6.624454193324145
34,0.10227182513724728,0,0.0,1.324890838664829
49,0.10227463330799669,0,0.0,1.324890838664829
239,0.10230264927753789,2,2.649781677329658,3.974672515994487
235,0.10226914582117282,2,2.649781677329658,3.974672515994487
26,0.1022720914354742,0,0.0,1.324890838664829
9,0.10227186172262887,3,3.974672515994487,5.299563354659316
205,0.10227178812191595,2,2.649781677329658,3.974672515994487
258,0.10227178734532333,0,0.0,1.324890838664829
212,0.10227209486322189,1,1.324890838664829,2.649781677329658
88,0.10227185236780367,3,3.974672515994487,5.299563354659316
257,0.10227202686892871,0,0.0,1.324890838664829
78,0.1022718068755892,3,3.974672515994487,5.299563354659316
8,0.10218675963573251,0,0.0,1.324890838664829
219,0.10227336841978493,0,0.0,1.324890838664829
244,0.1022719045447211,0,0.0,1.324890838664829
152,0.10227231234485613,0,0.0,1.324890838664829
223,0.10227179509424185,3,3.974672515994487,5.299563354659316
213,0.10227178221784199,3,3.974672515994487,5.299563354659316
62,0.10227178328609089,2,2.649781677329658,3.974672515994487
202,0.10227171106786195,0,0.0,1.324890838664829
13,0.10227175390787509,1,1.324890838664829,2.649781677329658
215,0.10215634195143766,0,0.0,1.324890838664829
154,0.10239357618620722,1,1.324890838664829,2.649781677329658
71,0.10227198257345618,4,5.299563354659316,6.624454193324145
50,0.10227177634056903,2,2.649781677329658,3.974672515994487
55,0.10227209678436916,3,3.974672515994487,5.299563354659316
29,0.10227180731423893,3,3.974672515994487,5.299563354659316
14,0.10227174538677561,1,1.324890838664829,2.649781677329658
256,0.10227180577853515,4,5.299563354659316,6.624454193324145
235,0.10226307082536039,3,3.974672515994487,5.299563354659316
75,0.10226295514937815,4,5.299563354659316,6.624454193324145
36,0.10227142526975257,3,3.974672515994487,5.299563354659316
23,0.10227392815554363,0,0.0,1.324890838664829
151,0.1022730404976242,0,0.0,1.324890838664829
103,0.10227179749875172,2,2.649781677329658,3.974672515994487
106,0.1021321566702412,0,0.0,1.324890838664829
39,0.10228602655729298,3,3.974672515994487,5.299563354659316
6,0.10227460728904038,4,5.299563354659316,6.624454193324145
172,0.1022705594426022,3,3.974672515994487,5.299563354659316
175,0.10227184633764222,3,3.974672515994487,5.299563354659316
197,0.10227189538155117,3,3.974672515994487,5.299563354659316
230,0.10227179792568748,2,2.649781677329658,3.974672515994487
136,0.10227024586360595,2,2.649781677329658,3.974672515994487
97,0.10227241428015647,0,0.0,1.324890838664829
53,0.10227260571284692,0,0.0,1.324890838664829
253,0.10227026311003305,0,0.0,1.324890838664829
6,0.10227770299256107,3,3.974672515994487,5.299563354659316
132,0.10227222273001285,1,1.324890838664829,2.649781677329658
221,0.10227224883988092,0,0.0,1.324890838664829
164,0.10215907422479155,0,0.0,1.324890838664829
198,0.10227190401620355,2,2.649781677329658,3.974672515994487
172,0.10226630422691821,1,1.324890838664829,2.649781677329658
216,0.1022727264104553,0,0.0,1.324890838664829
180,0.10227176433215428,2,2.649781677329658,3.974672515994487
118,0.1022727248917272,0,0.0,1.324890838664829
73,0.10227178812191595,4,5.299563354659316,6.624454193324145
181,0.1022717806675363,4,5.299563354659316,6.624454193324145
7,0.1022717937473009,3,3.974672515994487,5.299563354659316
222,0.10227178930056538,4,5.299563354659316,6.624454193324145
39,0.10228059173683425,2,2.649781677329658,3.974672515994487
136,0.10226200093476498,1,1.324890838664829,2.649781677329658
71,0.10227213092014648,1,1.324890838664829,2.649781677329658
175,0.10227219400784708,0,0.0,1.324890838664829
216,0.10227186509499107,3,3.974672515994487,5.299563354659316
10,0.1022717932095996,0,0.0,1.324890838664829
1,0.10227173368043688,0,0.0,1.324890838664829
43,0.10227586186290585,3,3.974672515994487,5.299563354659316
243,0.10227184522666471,1,1.324890838664829,2.649781677329658
103,0.10227195101577759,1,1.324890838664829,2.649781677329658
248,0.10227177916166005,5,6.624454193324145,7.949345031988974
189,0.10227178812191595,0,0.0,1.324890838664829
154,0.10227393341563948,4,5.299563354659316,6.624454193324145
164,0.10226732567131926,4,5.299563354659316,6.624454193324145
70,0.10229143266923871,0,0.0,1.324890838664829
134,0.10227203840405122,1,1.324890838664829,2.649781677329658
206,0.10227184461120951,4,5.299563354659316,6.624454193324145
129,0.10227177634056903,4,5.299563354659316,6.624454193324145
83,0.10227179749875172,4,5.299563354659316,6.624454193324145
174,0.10227178221518027,2,2.649781677329658,3.974672515994487
9,0.10227199619853404,1,1.324890838664829,2.649781677329658
184,0.10227178812191595,1,1.324890838664829,2.649781677329658
245,0.10229220813778778,0,0.0,1.324890838664829
70,0.10227371066973152,3,3.974672515994487,5.299563354659316
91,0.10227539883118134,0,0.0,1.324890838664829
143,0.10227452531555298,2,2.649781677329658,3.974672515994487
236,0.10227218812842938,3,3.974672515994487,5.299563354659316
58,0.10227211728405282,1,1.324890838664829,2.649781677329658
142,0.10227178026035538,2,2.649781677329658,3.974672515994487
203,0.10227182562926936,1,1.324890838664829,2.649781677329658
75,0.10223465932241262,1,1.324890838664829,2.649781677329658
74,0.10227272925397021,0,0.0,1.324890838664829
236,0.10227194008278041,4,5.299563354659316,6.624454193324145
194,0.10227189168380325,1,1.324890838664829,2.649781677329658
212,0.10227178606296285,3,3.974672515994487,5.299563354659316
150,0.10227218905679221,3,3.974672515994487,5.299563354659316
44,0.1022718068755892,1,1.324890838664829,2.649781677329658
129,0.102271835006112,2,2.649781677329658,3.974672515994487
204,0.10227177294220569,2,2.649781677329658,3.974672515994487
127,0.10228872581378219,0,0.0,1.324890838664829
51,0.1022714508514406,2,2.649781677329658,3.974672515994487
251,0.10227176233228731,1,1.324890838664829,2.649781677329658
102,0.10227175802216709,0,0.0,1.324890838664829
240,0.10227177866245392,6,7.949345031988974,9.274235870653804
210,0.10227177284100762,4,5.299563354659316,6.624454193324145
8,0.10227177284100762,5,6.624454193324145,7.949345031988974
56,0.10227205057509017,1,1.324890838664829,2.649781677329658
234,0.10227178812191595,4,5.299563354659316,6.624454193324145
131,0.10227176693439967,6,7.949345031988974,9.274235870653804
137,0.10227178812191595,6,7.949345031988974,9.274235870653804
184,0.10227176975635222,4,5.299563354659316,6.624454193324145
85,0.10227489263449945,2,2.649781677329658,3.974672515994487
-1,0.10227807343646958,2,2.649781677329658,3.974672515994487
253,0.10227172778615559,4,5.299563354659316,6.624454193324145
126,0.1022758386689632,0,0.0,1.324890838664829
229,0.10232270935791418,3,3.974672515994487,5.299563354659316
116,0.10227963190660702,2,2.649781677329658,3.974672515994487
50,0.10227187073933229,0,0.0,1.324890838664829
18,0.10227195951653625,0,0.0,1.324890838664829
196,0.10227146764931826,0,0.0,1.324890838664829
220,0.1022717272230796,3,3.974672515994487,5.299563354659316
28,0.10227182562926936,3,3.974672515994487,5.299563354659316
240,0.10230046919910822,3,3.974672515994487,5.299563354659316
180,0.10227207589769594,3,3.974672515994487,5.299563354659316
69,0.10227182106155049,3,3.974672515994487,5.299563354659316
7,0.10227179201628808,1,1.324890838664829,2.649781677329658
105,0.10227288494944405,0,0.0,1.324890838664829
137,0.10225636104539683,4,5.299563354659316,6.624454193324145
243,0.10227177798758315,4,5.299563354659316,6.624454193324145
107,0.10227178761480617,0,0.0,1.324890838664829
220,0.10227170567700841,2,2.649781677329658,3.974672515994487
96,0.10227294330811242,3,3.974672515994487,5.299563354659316
94,0.10227270636237433,1,1.324890838664829,2.649781677329658
22,0.10227185174257075,2,2.649781677329658,3.974672515994487
51,0.10227143799060376,4,5.299563354659316,6.624454193324145
150,0.10227193113421629,4,5.299563354659316,6.624454193324145
118,0.10227181072960796,2,2.649781677329658,3.974672515994487
77,0.10227177978687504,1,1.324890838664829,2.649781677329658
171,0.10226649458501799,3,3.974672515994487,5.299563354659316
72,0.10228064342397832,4,5.299563354659316,6.624454193324145
151,0.10227187598628026,2,2.649781677329658,3.974672515994487
116,0.10229672900607076,1,1.324890838664829,2.649781677329658
199,0.10227186306030427,4,5.299563354659316,6.624454193324145
122,0.10227179727425674,2,2.649781677329658,3.974672515994487
239,0.10227177786853535,5,6.624454193324145,7.949345031988974
5,0.10227172195951587,1,1.324890838664829,2.649781677329658
41,0.10227176978482597,5,6.624454193324145,7.949345031988974
226,0.10227083823412708,1,1.324890838664829,2.649781677329658
234,0.10227219766322508,0,0.0,1.324890838664829
93,0.10227203782281066,1,1.324890838664829,2.649781677329658
19,0.10227181046867757,2,2.649781677329658,3.974672515994487
184,0.10227178812191595,3,3.974672515994487,5.299563354659316
241,0.10227178812191595,3,3.974672515994487,5.299563354659316
248,0.10225754950380143,3,3.974672515994487,5.299563354659316
137,0.10223631788874406,3,3.974672515994487,5.299563354659316
150,0.10227207398182579,2,2.649781677329658,3.974672515994487
212,0.10227285753937021,0,0.0,1.324890838664829
181,0.10227184986976419,2,2.649781677329658,3.974672515994487
45,0.102273463574285,2,2.649781677329658,3.974672515994487
158,0.10227189023020103,3,3.974672515994487,5.299563354659316
52,0.10227182274951346,1,1.324890838664829,2.649781677329658
47,0.10227176560182184,1,1.324890838664829,2.649781677329658
17,0.10227179159467807,2,2.649781677329658,3.974672515994487
119,0.1022718575368097,2,2.649781677329658,3.974672515994487
183,0.10227177979035287,0,0.0,1.324890838664829
195,0.10227179055969111,0,0.0,1.324890838664829
57,0.10227178812191595,4,5.299563354659316,6.624454193324145
136,0.10218675210884604,0,0.0,1.324890838664829
129,0.10227203688828108,0,0.0,1.324890838664829
188,0.10227179685306978,4,5.299563354659316,6.624454193324145
90,0.10227182965316496,0,0.0,1.324890838664829
78,0.10227160156985375,0,0.0,1.324890838664829
58,0.10227319853311077,0,0.0,1.324890838664829
19,0.10227201081094527,0,0.0,1.324890838664829
242,0.10227179161198374,2,2.649781677329658,3.974672515994487
149,0.10227177692437688,0,0.0,1.324890838664829
88,0.10227179159467807,4,5.299563354659316,6.624454193324145
168,0.10227174777532896,0,0.0,1.324890838664829
74,0.10227184440511974,2,2.649781677329658,3.974672515994487
49,0.10227216894136668,3,3.974672515994487,5.299563354659316
64,0.10227164147920154,4,5.299563354659316,6.624454193324145
58,0.10227204767783216,3,3.974672515994487,5.299563354659316
71,0.10227192647554453,3,3.974672515994487,5.299563354659316
162,0.102271819723014,4,5.299563354659316,6.624454193324145
125,0.10227183116477839,0,0.0,1.324890838664829
244,0.10227185375980245,1,1.324890838664829,2.649781677329658
145,0.10227179749875172,6,7.949345031988974,9.274235870653804
245,0.10227541126341336,1,1.324890838664829,2.649781677329658
92,0.10227180914163113,1,1.324890838664829,2.649781677329658
241,0.10227169230743174,0,0.0,1.324890838664829
229,0.10227179295573088,6,7.949345031988974,9.274235870653804
222,0.10227178812191595,2,2.649781677329658,3.974672515994487
148,0.10227178812191595,1,1.324890838664829,2.649781677329658
13,0.1022717822399562,2,2.649781677329658,3.974672515994487
141,0.10227195861639983,4,5.299563354659316,6.624454193324145
92,0.10227178292037989,2,2.649781677329658,3.974672515994487
-1,0.10227182910203964,5,6.624454193324145,7.949345031988974
248,0.10202765479803522,0,0.0,1.324890838664829
131,0.10229129981709607,3,3.974672515994487,5.299563354659316
46,0.10227177189440267,4,5.299563354659316,6.624454193324145
79,0.10229114858713674,0,0.0,1.324890838664829
49,0.10227183791749492,1,1.324890838664829,2.649781677329658
91,0.10227209035724258,3,3.974672515994487,5.299563354659316
171,0.10226841671797131,4,5.299563354659316,6.624454193324145
143,0.10235292442625299,0,0.0,1.324890838664829
36,0.10227142797296436,1,1.324890838664829,2.649781677329658
135,0.10227215446056238,1,1.324890838664829,2.649781677329658
244,0.10227181625242843,3,3.974672515994487,5.299563354659316
132,0.10227384072040394,0,0.0,1.324890838664829
154,0.10227178560119891,6,7.949345031988974,9.274235870653804
159,0.10227178733454528,3,3.974672515994487,5.299563354659316
65,0.10228330470095572,0,0.0,1.324890838664829
25,0.10227208934113573,1,1.324890838664829,2.649781677329658
155,0.10227355363532026,0,0.0,1.324890838664829
88,0.10227181469107194,1,1.324890838664829,2.649781677329658
156,0.10227182425241714,0,0.0,1.324890838664829
256,0.10227177631376697,2,2.649781677329658,3.974672515994487
227,0.10227397217746155,2,2.649781677329658,3.974672515994487
157,0.10227284696938345,2,2.649781677329658,3.974672515994487
56,0.10227349914816637,0,0.0,1.324890838664829
220,0.10227179269460786,4,5.299563354659316,6.624454193324145
92,0.10227189909919077,3,3.974672515994487,5.299563354659316
75,0.10207683310378207,0,0.0,1.324890838664829
206,0.1022717991160131,2,2.649781677329658,3.974672515994487
256,0.10227185228814077,1,1.324890838664829,2.649781677329658
153,0.10227177944901095,0,0.0,1.324890838664829
170,0.10227178812191595,3,3.974672515994487,5.299563354659316
122,0.10227178360539131,4,5.299563354659316,6.624454193324145
136,0.10226862211849859,4,5.299563354659316,6.624454193324145
8,0.10226692511820047,3,3.974672515994487,5.299563354659316
219,0.10227218790982848,1,1.324890838664829,2.649781677329658
238,0.10227180625183122,3,3.974672515994487,5.299563354659316
18,0.10227177284100762,4,5.299563354659316,6.624454193324145
194,0.1022717922173037,3,3.974672515994487,5.299563354659316
36,0.10226859271250716,0,0.0,1.324890838664829
37,0.10227179749875172,1,1.324890838664829,2.649781677329658
226,0.10227177217833043,4,5.299563354659316,6.624454193324145
109,0.10227182079345971,2,2.649781677329658,3.974672515994487
241,0.10227178812191595,2,2.649781677329658,3.974672515994487
58,0.10227192981216635,2,2.649781677329658,3.974672515994487
86,0.10227199134862884,4,5.299563354659316,6.624454193324145
6,0.10227178362047007,6,7.949345031988974,9.274235870653804
51,0.10226846959122478,0,0.0,1.324890838664829
147,0.10227184920819098,1,1.324890838664829,2.649781677329658
61,0.10227205035159712,4,5.299563354659316,6.624454193324145
197,0.10227176919962964,2,2.649781677329658,3.974672515994487
135,0.10227185772078033,4,5.299563354659316,6.624454193324145
249,0.1022718068755892,4,5.299563354659316,6.624454193324145
72,0.10246178915109895,0,0.0,1.324890838664829
106,0.10226600565386025,4,5.299563354659316,6.624454193324145
126,0.10227232610219156,3,3.974672515994487,5.299563354659316
26,0.10227183271740437,1,1.324890838664829,2.649781677329658
96,0.10227269617447729,2,2.649781677329658,3.974672515994487
150,0.10227226113297587,1,1.324890838664829,2.649781677329658
228,0.10227187151477318,2,2.649781677329658,3.974672515994487
206,0.10227186327890331,1,1.324890838664829,2.649781677329658
91,0.10227190140575691,4,5.299563354659316,6.624454193324145
178,0.10227182234305152,3,3.974672515994487,5.299563354659316
165,0.10227185212176655,1,1.324890838664829,2.649781677329658
145,0.10226863081080853,4,5.299563354659316,6.624454193324145
147,0.1022718068755892,2,2.649781677329658,3.974672515994487
25,0.10227178715517915,2,2.649781677329658,3.974672515994487
249,0.10227182578598114,2,2.649781677329658,3.974672515994487
151,0.10227203296176914,3,3.974672515994487,5.299563354659316
33,0.10227206167704982,4,5.299563354659316,6.624454193324145
61,0.10227224876246128,2,2.649781677329658,3.974672515994487
203,0.10227182466564445,3,3.974672515994487,5.299563354659316
252,0.10227179749875172,2,2.649781677329658,3.974672515994487
95,0.10227179749875172,3,3.974672515994487,5.299563354659316
130,0.10227232619452352,0,0.0,1.324890838664829
46,0.10227188883591735,3,3.974672515994487,5.299563354659316
158,0.10227198955251605,1,1.324890838664829,2.649781677329658
221,0.10227189075457013,1,1.324890838664829,2.649781677329658
202,0.10227178812191595,2,2.649781677329658,3.974672515994487
43,0.10227685029051607,1,1.324890838664829,2.649781677329658
74,0.10227181026111379,4,5.299563354659316,6.624454193324145
16,0.10227177838264997,1,1.324890838664829,2.649781677329658
41,0.10226473065256779,4,5.299563354659316,6.624454193324145
8,0.10227160347038386,2,2.649781677329658,3.974672515994487
49,0.10227191067586631,4,5.299563354659316,6.624454193324145
155,0.10227181193192984,4,5.299563354659316,6.624454193324145
252,0.10227178812191595,4,5.299563354659316,6.624454193324145
248,0.1022667730149403,2,2.649781677329658,3.974672515994487
240,0.10227811140322418,4,5.299563354659316,6.624454193324145
219,0.1022717317937061,4,5.299563354659316,6.624454193324145
17,0.10227181665694177,1,1.324890838664829,2.649781677329658
113,0.10227139465932196,0,0.0,1.324890838664829
68,0.10227210845813946,4,5.299563354659316,6.624454193324145
120,0.10227181179180468,0,0.0,1.324890838664829
119,0.1022718018128405,0,0.0,1.324890838664829
155,0.10227196887723063,1,1.324890838664829,2.649781677329658
147,0.10227181034835542,4,5.299563354659316,6.624454193324145
34,0.10227178812191595,4,5.299563354659316,6.624454193324145
75,0.10225462767250042,3,3.974672515994487,5.299563354659316
106,0.1022514155243252,1,1.324890838664829,2.649781677329658
86,0.10227188974944457,2,2.649781677329658,3.974672515994487
126,0.10227243697774922,1,1.324890838664829,2.649781677329658
126,0.10227192355510377,4,5.299563354659316,6.624454193324145
54,0.102271813825158,0,0.0,1.324890838664829
200,0.10227178812191595,0,0.0,1.324890838664829
243,0.10227205938732488,0,0.0,1.324890838664829
0,0.10227199946477628,0,0.0,1.324890838664829
257,0.1022718068755892,2,2.649781677329658,3.974672515994487
70,0.10227261333308602,4,5.299563354659316,6.624454193324145
178,0.10227237681528907,0,0.0,1.324890838664829
74,0.10227196363055643,3,3.974672515994487,5.299563354659316
237,0.1022722785637797,0,0.0,1.324890838664829
0,0.10227182055089629,1,1.324890838664829,2.649781677329658
249,0.10227184817418572,1,1.324890838664829,2.649781677329658
34,0.1022718068755892,2,2.649781677329658,3.974672515994487
45,0.10227226599127215,4,5.299563354659316,6.624454193324145
62,0.10227180259550742,1,1.324890838664829,2.649781677329658
130,0.10227177675714681,4,5.299563354659316,6.624454193324145
26,0.10227184963220728,3,3.974672515994487,5.299563354659316
69,0.10227176327950945,1,1.324890838664829,2.649781677329658
54,0.10227178812191595,4,5.299563354659316,6.624454193324145
97,0.10227185396568209,1,1.324890838664829,2.649781677329658
238,0.10227181034835542,4,5.299563354659316,6.624454193324145
53,0.10227203492167664,3,3.974672515994487,5.299563354659316
23,0.10227189593791078,3,3.974672515994487,5.299563354659316
252,0.10227178751159281,1,1.324890838664829,2.649781677329658
122,0.10227185628093266,0,0.0,1.324890838664829
35,0.10227182811506627,2,2.649781677329658,3.974672515994487
109,0.10227182804618833,3,3.974672515994487,5.299563354659316
98,0.10227179159467807,0,0.0,1.324890838664829
94,0.10227604062682502,0,0.0,1.324890838664829
127,0.10227267749361228,4,5.299563354659316,6.624454193324145
191,0.10227174397483807,2,2.649781677329658,3.974672515994487
132,0.10227198435217763,2,2.649781677329658,3.974672515994487
50,0.10227185082680473,1,1.324890838664829,2.649781677329658
256,0.10227179264247412,3,3.974672515994487,5.299563354659316
116,0.10228588392392741,3,3.974672515994487,5.299563354659316
37,0.10227188258280562,0,0.0,1.324890838664829
139,0.10227178173178773,0,0.0,1.324890838664829
237,0.10227193739976431,1,1.324890838664829,2.649781677329658
236,0.10227193936915895,2,2.649781677329658,3.974672515994487
210,0.10227165086326415,0,0.0,1.324890838664829
180,0.10227169301475997,4,5.299563354659316,6.624454193324145
130,0.10227188878638081,3,3.974672515994487,5.299563354659316
133,0.10227179118366893,4,5.299563354659316,6.624454193324145
60,0.10227177916166005,3,3.974672515994487,5.299563354659316
174,0.10227178918796577,1,1.324890838664829,2.649781677329658
251,0.10227179749875172,2,2.649781677329658,3.974672515994487
89,0.10227180678438581,1,1.324890838664829,2.649781677329658
252,0.10227204533688851,0,0.0,1.324890838664829
188,0.10227223750093808,1,1.324890838664829,2.649781677329658
29,0.10227176696373519,2,2.649781677329658,3.974672515994487
246,0.10227178812191595,1,1.324890838664829,2.649781677329658
157,0.10227288478954619,3,3.974672515994487,5.299563354659316
88,0.1022717518546848,2,2.649781677329658,3.974672515994487
201,0.10227201525809133,1,1.324890838664829,2.649781677329658
50,0.10227181625242843,3,3.974672515994487,5.299563354659316
90,0.10227178812191595,2,2.649781677329658,3.974672515994487
188,0.1022719839445982,3,3.974672515994487,5.299563354659316
208,0.10227179159467807,3,3.974672515994487,5.299563354659316
208,0.10227181973365318,1,1.324890838664829,2.649781677329658
255,0.1022717989950605,2,2.649781677329658,3.974672515994487
80,0.10227178812191595,0,0.0,1.324890838664829
191,0.10227131759743603,1,1.324890838664829,2.649781677329658
238,0.1022722940032847,0,0.0,1.324890838664829
51,0.10227131011787814,3,3.974672515994487,5.299563354659316
133,0.10227200128809605,1,1.324890838664829,2.649781677329658
117,0.10236362809378523,0,0.0,1.324890838664829
85,0.10226915481628154,4,5.299563354659316,6.624454193324145
106,0.10226772133741083,2,2.649781677329658,3.974672515994487
152,0.10227178400970299,2,2.649781677329658,3.974672515994487
232,0.10227173904375779,3,3.974672515994487,5.299563354659316
96,0.10228289573769674,0,0.0,1.324890838664829
201,0.10227296579076768,0,0.0,1.324890838664829
161,0.10228000213550097,0,0.0,1.324890838664829
33,0.10227255786351298,1,1.324890838664829,2.649781677329658
242,0.10227192982045422,0,0.0,1.324890838664829
76,0.10227178187381666,0,0.0,1.324890838664829
251,0.10227188450623738,0,0.0,1.324890838664829
159,0.10227178812191595,2,2.649781677329658,3.974672515994487
146,0.10227178812191595,1,1.324890838664829,2.649781677329658
61,0.10227271142550472,1,1.324890838664829,2.649781677329658
158,0.10227183849619,2,2.649781677329658,3.974672515994487
103,0.10227179159467807,4,5.299563354659316,6.624454193324145
237,0.10227180097151589,4,5.299563354659316,6.624454193324145
109,0.10227188183719728,1,1.324890838664829,2.649781677329658
117,0.10232722275729836,1,1.324890838664829,2.649781677329658
15,0.10227300980887453,3,3.974672515994487,5.299563354659316
143,0.10227492696011031,4,5.299563354659316,6.624454193324145
129,0.10227181867962298,3,3.974672515994487,5.299563354659316
84,0.10227177987048783,1,1.324890838664829,2.649781677329658
175,0.10227193433165936,1,1.324890838664829,2.649781677329658
114,0.1021873146847452,0,0.0,1.324890838664829
94,0.10227195644562347,2,2.649781677329658,3.974672515994487
165,0.10227175602548655,3,3.974672515994487,5.299563354659316
91,0.10227193038319356,2,2.649781677329658,3.974672515994487
255,0.10227175324915697,3,3.974672515994487,5.299563354659316
195,0.10227178812191595,2,2.649781677329658,3.974672515994487
78,0.10227178812191595,4,5.299563354659316,6.624454193324145
8,0.10226394789855173,1,1.324890838664829,2.649781677329658
85,0.10227081200755804,1,1.324890838664829,2.649781677329658
191,0.10227344498157133,0,0.0,1.324890838664829
105,0.10227183091406501,2,2.649781677329658,3.974672515994487
125,0.10227180097151589,1,1.324890838664829,2.649781677329658
175,0.10227180204211339,4,5.299563354659316,6.624454193324145
75,0.10227170642201004,6,7.949345031988974,9.274235870653804
102,0.10227178812191595,3,3.974672515994487,5.299563354659316
35,0.1022720515503048,1,1.324890838664829,2.649781677329658
245,0.10227327700792502,2,2.649781677329658,3.974672515994487
118,0.10227192038458334,1,1.324890838664829,2.649781677329658
31,0.10227182976882508,3,3.974672515994487,5.299563354659316
130,0.10227186406892798,1,1.324890838664829,2.649781677329658
156,0.1022718068755892,3,3.974672515994487,5.299563354659316
253,0.10226897169149177,1,1.324890838664829,2.649781677329658
15,0.10228417512413636,0,0.0,1.324890838664829
28,0.10227181359812505,0,0.0,1.324890838664829
213,0.10227180437662517,0,0.0,1.324890838664829
203,0.10227177839619438,2,2.649781677329658,3.974672515994487
89,0.10227190480931721,0,0.0,1.324890838664829
190,0.10227176699461742,0,0.0,1.324890838664829
0,0.10227182562926936,4,5.299563354659316,6.624454193324145
199,0.10227356350277113,0,0.0,1.324890838664829
63,0.10227180895252756,3,3.974672515994487,5.299563354659316
23,0.10227180706494116,2,2.649781677329658,3.974672515994487
205,0.1022718068755892,0,0.0,1.324890838664829
17,0.10227177956708439,4,5.299563354659316,6.624454193324145
144,0.10227383663772863,0,0.0,1.324890838664829
150,0.10227496802294381,0,0.0,1.324890838664829
117,0.10227171457888601,6,7.949345031988974,9.274235870653804
192,0.10227179082450567,4,5.299563354659316,6.624454193324145
257,0.10227179749875172,3,3.974672515994487,5.299563354659316
224,0.10227177673282704,0,0.0,1.324890838664829
145,0.10221546764393385,0,0.0,1.324890838664829
55,0.10227237911288625,1,1.324890838664829,2.649781677329658
99,0.10227190600199482,0,0.0,1.324890838664829
131,0.10227178812191595,5,6.624454193324145,7.949345031988974
54,0.10227178812191595,3,3.974672515994487,5.299563354659316
52,0.10227216396191817,0,0.0,1.324890838664829
12,0.10227187712102413,0,0.0,1.324890838664829
142,0.10227179749875172,1,1.324890838664829,2.649781677329658
14,0.1022718068755892,2,2.649781677329658,3.974672515994487
29,0.10227180056016909,1,1.324890838664829,2.649781677329658
163,0.10227192877463306,3,3.974672515994487,5.299563354659316
133,0.10227186738586569,2,2.649781677329658,3.974672515994487
117,0.10227177616294421,5,6.624454193324145,7.949345031988974
180,0.10227186945553905,1,1.324890838664829,2.649781677329658
191,0.10227219435992245,3,3.974672515994487,5.299563354659316
35,0.10227175455401595,4,5.299563354659316,6.624454193324145
30,0.10227138001402508,3,3.974672515994487,5.299563354659316
57,0.10227194373937788,0,0.0,1.324890838664829
54,0.10227178812191595,1,1.324890838664829,2.649781677329658
49,0.10227190221403709,2,2.649781677329658,3.974672515994487
31,0.10227167151586018,1,1.324890838664829,2.649781677329658
172,0.10227063588525648,4,5.299563354659316,6.624454193324145
106,0.10226280599068381,3,3.974672515994487,5.299563354659316
96,0.10227250015906778,4,5.299563354659316,6.624454193324145
52,0.10227177135987964,3,3.974672515994487,5.299563354659316
59,0.10227178812191595,1,1.324890838664829,2.649781677329658
69,0.10227179757686033,2,2.649781677329658,3.974672515994487
144,0.10227187941582327,4,5.299563354659316,6.624454193324145
163,0.10227248517886182,0,0.0,1.324890838664829
128,0.10227431392254946,0,0.0,1.324890838664829
201,0.10227190185020214,2,2.649781677329658,3.974672515994487
240,0.1022717822473608,5,6.624454193324145,7.949345031988974
82,0.10227181361807063,0,0.0,1.324890838664829
136,0.10226651652995569,3,3.974672515994487,5.299563354659316
30,0.10226748499602202,0,0.0,1.324890838664829
199,0.10227217397018158,1,1.324890838664829,2.649781677329658
162,0.1022718068755892,2,2.649781677329658,3.974672515994487
182,0.10227179749875172,2,2.649781677329658,3.974672515994487
215,0.10226835399831911,4,5.299563354659316,6.624454193324145
188,0.10227182732228009,2,2.649781677329658,3.974672515994487
56,0.10227193940164425,3,3.974672515994487,5.299563354659316
60,0.10227178349382053,0,0.0,1.324890838664829
137,0.10190776315358806,0,0.0,1.324890838664829
88,0.10227209236066007,0,0.0,1.324890838664829
196,0.10227181455780016,2,2.649781677329658,3.974672515994487
12,0.10227178812191595,1,1.324890838664829,2.649781677329658
45,0.10227617331552435,1,1.324890838664829,2.649781677329658
105,0.10227193357421664,1,1.324890838664829,2.649781677329658
73,0.10227198448855894,0,0.0,1.324890838664829
113,0.10227162256339511,3,3.974672515994487,5.299563354659316
87,0.10210228521473672,0,0.0,1.324890838664829
65,0.10227254076638913,4,5.299563354659316,6.624454193324145
46,0.10227191833352009,1,1.324890838664829,2.649781677329658
72,0.10227170888757649,5,6.624454193324145,7.949345031988974
2,0.10227177523116728,0,0.0,1.324890838664829
6,0.10228129784589622,1,1.324890838664829,2.649781677329658
15,0.10227216663392287,4,5.299563354659316,6.624454193324145
220,0.10227178133339446,1,1.324890838664829,2.649781677329658
144,0.10227224323346858,1,1.324890838664829,2.649781677329658
112,0.10227178812191595,2,2.649781677329658,3.974672515994487
222,0.10227178340720307,1,1.324890838664829,2.649781677329658
141,0.10227314051502638,2,2.649781677329658,3.974672515994487
236,0.10227462980357206,0,0.0,1.324890838664829
252,0.10227181625242843,3,3.974672515994487,5.299563354659316
134,0.10227183222028763,2,2.649781677329658,3.974672515994487
158,0.10227178812191595,4,5.299563354659316,6.624454193324145
73,0.10227181729389166,1,1.324890838664829,2.649781677329658
152,0.1022717875535914,3,3.974672515994487,5.299563354659316
75,0.10226495747490064,2,2.649781677329658,3.974672515994487
113,0.10227069623186989,1,1.324890838664829,2.649781677329658
139,0.10227176994290432,1,1.324890838664829,2.649781677329658
116,0.10227915549835216,4,5.299563354659316,6.624454193324145
35,0.10227182373193267,3,3.974672515994487,5.299563354659316
152,0.10227192714834211,1,1.324890838664829,2.649781677329658
175,0.10227181212482445,2,2.649781677329658,3.974672515994487
148,0.1022717999079025,0,0.0,1.324890838664829
234,0.10227179749875172,3,3.974672515994487,5.299563354659316
131,0.10227709506806792,4,5.299563354659316,6.624454193324145
179,0.102271775765838,0,0.0,1.324890838664829
259,0.10227686730413253,1,1.324890838664829,2.649781677329658
97,0.10227175756266689,2,2.649781677329658,3.974672515994487
66,0.10227179903922452,0,0.0,1.324890838664829
63,0.1022722936346808,0,0.0,1.324890838664829
225,0.1022718068755892,1,1.324890838664829,2.649781677329658
123,0.10227177284100762,1,1.324890838664829,2.649781677329658
215,0.10226806002895694,1,1.324890838664829,2.649781677329658
30,0.10227166860294602,2,2.649781677329658,3.974672515994487
128,0.10227199280594913,2,2.649781677329658,3.974672515994487
234,0.10227184614599782,1,1.324890838664829,2.649781677329658
112,0.10227179159467807,1,1.324890838664829,2.649781677329658
182,0.10227178812191595,3,3.974672515994487,5.299563354659316
53,0.1022721243561277,1,1.324890838664829,2.649781677329658
4,0.10227178963673518,1,1.324890838664829,2.649781677329658
7,0.10227178221784199,4,5.299563354659316,6.624454193324145
20,0.1022718068755892,3,3.974672515994487,5.299563354659316
159,0.1022718068755892,1,1.324890838664829,2.649781677329658
41,0.10227641006534663,3,3.974672515994487,5.299563354659316
60,0.10227176696373519,1,1.324890838664829,2.649781677329658
131,0.10239900811264621,0,0.0,1.324890838664829
157,0.10227388280309055,1,1.324890838664829,2.649781677329658
79,0.10227364086651067,3,3.974672515994487,5.299563354659316
53,0.10227195550038501,2,2.649781677329658,3.974672515994487
73,0.10227181625242843,3,3.974672515994487,5.299563354659316
222,0.10227187221722225,0,0.0,1.324890838664829
208,0.10227189206419672,0,0.0,1.324890838664829
77,0.10227181062907856,0,0.0,1.324890838664829
99,0.10227179465086031,3,3.974672515994487,5.299563354659316
-1,0.10227184338683773,6,7.949345031988974,9.274235870653804
192,0.10227179892985082,2,2.649781677329658,3.974672515994487
211,0.1022718068755892,0,0.0,1.324890838664829
113,0.10227183427160551,4,5.299563354659316,6.624454193324145
26,0.102271835006112,4,5.299563354659316,6.624454193324145
161,0.10227216480455928,2,2.649781677329658,3.974672515994487
13,0.10227195697659679,0,0.0,1.324890838664829
237,0.10227188509189983,3,3.974672515994487,5.299563354659316
90,0.10227178812191595,3,3.974672515994487,5.299563354659316
259,0.102299794686849,0,0.0,1.324890838664829
178,0.10227179929192086,4,5.299563354659316,6.624454193324145
239,0.10227180563929104,6,7.949345031988974,9.274235870653804
230,0.10227178812191595,3,3.974672515994487,5.299563354659316
245,0.10227392290249435,3,3.974672515994487,5.299563354659316
172,0.10227151557312851,2,2.649781677329658,3.974672515994487
226,0.10227226494748731,2,2.649781677329658,3.974672515994487
216,0.1022719487209822,1,1.324890838664829,2.649781677329658
63,0.10227186310047617,2,2.649781677329658,3.974672515994487
134,0.10227176386169323,4,5.299563354659316,6.624454193324145
38,0.10227179161925458,0,0.0,1.324890838664829
229,0.10244624604371008,0,0.0,1.324890838664829
192,0.10227238401124154,0,0.0,1.324890838664829
65,0.10227308980425276,3,3.974672515994487,5.299563354659316
56,0.10227190363503963,4,5.299563354659316,6.624454193324145
192,0.10227191835537551,1,1.324890838664829,2.649781677329658
237,0.10227181034835542,2,2.649781677329658,3.974672515994487
25,0.10227182033314262,4,5.299563354659316,6.624454193324145
58,0.10227186570600694,4,5.299563354659316,6.624454193324145
34,0.10227182562926936,3,3.974672515994487,5.299563354659316
215,0.10227178812191595,5,6.624454193324145,7.949345031988974
15,0.102273499466576,1,1.324890838664829,2.649781677329658
64,0.10227177881412249,1,1.324890838664829,2.649781677329658
201,0.10227186984119381,3,3.974672515994487,5.299563354659316
83,0.10227176696559509,1,1.324890838664829,2.649781677329658
77,0.10227178812191595,4,5.299563354659316,6.624454193324145
145,0.10227007588274915,2,2.649781677329658,3.974672515994487
212,0.10227179029818163,4,5.299563354659316,6.624454193324145
226,0.10226479744598713,0,0.0,1.324890838664829
162,0.10227185676749109,1,1.324890838664829,2.649781677329658
212,0.1022717562373549,2,2.649781677329658,3.974672515994487
163,0.1022718236145528,4,5.299563354659316,6.624454193324145
239,0.10232907338914457,3,3.974672515994487,5.299563354659316
161,0.10227232257331925,3,3.974672515994487,5.299563354659316
249,0.1022721028071998,0,0.0,1.324890838664829
146,0.10227179749875172,0,0.0,1.324890838664829
176,0.10227179749875172,0,0.0,1.324890838664829
63,0.10227178571740457,4,5.299563354659316,6.624454193324145
135,0.10227348962040751,0,0.0,1.324890838664829
46,0.10227236224542607,0,0.0,1.324890838664829
228,0.10227212161415158,3,3.974672515994487,5.299563354659316
57,0.10227180791738523,3,3.974672515994487,5.299563354659316
29,0.10227195972489908,0,0.0,1.324890838664829
39,0.10227568380648676,4,5.299563354659316,6.624454193324145
92,0.10227153429314033,0,0.0,1.324890838664829
86,0.10227550727714045,0,0.0,1.324890838664829
247,0.10227182562926936,2,2.649781677329658,3.974672515994487
257,0.1022718068755892,1,1.324890838664829,2.649781677329658
235,0.1021280696980735,0,0.0,1.324890838664829
41,0.1022848093352238,2,2.649781677329658,3.974672515994487
143,0.1022832156947509,1,1.324890838664829,2.649781677329658
259,0.10227312643742577,2,2.649781677329658,3.974672515994487
135,0.10227200559838003,3,3.974672515994487,5.299563354659316
241,0.10227181625242843,1,1.324890838664829,2.649781677329658
59,0.10227180098207629,0,0.0,1.324890838664829
21,0.10227173563935137,0,0.0,1.324890838664829
239,0.10267491146518977,0,0.0,1.324890838664829
6,0.10227477957574219,2,2.649781677329658,3.974672515994487
230,0.10227182909833159,1,1.324890838664829,2.649781677329658
202,0.1022718068755892,1,1.324890838664829,2.649781677329658
208,0.10227178812191595,4,5.299563354659316,6.624454193324145
229,0.10228393451278579,4,5.299563354659316,6.624454193324145
162,0.10227246231511766,0,0.0,1.324890838664829
161,0.10227317468089912,1,1.324890838664829,2.649781677329658
87,0.10226339668151888,4,5.299563354659316,6.624454193324145
93,0.10227278165004157,0,0.0,1.324890838664829
53,0.10227185370954879,4,5.299563354659316,6.624454193324145
134,0.10227187690512826,3,3.974672515994487,5.299563354659316
76,0.10227175085140784,3,3.974672515994487,5.299563354659316
125,0.10227178812191595,3,3.974672515994487,5.299563354659316
235,0.10225524401768263,1,1.324890838664829,2.649781677329658
99,0.10227177284100762,4,5.299563354659316,6.624454193324145
45,0.1022742676428717,3,3.974672515994487,5.299563354659316
103,0.10227179979356799,3,3.974672515994487,5.299563354659316
85,0.10227178812191595,6,7.949345031988974,9.274235870653804
124,0.10227176697451912,0,0.0,1.324890838664829
207,0.10227178812191595,0,0.0,1.324890838664829
183,0.10227177284100762,1,1.324890838664829,2.649781677329658
259,0.1022734923241211,4,5.299563354659316,6.624454193324145
41,0.10227179749875172,6,7.949345031988974,9.274235870653804
93,0.10227194170186746,3,3.974672515994487,5.299563354659316
198,0.1022719609549211,4,5.299563354659316,6.624454193324145
84,0.10227178812191595,2,2.649781677329658,3.974672515994487
28,0.10227179749875172,4,5.299563354659316,6.624454193324145
182,0.10227178812191595,4,5.299563354659316,6.624454193324145
137,0.10226285538745661,2,2.649781677329658,3.974672515994487
255,0.10227177769669842,4,5.299563354659316,6.624454193324145
55,0.10227206381369504,2,2.649781677329658,3.974672515994487
84,0.10227182260027694,0,0.0,1.324890838664829
160,0.10227185751001505,3,3.974672515994487,5.299563354659316
155,0.10227189201169926,2,2.649781677329658,3.974672515994487
78,0.10227178043117947,2,2.649781677329658,3.974672515994487
154,0.10227179749875172,5,6.624454193324145,7.949345031988974
81,0.10227178812191595,2,2.649781677329658,3.974672515994487
35,0.10227232399332349,0,0.0,1.324890838664829
113,0.10227201552933757,2,2.649781677329658,3.974672515994487
160,0.10227195735339578,1,1.324890838664829,2.649781677329658
199,0.10227187150484743,2,2.649781677329658,3.974672515994487
82,0.10227179749875172,2,2.649781677329658,3.974672515994487
85,0.10218403537635581,0,0.0,1.324890838664829
116,0.10239964519895463,0,0.0,1.324890838664829
73,0.10227181972519667,2,2.649781677329658,3.974672515994487
219,0.10227182245603558,2,2.649781677329658,3.974672515994487
257,0.1022718068755892,4,5.299563354659316,6.624454193324145
64,0.10226941290479238,0,0.0,1.324890838664829
97,0.1022717994001704,4,5.299563354659316,6.624454193324145
31,0.10227178182486557,4,5.299563354659316,6.624454193324145
152,0.10227176880512814,4,5.299563354659316,6.624454193324145
13,0.10227178812191595,4,5.299563354659316,6.624454193324145
228,0.10227185972008856,4,5.299563354659316,6.624454193324145
170,0.10227172844589981,0,0.0,1.324890838664829
146,0.10227177284100762,3,3.974672515994487,5.299563354659316
229,0.10230865764417807,2,2.649781677329658,3.974672515994487
91,0.10227258599506599,1,1.324890838664829,2.649781677329658
163,0.1022718050486165,2,2.649781677329658,3.974672515994487
23,0.10227198465083345,1,1.324890838664829,2.649781677329658
20,0.10227178221784199,1,1.324890838664829,2.649781677329658
229,0.10236845964124025,1,1.324890838664829,2.649781677329658
45,0.1022798449046813,0,0.0,1.324890838664829
180,0.10227245058929925,0,0.0,1.324890838664829
158,0.10227291736398209,0,0.0,1.324890838664829
79,0.10227597620095064,1,1.324890838664829,2.649781677329658
36,0.10227165472626738,2,2.649781677329658,3.974672515994487
256,0.10227240390853663,0,0.0,1.324890838664829
74,0.10227194437083444,1,1.324890838664829,2.649781677329658
238,0.10227186440383026,1,1.324890838664829,2.649781677329658
122,0.1022717712548708,1,1.324890838664829,2.649781677329658
78,0.10227177817567941,1,1.324890838664829,2.649781677329658
37,0.10227178812191595,3,3.974672515994487,5.299563354659316
145,0.10227009018180357,3,3.974672515994487,5.299563354659316
43,0.10227333435406466,4,5.299563354659316,6.624454193324145
4,0.10227178737178258,0,0.0,1.324890838664829
196,0.10227176691361607,1,1.324890838664829,2.649781677329658
156,0.10227178918639676,2,2.649781677329658,3.974672515994487
171,0.10220147957079476,0,0.0,1.324890838664829
96,0.10227366081649782,1,1.324890838664829,2.649781677329658
242,0.10227179749875172,1,1.324890838664829,2.649781677329658
201,0.10227180262656013,4,5.299563354659316,6.624454193324145
182,0.10227179749875172,1,1.324890838664829,2.649781677329658
178,0.10227190742137969,1,1.324890838664829,2.649781677329658
55,0.10227204094908965,4,5.299563354659316,6.624454193324145
93,0.10227182364862429,4,5.299563354659316,6.624454193324145
18,0.10227178652376266,2,2.649781677329658,3.974672515994487
177,0.10227178812191595,2,2.649781677329658,3.974672515994487
162,0.1022718251561099,3,3.974672515994487,5.299563354659316
182,0.10227195297155389,0,0.0,1.324890838664829
95,0.10227177981332931,4,5.299563354659316,6.624454193324145
95,0.10227178221418716,2,2.649781677329658,3.974672515994487
248,0.10223623682984379,1,1.324890838664829,2.649781677329658
240,0.10228910073659221,2,2.649781677329658,3.974672515994487
198,0.10227217321701611,3,3.974672515994487,5.299563354659316
0,0.1022718068755892,3,3.974672515994487,5.299563354659316
219,0.10227183970819499,3,3.974672515994487,5.299563354659316
24,0.1022718068755892,0,0.0,1.324890838664829
215,0.10227176974949437,6,7.949345031988974,9.274235870653804
164,0.10227263462759277,2,2.649781677329658,3.974672515994487
198,0.10227255956857949,1,1.324890838664829,2.649781677329658
151,0.10227182140486471,4,5.299563354659316,6.624454193324145
25,0.10227198874541821,3,3.974672515994487,5.299563354659316
17,0.10227188578752813,0,0.0,1.324890838664829
154,0.1023219918916041,2,2.649781677329658,3.974672515994487
227,0.10230810485967168,0,0.0,1.324890838664829
193,0.10227185466957038,2,2.649781677329658,3.974672515994487
79,0.10227288992704103,4,5.299563354659316,6.624454193324145
127,0.10227262410329417,2,2.649781677329658,3.974672515994487
167,0.10227178812191595,2,2.649781677329658,3.974672515994487
9,0.1022718454648956,2,2.649781677329658,3.974672515994487
52,0.10227181443894515,2,2.649781677329658,3.974672515994487
127,0.10227359998429775,3,3.974672515994487,5.299563354659316
55,0.10227518796450613,0,0.0,1.324890838664829
193,0.10227211576858664,1,1.324890838664829,2.649781677329658
86,0.10227225911432902,1,1.324890838664829,2.649781677329658
46,0.10227179589412934,2,2.649781677329658,3.974672515994487
115,0.10227180558967805,0,0.0,1.324890838664829
44,0.10227176469683415,0,0.0,1.324890838664829
99,0.10227181666901361,1,1.324890838664829,2.649781677329658
186,0.10227177283882495,1,1.324890838664829,2.649781677329658
95,0.10227182188764494,1,1.324890838664829,2.649781677329658
235,0.10226581433049398,4,5.299563354659316,6.624454193324145
126,0.10227207780866225,2,2.649781677329658,3.974672515994487
247,0.10227175778499129,3,3.974672515994487,5.299563354659316
199,0.10227189104245243,3,3.974672515994487,5.299563354659316
48,0.102271835006112,0,0.0,1.324890838664829
159,0.10227177283898126,4,5.299563354659316,6.624454193324145
6,0.10232609433827992,0,0.0,1.324890838664829
194,0.10227218711719693,0,0.0,1.324890838664829
193,0.10227211236729811,3,3.974672515994487,5.299563354659316
184,0.10227188548997744,0,0.0,1.324890838664829
9,0.1022717718806636,4,5.299563354659316,6.624454193324145
247,0.1022718212486159,1,1.324890838664829,2.649781677329658
41,0.10227649880724705,1,1.324890838664829,2.649781677329658
114,0.10226309786309866,1,1.324890838664829,2.649781677329658
114,0.10226893885201271,3,3.974672515994487,5.299563354659316
188,0.10227409512046651,0,0.0,1.324890838664829
130,0.10227178571740457,2,2.649781677329658,3.974672515994487
203,0.10227196232797288,0,0.0,1.324890838664829
174,0.10227176655327196,0,0.0,1.324890838664829
251,0.10227178221784199,3,3.974672515994487,5.299563354659316
20,0.10227190626135634,0,0.0,1.324890838664829
216,0.10227182637508836,2,2.649781677329658,3.974672515994487
227,0.10227392265337037,4,5.299563354659316,6.624454193324145
22,0.10227170592544155,1,1.324890838664829,2.649781677329658
65,0.1022724057921717,2,2.649781677329658,3.974672515994487
192,0.10227185713459278,3,3.974672515994487,5.299563354659316
204,0.10227178221043486,0,0.0,1.324890838664829
67,0.10227178812191595,1,1.324890838664829,2.649781677329658
43,0.10229491477548916,0,0.0,1.324890838664829
79,0.10227277108607592,2,2.649781677329658,3.974672515994487
171,0.10226932092657905,2,2.649781677329658,3.974672515994487
93,0.10227188745836596,2,2.649781677329658,3.974672515994487
71,0.10227191862077911,2,2.649781677329658,3.974672515994487
181,0.10227190361699479,3,3.974672515994487,5.299563354659316
178,0.10227181287517309,2,2.649781677329658,3.974672515994487
184,0.10227177284100762,2,2.649781677329658,3.974672515994487
33,0.10227197878988988,3,3.974672515994487,5.299563354659316
243,0.10227184062912716,3,3.974672515994487,5.299563354659316
68,0.10227250935878125,2,2.649781677329658,3.974672515994487
197,0.10227180801889542,1,1.324890838664829,2.649781677329658
177,0.10227179159467807,1,1.324890838664829,2.649781677329658
196,0.10227178232724914,4,5.299563354659316,6.624454193324145
174,0.10227178812191595,3,3.974672515994487,5.299563354659316
-1,0.10228569564041516,1,1.324890838664829,2.649781677329658
39,0.10229534114849477,1,1.324890838664829,2.649781677329658
87,0.10224937420999482,1,1.324890838664829,2.649781677329658
161,0.10227215789562233,4,5.299563354659316,6.624454193324145
118,0.10227185135530158,4,5.299563354659316,6.624454193324145
221,0.10227178477151024,4,5.299563354659316,6.624454193324145
125,0.10227178812191595,2,2.649781677329658,3.974672515994487
48,0.10227177584520254,4,5.299563354659316,6.624454193324145
72,0.10229209254969224,3,3.974672515994487,5.299563354659316
87,0.10226146509010635,3,3.974672515994487,5.299563354659316
109,0.10227225892980392,0,0.0,1.324890838664829
223,0.10227174355903655,0,0.0,1.324890838664829
123,0.1022717261687476,0,0.0,1.324890838664829
47,0.10227178812191595,2,2.649781677329658,3.974672515994487
28,0.10227176705904231,1,1.324890838664829,2.649781677329658
147,0.10227182013542434,3,3.974672515994487,5.299563354659316
206,0.10227190739768488,3,3.974672515994487,5.299563354659316
142,0.10227179616827181,0,0.0,1.324890838664829
72,0.10228462404701447,2,2.649781677329658,3.974672515994487
18,0.10227192546423858,1,1.324890838664829,2.649781677329658
137,0.10222372345113254,1,1.324890838664829,2.649781677329658
70,0.10227475272647223,1,1.324890838664829,2.649781677329658
63,0.10227200503520777,1,1.324890838664829,2.649781677329658
33,0.10227406788558198,0,0.0,1.324890838664829
87,0.10226798919700378,2,2.649781677329658,3.974672515994487
64,0.1022717298263578,2,2.649781677329658,3.974672515994487
121,0.10227184077394515,0,0.0,1.324890838664829
18,0.10227179749875172,3,3.974672515994487,5.299563354659316
172,0.10224097543178519,0,0.0,1.324890838664829
228,0.10227337258256107,0,0.0,1.324890838664829
69,0.10227194809766847,0,0.0,1.324890838664829
255,0.10227180137115735,1,1.324890838664829,2.649781677329658
249,0.10227182762943246,3,3.974672515994487,5.299563354659316
194,0.10227177284100762,4,5.299563354659316,6.624454193324145
30,0.10227162455780785,1,1.324890838664829,2.649781677329658
157,0.1022727113632433,4,5.299563354659316,6.624454193324145
135,0.10227185247345412,2,2.649781677329658,3.974672515994487
19,0.10227182810330165,1,1.324890838664829,2.649781677329658
17,0.10227180771706858,3,3.974672515994487,5.299563354659316
114,0.10226864382103083,4,5.299563354659316,6.624454193324145
36,0.1022717728982385,4,5.299563354659316,6.624454193324145
61,0.10227228444237114,3,3.974672515994487,5.299563354659316
191,0.10227177190800753,4,5.299563354659316,6.624454193324145
47,0.10227198368641897,0,0.0,1.324890838664829
31,0.1022717154549198,2,2.649781677329658,3.974672515994487
240,0.10241432920450252,0,0.0,1.324890838664829
154,0.10188608280592044,0,0.0,1.324890838664829
-1,0.1022713773464975,4,5.299563354659316,6.624454193324145
85,0.10227303598358001,3,3.974672515994487,5.299563354659316
259,0.10227499465198192,3,3.974672515994487,5.299563354659316
15,0.10227261770838122,2,2.649781677329658,3.974672515994487
82,0.10227170083913412,1,1.324890838664829,2.649781677329658
65,0.10227418935339257,1,1.324890838664829,2.649781677329658
94,0.10227204520920148,3,3.974672515994487,5.299563354659316
112,0.10227181625242843,3,3.974672515994487,5.299563354659316
122,0.10227178995999636,3,3.974672515994487,5.299563354659316
140,0.10227178812191595,0,0.0,1.324890838664829
22,0.10227309498733672,0,0.0,1.324890838664829
227,0.1022786323422409,1,1.324890838664829,2.649781677329658
127,0.10227490537934188,1,1.324890838664829,2.649781677329658
8,0.1022680628385793,4,5.299563354659316,6.624454193324145
132,0.10227193912119212,3,3.974672515994487,5.299563354659316
-1,0.1022775719627995,3,3.974672515994487,5.299563354659316
157,0.10228429194721365,0,0.0,1.324890838664829
215,0.10226852098446931,3,3.974672515994487,5.299563354659316
118,0.10227190070806351,3,3.974672515994487,5.299563354659316
26,0.10227176693693227,2,2.649781677329658,3.974672515994487
32,0.10227172465756704,0,0.0,1.324890838664829
194,0.10227178854352524,2,2.649781677329658,3.974672515994487
119,0.10227181180640056,3,3.974672515994487,5.299563354659316
67,0.10227178571740457,3,3.974672515994487,5.299563354659316
12,0.1022717812797182,4,5.299563354659316,6.624454193324145
147,0.10227213172426447,0,0.0,1.324890838664829
22,0.10227174757463577,4,5.299563354659316,6.624454193324145
177,0.10227182418660506,0,0.0,1.324890838664829
145,0.1022562866261448,1,1.324890838664829,2.649781677329658
215,0.10227365087465712,2,2.649781677329658,3.974672515994487
208,0.10227181034835542,2,2.649781677329658,3.974672515994487
23,0.10227186180042944,4,5.299563354659316,6.624454193324145
203,0.10227178812191595,4,5.299563354659316,6.624454193324145
67,0.10227182678700852,0,0.0,1.324890838664829
133,0.10227186358662554,3,3.974672515994487,5.299563354659316
155,0.10227187816505816,3,3.974672515994487,5.299563354659316
151,0.10227201665473076,1,1.324890838664829,2.649781677329658
132,0.10227176350714624,4,5.299563354659316,6.624454193324145
221,0.1022718292484126,3,3.974672515994487,5.299563354659316
156,0.10227179159467807,1,1.324890838664829,2.649781677329658
164,0.10226750664552028,3,3.974672515994487,5.299563354659316
134,0.10227261111364132,0,0.0,1.324890838664829
206,0.1022727652433878,0,0.0,1.324890838664829
197,0.10227204001441867,0,0.0,1.324890838664829
33,0.10227201776875411,2,2.649781677329658,3.974672515994487
97,0.10227180426643104,3,3.974672515994487,5.299563354659316
205,0.10227178812191595,1,1.324890838664829,2.649781677329658
44,0.10227176082019276,4,5.299563354659316,6.624454193324145
107,0.10227178812191595,3,3.974672515994487,5.299563354659316
117,0.10229333457294323,2,2.649781677329658,3.974672515994487
253,0.10227168366005784,3,3.974672515994487,5.299563354659316
144,0.10227192272861149,2,2.649781677329658,3.974672515994487
30,0.10227182383649831,4,5.299563354659316,6.624454193324145
223,0.10227178004744479,1,1.324890838664829,2.649781677329658
160,0.10227188536149764,2,2.649781677329658,3.974672515994487
2,0.10227178436944187,2,2.649781677329658,3.974672515994487
90,0.10227180243561504,1,1.324890838664829,2.649781677329658
131,0.10228986507864987,2,2.649781677329658,3.974672515994487
242,0.10227181625242843,3,3.974672515994487,5.299563354659316
217,0.10227177098841905,0,0.0,1.324890838664829
251,0.10227178812191595,4,5.299563354659316,6.624454193324145
164,0.10226809862325638,1,1.324890838664829,2.649781677329658
68,0.1022727846043396,3,3.974672515994487,5.299563354659316
181,0.1022719035261766,1,1.324890838664829,2.649781677329658
76,0.10227179749875172,4,5.299563354659316,6.624454193324145
137,0.10227178812191595,5,6.624454193324145,7.949345031988974
5,0.10227180238999885,3,3.974672515994487,5.299563354659316
99,0.10227178221784199,2,2.649781677329658,3.974672515994487
239,0.10229450097303434,4,5.299563354659316,6.624454193324145
160,0.10227250208912503,0,0.0,1.324890838664829
234,0.10227181625242843,2,2.649781677329658,3.974672515994487
61,0.10227575155771279,0,0.0,1.324890838664829
128,0.10227214183351341,3,3.974672515994487,5.299563354659316
244,0.10227179749875172,2,2.649781677329658,3.974672515994487
221,0.10227182016810787,2,2.649781677329658,3.974672515994487
38,0.10227178525315969,3,3.974672515994487,5.299563354659316
117,0.10229948876077584,3,3.974672515994487,5.299563354659316
22,0.10227186069736699,3,3.974672515994487,5.299563354659316
51,0.10227104794642121,1,1.324890838664829,2.649781677329658
159,0.10227193826329319,0,0.0,1.324890838664829
62,0.1022717967646432,0,0.0,1.324890838664829
19,0.1022717802031061,3,3.974672515994487,5.299563354659316
