pickup_zone,avg_tip_percentage,bkt_total_amount,val_start,val_end
210,0.998638220608,32,206.8097178778016,243.22252156148290
241,0.993390747046,40,498.1121473472520,534.52495103093330
248,0.992630309527,38,425.2865399798894,461.69934366357070
68,0.99053488884,38,425.2865399798894,461.69934366357070
199,0.989119683482,34,279.6353252451642,316.04812892884550
76,0.988593155894,27,24.7456994593951,61.15850314307640
158,0.987491770902,34,279.6353252451642,316.04812892884550
241,0.98643649815,33,243.2225215614829,279.63532524516420
75,0.950192862225,33,243.2225215614829,279.63532524516420
143,0.947155337737,39,461.6993436635707,498.11214734725200
228,0.944584382872,52,935.0657915514276,971.47859523510890
228,0.93808630394,49,825.8273805003837,862.24018418406500
69,0.93808630394,49,825.8273805003837,862.24018418406500
43,0.935997976221,37,388.8737362962081,425.28653997988940
137,0.883389650832,38,425.2865399798894,461.69934366357070
9,0.825627476882,34,279.6353252451642,316.04812892884550
32,0.776892430279,31,170.3969141941203,206.80971787780160
1,0.772002058672,31,170.3969141941203,206.80971787780160
31,0.7485044865405,29,97.5713068267577,133.98411051043900
41,0.748119015048,39,461.6993436635707,498.11214734725200
123,0.675714285714,34,279.6353252451642,316.04812892884550
21,0.572419774501,29,97.5713068267577,133.98411051043900
127,0.5551018834705,29,97.5713068267577,133.98411051043900
31,0.5,32,206.8097178778016,243.22252156148290
82,0.5,54,1007.8913989187902,1044.30420260247150
49,0.5,31,170.3969141941203,206.80971787780160
171,0.487646293888,30,133.9841105104390,170.39691419412030
127,0.4870489262785,32,206.8097178778016,243.22252156148290
170,0.474291056404,28,61.1585031430764,97.57130682675770
164,0.464561145795,33,243.2225215614829,279.63532524516420
143,0.456204379562,42,570.9377547146146,607.35055839829590
179,0.448028673835,27,24.7456994593951,61.15850314307640
248,0.4466033552295,32,206.8097178778016,243.22252156148290
239,0.44411721039585,38,425.2865399798894,461.69934366357070
157,0.442353319661,39,461.6993436635707,498.11214734725200
157,0.439311594203,32,206.8097178778016,243.22252156148290
85,0.432745457145,34,279.6353252451642,316.04812892884550
224,0.431034482759,28,61.1585031430764,97.57130682675770
144,0.42662116041,31,170.3969141941203,206.80971787780160
86,0.425873844918,39,461.6993436635707,498.11214734725200
74,0.4224902197113333,30,133.9841105104390,170.39691419412030
141,0.412541254125,31,170.3969141941203,206.80971787780160
72,0.398724082935,33,243.2225215614829,279.63532524516420
186,0.382609369782,27,24.7456994593951,61.15850314307640
17,0.3734199971,28,61.1585031430764,97.57130682675770
223,0.37297202490566667,28,61.1585031430764,97.57130682675770
82,0.37080984871,30,133.9841105104390,170.39691419412030
0,0.3581992579545,28,61.1585031430764,97.57130682675770
114,0.35808628151099997,31,170.3969141941203,206.80971787780160
215,0.337879096275,39,461.6993436635707,498.11214734725200
15,0.3355374929935,30,133.9841105104390,170.39691419412030
251,0.3339269813,28,61.1585031430764,97.57130682675770
227,0.333111259161,38,425.2865399798894,461.69934366357070
116,0.3326683152996666,33,243.2225215614829,279.63532524516420
239,0.331077808957,53,971.4785952351089,1007.89139891879020
180,0.330782852752,34,279.6353252451642,316.04812892884550
117,0.3274393764433333,41,534.5249510309333,570.93775471461460
79,0.3184367332633333,29,97.5713068267577,133.98411051043900
17,0.3182195266745,31,170.3969141941203,206.80971787780160
161,0.309491059147,34,279.6353252451642,316.04812892884550
253,0.29828461158905,31,170.3969141941203,206.80971787780160
34,0.293599530241,30,133.9841105104390,170.39691419412030
-1,0.29121134088252854,38,425.2865399798894,461.69934366357070
49,0.2905052921922727,28,61.1585031430764,97.57130682675770
113,0.2897717686326,29,97.5713068267577,133.98411051043900
130,0.2894695295232,28,61.1585031430764,97.57130682675770
235,0.2886836027715,33,243.2225215614829,279.63532524516420
96,0.28783354717959997,29,97.5713068267577,133.98411051043900
84,0.2872545250598,27,24.7456994593951,61.15850314307640
14,0.28572155247,31,170.3969141941203,206.80971787780160
5,0.285719988822,40,498.1121473472520,534.52495103093330
31,0.285717892398,37,388.8737362962081,425.28653997988940
245,0.285717392723,38,425.2865399798894,461.69934366357070
117,0.285716298666,45,680.1761657656585,716.58896944933980
71,0.285714285714,36,352.4609326125268,388.87373629620810
82,0.285714285714,35,316.0481289288455,352.46093261252680
5,0.285714285714,42,570.9377547146146,607.35055839829590
31,0.285714285714,34,279.6353252451642,316.04812892884550
88,0.285711446346,40,498.1121473472520,534.52495103093330
31,0.285711154462,38,425.2865399798894,461.69934366357070
78,0.28522991627916666,27,24.7456994593951,61.15850314307640
33,0.2840243268551667,29,97.5713068267577,133.98411051043900
8,0.283493461436,33,243.2225215614829,279.63532524516420
14,0.282656214668,33,243.2225215614829,279.63532524516420
141,0.2679024033233333,29,97.5713068267577,133.98411051043900
109,0.266515765485,28,61.1585031430764,97.57130682675770
31,0.2598643119626733,28,61.1585031430764,97.57130682675770
154,0.25811894830790627,32,206.8097178778016,243.22252156148290
12,0.256562068285,29,97.5713068267577,133.98411051043900
122,0.25,29,97.5713068267577,133.98411051043900
86,0.25,29,97.5713068267577,133.98411051043900
192,0.241964264283075,28,61.1585031430764,97.57130682675770
72,0.2376186573994,30,133.9841105104390,170.39691419412030
106,0.23666821880319996,30,133.9841105104390,170.39691419412030
61,0.23610612915924484,28,61.1585031430764,97.57130682675770
75,0.2358148080447143,31,170.3969141941203,206.80971787780160
68,0.2321190930577,29,97.5713068267577,133.98411051043900
239,0.2320196291285,39,461.6993436635707,498.11214734725200
245,0.230782134619,32,206.8097178778016,243.22252156148290
88,0.230779502587,34,279.6353252451642,316.04812892884550
5,0.230778874785,35,316.0481289288455,352.46093261252680
5,0.230769230769,37,388.8737362962081,425.28653997988940
161,0.230769230769,33,243.2225215614829,279.63532524516420
257,0.230769230769,29,97.5713068267577,133.98411051043900
55,0.230769230769,31,170.3969141941203,206.80971787780160
71,0.230769230769,37,388.8737362962081,425.28653997988940
161,0.230769230769,37,388.8737362962081,425.28653997988940
118,0.230769230769,31,170.3969141941203,206.80971787780160
34,0.230769230769,29,97.5713068267577,133.98411051043900
94,0.230769230769,34,279.6353252451642,316.04812892884550
191,0.230767961453,59,1189.9554173371967,1226.36822102087800
70,0.230767898583,58,1153.5426136535154,1189.95541733719670
70,0.230767172048,46,716.5889694493398,753.00177313302110
116,0.230764695478,35,316.0481289288455,352.46093261252680
229,0.230764685025,35,316.0481289288455,352.46093261252680
240,0.23076432715,34,279.6353252451642,316.04812892884550
65,0.23076320326,33,243.2225215614829,279.63532524516420
9,0.230761410999,31,170.3969141941203,206.80971787780160
219,0.230761121653,36,352.4609326125268,388.87373629620810
227,0.230760421438,31,170.3969141941203,206.80971787780160
72,0.230759833863,35,316.0481289288455,352.46093261252680
226,0.230757833914,30,133.9841105104390,170.39691419412030
47,0.230756551838,29,97.5713068267577,133.98411051043900
199,0.23075441496,61,1262.7810247045593,1299.19382838824060
154,0.230746332685,61,1262.7810247045593,1299.19382838824060
239,0.230745521094,61,1262.7810247045593,1299.19382838824060
-1,0.230742189217,57,1117.1298099698341,1153.54261365351540
-1,0.230741556865,56,1080.7170062861528,1117.12980996983410
143,0.230690406046,37,388.8737362962081,425.28653997988940
94,0.23068712475,36,352.4609326125268,388.87373629620810
135,0.230611722549,31,170.3969141941203,206.80971787780160
118,0.230572433642,30,133.9841105104390,170.39691419412030
33,0.230572433642,30,133.9841105104390,170.39691419412030
13,0.2305331799,29,97.5713068267577,133.98411051043900
190,0.230432402846,28,61.1585031430764,97.57130682675770
154,0.225503244973975,33,243.2225215614829,279.63532524516420
240,0.2245318586253333,30,133.9841105104390,170.39691419412030
103,0.22446689113366666,29,97.5713068267577,133.98411051043900
71,0.2240636596124091,28,61.1585031430764,97.57130682675770
229,0.224033071264125,32,206.8097178778016,243.22252156148290
116,0.22386096639074998,31,170.3969141941203,206.80971787780160
154,0.223064911889,38,425.2865399798894,461.69934366357070
49,0.22222222222233334,29,97.5713068267577,133.98411051043900
239,0.21585671720016664,32,206.8097178778016,243.22252156148290
9,0.2153846153845,29,97.5713068267577,133.98411051043900
44,0.2153589480335,28,61.1585031430764,97.57130682675770
196,0.213662979903,30,133.9841105104390,170.39691419412030
191,0.20894039511114285,29,97.5713068267577,133.98411051043900
61,0.20834118748475,29,97.5713068267577,133.98411051043900
30,0.20810334737383332,29,97.5713068267577,133.98411051043900
87,0.20395906164142857,30,133.9841105104390,170.39691419412030
235,0.20130432192428568,31,170.3969141941203,206.80971787780160
201,0.200033932813,29,97.5713068267577,133.98411051043900
212,0.200015755475,33,243.2225215614829,279.63532524516420
91,0.200013894678,34,279.6353252451642,316.04812892884550
60,0.2,28,61.1585031430764,97.57130682675770
178,0.2,41,534.5249510309333,570.93775471461460
239,0.2,36,352.4609326125268,388.87373629620810
5,0.2,36,352.4609326125268,388.87373629620810
219,0.2,39,461.6993436635707,498.11214734725200
8,0.19999551130999996,30,133.9841105104390,170.39691419412030
35,0.199990398925,37,388.8737362962081,425.28653997988940
155,0.19998441275,33,243.2225215614829,279.63532524516420
136,0.199980872226,32,206.8097178778016,243.22252156148290
78,0.199975833736,30,133.9841105104390,170.39691419412030
236,0.199965729952,29,97.5713068267577,133.98411051043900
41,0.1995244939305417,32,206.8097178778016,243.22252156148290
180,0.1987346053905,29,97.5713068267577,133.98411051043900
238,0.19872677920749998,28,61.1585031430764,97.57130682675770
245,0.198720031999,37,388.8737362962081,425.28653997988940
201,0.198662149845,28,61.1585031430764,97.57130682675770
83,0.198600647742,28,61.1585031430764,97.57130682675770
15,0.198079231693,40,498.1121473472520,534.52495103093330
117,0.19611649553130836,32,206.8097178778016,243.22252156148290
248,0.19491006582578219,30,133.9841105104390,170.39691419412030
114,0.19393064647158412,29,97.5713068267577,133.98411051043900
50,0.19385362096740003,28,61.1585031430764,97.57130682675770
33,0.19303820061153848,28,61.1585031430764,97.57130682675770
15,0.19283155712199998,28,61.1585031430764,97.57130682675770
143,0.18969958550692306,36,352.4609326125268,388.87373629620810
96,0.18895524053174187,28,61.1585031430764,97.57130682675770
99,0.188935985219,28,61.1585031430764,97.57130682675770
7,0.18875871227833332,28,61.1585031430764,97.57130682675770
41,0.18802514380066668,36,352.4609326125268,388.87373629620810
235,0.18763749053262113,29,97.5713068267577,133.98411051043900
71,0.1833423047595,32,206.8097178778016,243.22252156148290
240,0.1833333333335,35,316.0481289288455,352.46093261252680
6,0.18329512869999998,36,352.4609326125268,388.87373629620810
102,0.1832920203465,27,24.7456994593951,61.15850314307640
94,0.18216210179523332,29,97.5713068267577,133.98411051043900
41,0.180001592847,34,279.6353252451642,316.04812892884550
165,0.179617834395,28,61.1585031430764,97.57130682675770
85,0.1780871973152,31,170.3969141941203,206.80971787780160
75,0.17789795501415545,29,97.5713068267577,133.98411051043900
241,0.1778093883355,28,61.1585031430764,97.57130682675770
248,0.1774404103341667,29,97.5713068267577,133.98411051043900
106,0.1769151726408045,29,97.5713068267577,133.98411051043900
31,0.17634592165410504,27,24.7456994593951,61.15850314307640
53,0.175636941909,28,61.1585031430764,97.57130682675770
51,0.17042012580670865,28,61.1585031430764,97.57130682675770
215,0.17019790623712,30,133.9841105104390,170.39691419412030
220,0.1695560691644692,28,61.1585031430764,97.57130682675770
145,0.16955509570633334,31,170.3969141941203,206.80971787780160
180,0.16912801751666345,28,61.1585031430764,97.57130682675770
51,0.1691179150052,29,97.5713068267577,133.98411051043900
228,0.16848638902050003,29,97.5713068267577,133.98411051043900
215,0.16743796942750697,29,97.5713068267577,133.98411051043900
15,0.1671309686179154,29,97.5713068267577,133.98411051043900
178,0.16694389332490306,28,61.1585031430764,97.57130682675770
217,0.166716551931,28,61.1585031430764,97.57130682675770
217,0.166700590271,29,97.5713068267577,133.98411051043900
186,0.16669047279,28,61.1585031430764,97.57130682675770
174,0.16669047279,28,61.1585031430764,97.57130682675770
162,0.16669047279,28,61.1585031430764,97.57130682675770
19,0.166688768068,28,61.1585031430764,97.57130682675770
79,0.166688724193,30,133.9841105104390,170.39691419412030
26,0.166683772965,31,170.3969141941203,206.80971787780160
174,0.166683134078,29,97.5713068267577,133.98411051043900
124,0.166682969774,29,97.5713068267577,133.98411051043900
10,0.166678920668,30,133.9841105104390,170.39691419412030
255,0.16667856972849998,28,61.1585031430764,97.57130682675770
178,0.16667774749,30,133.9841105104390,170.39691419412030
247,0.166676157394,31,170.3969141941203,206.80971787780160
196,0.16667605490100001,31,170.3969141941203,206.80971787780160
71,0.1666737612805,29,97.5713068267577,133.98411051043900
25,0.166673430461,33,243.2225215614829,279.63532524516420
251,0.166672191467,34,279.6353252451642,316.04812892884550
128,0.166671306478,36,352.4609326125268,388.87373629620810
219,0.16667032798,38,425.2865399798894,461.69934366357070
137,0.166670136359,39,461.6993436635707,498.11214734725200
163,0.166666666667,28,61.1585031430764,97.57130682675770
74,0.166666666667,31,170.3969141941203,206.80971787780160
183,0.166666666667,34,279.6353252451642,316.04812892884550
87,0.166666666667,33,243.2225215614829,279.63532524516420
18,0.166666666667,28,61.1585031430764,97.57130682675770
109,0.166666666667,38,425.2865399798894,461.69934366357070
123,0.166666666667,26,-11.6671042242862,24.74569945939510
54,0.166666666667,27,24.7456994593951,61.15850314307640
39,0.166666666667,30,133.9841105104390,170.39691419412030
232,0.166666666667,27,24.7456994593951,61.15850314307640
15,0.166666666667,37,388.8737362962081,425.28653997988940
234,0.166666666667,29,97.5713068267577,133.98411051043900
146,0.166666666667,27,24.7456994593951,61.15850314307640
154,0.166666666667,37,388.8737362962081,425.28653997988940
92,0.166666666667,35,316.0481289288455,352.46093261252680
105,0.166666666667,29,97.5713068267577,133.98411051043900
239,0.166666666667,34,279.6353252451642,316.04812892884550
92,0.166666666667,34,279.6353252451642,316.04812892884550
183,0.166666666667,28,61.1585031430764,97.57130682675770
1,0.166666666667,30,133.9841105104390,170.39691419412030
128,0.166666666667,37,388.8737362962081,425.28653997988940
133,0.166666666667,30,133.9841105104390,170.39691419412030
31,0.1666666666665,30,133.9841105104390,170.39691419412030
191,0.166654689184,30,133.9841105104390,170.39691419412030
61,0.166643541002,36,352.4609326125268,388.87373629620810
183,0.166641890887,35,316.0481289288455,352.46093261252680
248,0.166633722079,33,243.2225215614829,279.63532524516420
122,0.166631995007,32,206.8097178778016,243.22252156148290
54,0.166622656456,31,170.3969141941203,206.80971787780160
71,0.166619629638,38,425.2865399798894,461.69934366357070
10,0.166608695652,29,97.5713068267577,133.98411051043900
144,0.166603572152175,28,61.1585031430764,97.57130682675770
67,0.166597424179,29,97.5713068267577,133.98411051043900
181,0.166596726815,29,97.5713068267577,133.98411051043900
58,0.166591399468,31,170.3969141941203,206.80971787780160
62,0.16658017644,28,61.1585031430764,97.57130682675770
234,0.166570605187,28,61.1585031430764,97.57130682675770
32,0.166563702894,32,206.8097178778016,243.22252156148290
59,0.166551485833,28,61.1585031430764,97.57130682675770
103,0.166452350336,28,61.1585031430764,97.57130682675770
29,0.16644993498,28,61.1585031430764,97.57130682675770
168,0.16635918566994,26,-11.6671042242862,24.74569945939510
124,0.166240409207,28,61.1585031430764,97.57130682675770
191,0.165816371907,28,61.1585031430764,97.57130682675770
240,0.1657692284661781,29,97.5713068267577,133.98411051043900
204,0.165562913907,26,-11.6671042242862,24.74569945939510
155,0.16543858772606002,28,61.1585031430764,97.57130682675770
30,0.1649371724396795,28,61.1585031430764,97.57130682675770
106,0.16492501124775,31,170.3969141941203,206.80971787780160
87,0.1647622612663667,29,97.5713068267577,133.98411051043900
113,0.1639586845671009,28,61.1585031430764,97.57130682675770
136,0.16346697532246968,29,97.5713068267577,133.98411051043900
119,0.1633163304245,28,61.1585031430764,97.57130682675770
142,0.1632317667266,28,61.1585031430764,97.57130682675770
92,0.1628213773878249,28,61.1585031430764,97.57130682675770
172,0.162696753850816,28,61.1585031430764,97.57130682675770
133,0.16199467152230196,28,61.1585031430764,97.57130682675770
137,0.16145748990972691,28,61.1585031430764,97.57130682675770
206,0.16144948539245002,28,61.1585031430764,97.57130682675770
72,0.160911907924,31,170.3969141941203,206.80971787780160
229,0.16073496132662224,31,170.3969141941203,206.80971787780160
36,0.16054851530060107,28,61.1585031430764,97.57130682675770
226,0.1600914096333158,29,97.5713068267577,133.98411051043900
198,0.1599684321067487,28,61.1585031430764,97.57130682675770
141,0.15996144692744935,28,61.1585031430764,97.57130682675770
93,0.15910898965783335,28,61.1585031430764,97.57130682675770
45,0.15894689580388205,28,61.1585031430764,97.57130682675770
64,0.15863661239228571,28,61.1585031430764,97.57130682675770
219,0.15857076254294816,28,61.1585031430764,97.57130682675770
8,0.15847817988795718,28,61.1585031430764,97.57130682675770
154,0.1584106393474071,29,97.5713068267577,133.98411051043900
20,0.158227848101,33,243.2225215614829,279.63532524516420
25,0.15802351390068448,28,61.1585031430764,97.57130682675770
143,0.15786078552724425,28,61.1585031430764,97.57130682675770
221,0.15764558231167244,28,61.1585031430764,97.57130682675770
41,0.15753285714377657,29,97.5713068267577,133.98411051043900
8,0.15748316721257916,29,97.5713068267577,133.98411051043900
171,0.15731210231079623,28,61.1585031430764,97.57130682675770
128,0.1572965165897098,28,61.1585031430764,97.57130682675770
85,0.1567407514965825,29,97.5713068267577,133.98411051043900
150,0.15662558604970528,28,61.1585031430764,97.57130682675770
-1,0.1564945974934762,35,316.0481289288455,352.46093261252680
145,0.1564114415268353,28,61.1585031430764,97.57130682675770
161,0.156197888623625,29,97.5713068267577,133.98411051043900
25,0.1559333546420222,29,97.5713068267577,133.98411051043900
75,0.15518387672917935,28,61.1585031430764,97.57130682675770
22,0.15500934272322192,28,61.1585031430764,97.57130682675770
58,0.15479268518528433,28,61.1585031430764,97.57130682675770
85,0.1546915166522355,28,61.1585031430764,97.57130682675770
164,0.15460183029408658,29,97.5713068267577,133.98411051043900
39,0.1544914499861443,28,61.1585031430764,97.57130682675770
236,0.15438023803018333,28,61.1585031430764,97.57130682675770
235,0.15427106953108058,28,61.1585031430764,97.57130682675770
157,0.15364953342562465,28,61.1585031430764,97.57130682675770
199,0.15357323923188126,28,61.1585031430764,97.57130682675770
229,0.15357024130945776,29,97.5713068267577,133.98411051043900
70,0.15356297228010002,28,61.1585031430764,97.57130682675770
68,0.1531025368354895,28,61.1585031430764,97.57130682675770
164,0.15305280562437368,28,61.1585031430764,97.57130682675770
91,0.152702869241412,28,61.1585031430764,97.57130682675770
208,0.1526622296175,31,170.3969141941203,206.80971787780160
228,0.15265148725533126,28,61.1585031430764,97.57130682675770
131,0.15247668939655853,28,61.1585031430764,97.57130682675770
193,0.15244489031831426,28,61.1585031430764,97.57130682675770
196,0.15228260545656006,28,61.1585031430764,97.57130682675770
114,0.15198385037742015,28,61.1585031430764,97.57130682675770
144,0.151975683891,32,206.8097178778016,243.22252156148290
227,0.15191580093799997,30,133.9841105104390,170.39691419412030
226,0.15170548399421185,28,61.1585031430764,97.57130682675770
159,0.151691893147,28,61.1585031430764,97.57130682675770
230,0.1513448478251,28,61.1585031430764,97.57130682675770
152,0.15128987478768333,28,61.1585031430764,97.57130682675770
39,0.151002385791858,29,97.5713068267577,133.98411051043900
227,0.15087345423211612,28,61.1585031430764,97.57130682675770
94,0.1508537147711821,28,61.1585031430764,97.57130682675770
239,0.15085325950985784,29,97.5713068267577,133.98411051043900
251,0.15071929974525,30,133.9841105104390,170.39691419412030
239,0.1503928555975932,28,61.1585031430764,97.57130682675770
68,0.15027780758664286,30,133.9841105104390,170.39691419412030
88,0.1502244015694143,28,61.1585031430764,97.57130682675770
237,0.1502236193975,28,61.1585031430764,97.57130682675770
126,0.14954658208407348,28,61.1585031430764,97.57130682675770
136,0.14944642189810642,28,61.1585031430764,97.57130682675770
93,0.14903826057308572,27,24.7456994593951,61.15850314307640
240,0.14897558522418816,28,61.1585031430764,97.57130682675770
72,0.14893731589447382,29,97.5713068267577,133.98411051043900
106,0.14866841732256383,28,61.1585031430764,97.57130682675770
253,0.14860273685394454,28,61.1585031430764,97.57130682675770
154,0.14859461816027145,30,133.9841105104390,170.39691419412030
232,0.14834945617837503,26,-11.6671042242862,24.74569945939510
25,0.14827170554500002,31,170.3969141941203,206.80971787780160
65,0.14796556198657845,28,61.1585031430764,97.57130682675770
41,0.1479095801988967,31,170.3969141941203,206.80971787780160
87,0.1478542667536386,28,61.1585031430764,97.57130682675770
215,0.14731393590054281,28,61.1585031430764,97.57130682675770
129,0.14711188244746667,28,61.1585031430764,97.57130682675770
6,0.14711070162322093,28,61.1585031430764,97.57130682675770
229,0.14706458681382273,30,133.9841105104390,170.39691419412030
79,0.14695351636402015,28,61.1585031430764,97.57130682675770
248,0.14673164098404295,28,61.1585031430764,97.57130682675770
235,0.14634830474375002,30,133.9841105104390,170.39691419412030
245,0.14624426254312256,28,61.1585031430764,97.57130682675770
154,0.14617457024332822,28,61.1585031430764,97.57130682675770
73,0.14544560974908335,27,24.7456994593951,61.15850314307640
239,0.1452935835125,31,170.3969141941203,206.80971787780160
172,0.14494061043466666,30,133.9841105104390,170.39691419412030
18,0.14477009081201175,27,24.7456994593951,61.15850314307640
122,0.14469417347492222,28,61.1585031430764,97.57130682675770
245,0.14455836230558572,29,97.5713068267577,133.98411051043900
175,0.14449137978564375,27,24.7456994593951,61.15850314307640
255,0.14424433187075714,27,24.7456994593951,61.15850314307640
116,0.14395237838396666,29,97.5713068267577,133.98411051043900
95,0.143581161979,28,61.1585031430764,97.57130682675770
172,0.1431161738981,31,170.3969141941203,206.80971787780160
156,0.14288268955666666,27,24.7456994593951,61.15850314307640
245,0.1428617219055,34,279.6353252451642,316.04812892884550
161,0.142566116662,30,133.9841105104390,170.39691419412030
72,0.14246377755953116,28,61.1585031430764,97.57130682675770
19,0.1423888976287645,27,24.7456994593951,61.15850314307640
117,0.14234471959774506,29,97.5713068267577,133.98411051043900
116,0.1423176371783881,28,61.1585031430764,97.57130682675770
41,0.1420787063615914,28,61.1585031430764,97.57130682675770
43,0.1420409529216749,28,61.1585031430764,97.57130682675770
178,0.142,35,316.0481289288455,352.46093261252680
210,0.1418837649627,26,-11.6671042242862,24.74569945939510
145,0.14101851973575,34,279.6353252451642,316.04812892884550
41,0.14064393012001428,33,243.2225215614829,279.63532524516420
2,0.140597539543,29,97.5713068267577,133.98411051043900
220,0.14050415346984788,27,24.7456994593951,61.15850314307640
-1,0.14022786178285265,28,61.1585031430764,97.57130682675770
143,0.140010487677,31,170.3969141941203,206.80971787780160
112,0.14000000000020002,27,24.7456994593951,61.15850314307640
156,0.13994976136660003,28,61.1585031430764,97.57130682675770
23,0.13986024200322,28,61.1585031430764,97.57130682675770
171,0.1395620701168558,29,97.5713068267577,133.98411051043900
229,0.13945301571647317,28,61.1585031430764,97.57130682675770
86,0.139194139194,30,133.9841105104390,170.39691419412030
197,0.13830326875495264,28,61.1585031430764,97.57130682675770
213,0.1382783882785,27,24.7456994593951,61.15850314307640
8,0.13767789272848918,27,24.7456994593951,61.15850314307640
-1,0.13766609956429285,36,352.4609326125268,388.87373629620810
97,0.13762328088148332,28,61.1585031430764,97.57130682675770
63,0.137603882197225,28,61.1585031430764,97.57130682675770
194,0.13751144602046667,28,61.1585031430764,97.57130682675770
86,0.13726037892972,28,61.1585031430764,97.57130682675770
259,0.13709434371115,28,61.1585031430764,97.57130682675770
248,0.13701403133915455,31,170.3969141941203,206.80971787780160
103,0.13699811436252177,27,24.7456994593951,61.15850314307640
253,0.136805812092,33,243.2225215614829,279.63532524516420
239,0.136705817624595,30,133.9841105104390,170.39691419412030
51,0.13637486852893765,27,24.7456994593951,61.15850314307640
55,0.13567724567747366,28,61.1585031430764,97.57130682675770
171,0.13563457219923475,27,24.7456994593951,61.15850314307640
36,0.13563455593631163,27,24.7456994593951,61.15850314307640
20,0.13506790680535,28,61.1585031430764,97.57130682675770
127,0.13503341147973333,30,133.9841105104390,170.39691419412030
105,0.13448751227310415,27,24.7456994593951,61.15850314307640
117,0.13404614230623213,28,61.1585031430764,97.57130682675770
202,0.133965217912,27,24.7456994593951,61.15850314307640
30,0.13381578816997755,27,24.7456994593951,61.15850314307640
137,0.13348109421803314,31,170.3969141941203,206.80971787780160
154,0.13331198423833332,36,352.4609326125268,388.87373629620810
222,0.13241385923466667,28,61.1585031430764,97.57130682675770
87,0.13189993350504067,27,24.7456994593951,61.15850314307640
113,0.13160657782314705,27,24.7456994593951,61.15850314307640
85,0.1312589180951346,27,24.7456994593951,61.15850314307640
131,0.1309912931446,39,461.6993436635707,498.11214734725200
162,0.13085673567594583,27,24.7456994593951,61.15850314307640
145,0.13075647879261273,29,97.5713068267577,133.98411051043900
64,0.1305326326520911,27,24.7456994593951,61.15850314307640
153,0.13039548022599998,26,-11.6671042242862,24.74569945939510
-1,0.1303266515494073,34,279.6353252451642,316.04812892884550
219,0.1302701007516691,30,133.9841105104390,170.39691419412030
235,0.12970399170735103,27,24.7456994593951,61.15850314307640
22,0.12941165299658794,27,24.7456994593951,61.15850314307640
43,0.1292708947140625,29,97.5713068267577,133.98411051043900
172,0.12924491119740622,27,24.7456994593951,61.15850314307640
215,0.1287870112731133,27,24.7456994593951,61.15850314307640
77,0.12832428312625,28,61.1585031430764,97.57130682675770
157,0.12828626040987587,29,97.5713068267577,133.98411051043900
33,0.12813945654406617,27,24.7456994593951,61.15850314307640
61,0.12783938748208806,27,24.7456994593951,61.15850314307640
105,0.12778941412431002,28,61.1585031430764,97.57130682675770
55,0.127768313458,32,206.8097178778016,243.22252156148290
193,0.12763471332867812,27,24.7456994593951,61.15850314307640
215,0.1276194981738,31,170.3969141941203,206.80971787780160
227,0.1273026385661143,29,97.5713068267577,133.98411051043900
212,0.12678615588541667,28,61.1585031430764,97.57130682675770
134,0.12663633899107776,28,61.1585031430764,97.57130682675770
106,0.12650850914941775,27,24.7456994593951,61.15850314307640
253,0.12634167691111922,27,24.7456994593951,61.15850314307640
41,0.12633354314333972,30,133.9841105104390,170.39691419412030
75,0.12630301682837097,27,24.7456994593951,61.15850314307640
88,0.12608270163016103,27,24.7456994593951,61.15850314307640
85,0.12607124706063655,30,133.9841105104390,170.39691419412030
180,0.1259082706709361,27,24.7456994593951,61.15850314307640
35,0.1257372662591364,28,61.1585031430764,97.57130682675770
137,0.12560185617072794,27,24.7456994593951,61.15850314307640
157,0.12557626980943024,27,24.7456994593951,61.15850314307640
248,0.12552735646725194,27,24.7456994593951,61.15850314307640
159,0.12424242424254545,27,24.7456994593951,61.15850314307640
137,0.12421827308257964,30,133.9841105104390,170.39691419412030
240,0.12418863037236441,27,24.7456994593951,61.15850314307640
154,0.12416103657966,31,170.3969141941203,206.80971787780160
234,0.12396181976,30,133.9841105104390,170.39691419412030
83,0.123619581342,29,97.5713068267577,133.98411051043900
91,0.12350752740200001,29,97.5713068267577,133.98411051043900
239,0.12330770767810284,27,24.7456994593951,61.15850314307640
15,0.12325410041550132,27,24.7456994593951,61.15850314307640
141,0.12306803163578739,27,24.7456994593951,61.15850314307640
145,0.122982518374324,27,24.7456994593951,61.15850314307640
114,0.12297548254263445,27,24.7456994593951,61.15850314307640
164,0.12274856354871429,31,170.3969141941203,206.80971787780160
137,0.12270229548568119,29,97.5713068267577,133.98411051043900
253,0.12264349677095,30,133.9841105104390,170.39691419412030
6,0.122579063496,34,279.6353252451642,316.04812892884550
41,0.12247017242775589,27,24.7456994593951,61.15850314307640
6,0.12234735546225001,33,243.2225215614829,279.63532524516420
137,0.12219672671066666,36,352.4609326125268,388.87373629620810
196,0.12218236003166667,32,206.8097178778016,243.22252156148290
60,0.12215794100122222,26,-11.6671042242862,24.74569945939510
149,0.122129946263,28,61.1585031430764,97.57130682675770
84,0.12209417539366667,28,61.1585031430764,97.57130682675770
121,0.1219533127362,27,24.7456994593951,61.15850314307640
240,0.12193721884333335,31,170.3969141941203,206.80971787780160
197,0.1216215946384916,27,24.7456994593951,61.15850314307640
164,0.12141346460420574,27,24.7456994593951,61.15850314307640
154,0.12134493768864502,27,24.7456994593951,61.15850314307640
75,0.12130840615606252,30,133.9841105104390,170.39691419412030
49,0.12103083852231919,27,24.7456994593951,61.15850314307640
219,0.12064071260548,34,279.6353252451642,316.04812892884550
-1,0.12044517174701726,29,97.5713068267577,133.98411051043900
168,0.11961722488,27,24.7456994593951,61.15850314307640
71,0.11924698217776918,27,24.7456994593951,61.15850314307640
226,0.1190286020863986,27,24.7456994593951,61.15850314307640
192,0.11853634988126847,27,24.7456994593951,61.15850314307640
39,0.11815783984521039,27,24.7456994593951,61.15850314307640
131,0.11743992133802737,31,170.3969141941203,206.80971787780160
68,0.11742283035225234,27,24.7456994593951,61.15850314307640
70,0.11731763902630002,33,243.2225215614829,279.63532524516420
45,0.11717541952092139,27,24.7456994593951,61.15850314307640
36,0.11665468046049998,29,97.5713068267577,133.98411051043900
139,0.11660778006052634,26,-11.6671042242862,24.74569945939510
137,0.11629853209695465,32,206.8097178778016,243.22252156148290
9,0.11623329786222222,28,61.1585031430764,97.57130682675770
191,0.11606547304790049,27,24.7456994593951,61.15850314307640
45,0.115404040404,37,388.8737362962081,425.28653997988940
5,0.1153846153845,26,-11.6671042242862,24.74569945939510
116,0.1153846153845,32,206.8097178778016,243.22252156148290
137,0.1153846153845,40,498.1121473472520,534.52495103093330
154,0.115383742439,50,862.2401841840650,898.65298786774630
239,0.1153833586565,43,607.3505583982959,643.76336208197720
92,0.1153806398265,31,170.3969141941203,206.80971787780160
164,0.11534345264331666,30,133.9841105104390,170.39691419412030
132,0.11520718262487141,28,61.1585031430764,97.57130682675770
78,0.11468056850257143,29,97.5713068267577,133.98411051043900
174,0.11422596294617858,27,24.7456994593951,61.15850314307640
202,0.11384653395474999,26,-11.6671042242862,24.74569945939510
247,0.11377518577095,27,24.7456994593951,61.15850314307640
245,0.1137349611088958,27,24.7456994593951,61.15850314307640
151,0.11363740975978001,28,61.1585031430764,97.57130682675770
145,0.11353918499495715,30,133.9841105104390,170.39691419412030
87,0.11336102725069293,26,-11.6671042242862,24.74569945939510
136,0.113306148317,31,170.3969141941203,206.80971787780160
243,0.11326658411771844,27,24.7456994593951,61.15850314307640
13,0.11312970987725,30,133.9841105104390,170.39691419412030
171,0.11299311846005243,26,-11.6671042242862,24.74569945939510
-1,0.11268901018800521,32,206.8097178778016,243.22252156148290
70,0.11238431736669822,29,97.5713068267577,133.98411051043900
136,0.11233303569455495,27,24.7456994593951,61.15850314307640
65,0.1122568371094226,27,24.7456994593951,61.15850314307640
9,0.11175117556038594,27,24.7456994593951,61.15850314307640
208,0.111669458403,35,316.0481289288455,352.46093261252680
65,0.111656989728,30,133.9841105104390,170.39691419412030
137,0.110738303428985,33,243.2225215614829,279.63532524516420
52,0.11062864193355554,28,61.1585031430764,97.57130682675770
133,0.10996382768833335,29,97.5713068267577,133.98411051043900
235,0.10990879342916332,26,-11.6671042242862,24.74569945939510
172,0.1097946738915957,26,-11.6671042242862,24.74569945939510
117,0.10975604985569506,27,24.7456994593951,61.15850314307640
70,0.10971647719504722,31,170.3969141941203,206.80971787780160
248,0.10936852573665497,26,-11.6671042242862,24.74569945939510
70,0.10928793093136525,32,206.8097178778016,243.22252156148290
106,0.10915962041005495,26,-11.6671042242862,24.74569945939510
-1,0.10910297800734071,27,24.7456994593951,61.15850314307640
70,0.10899815813974369,27,24.7456994593951,61.15850314307640
256,0.10891411863587896,27,24.7456994593951,61.15850314307640
7,0.10881588038338749,27,24.7456994593951,61.15850314307640
64,0.10871384313106164,26,-11.6671042242862,24.74569945939510
131,0.1086333020450409,35,316.0481289288455,352.46093261252680
116,0.10808980174326999,27,24.7456994593951,61.15850314307640
175,0.10747839500761999,28,61.1585031430764,97.57130682675770
249,0.10741593151548333,27,24.7456994593951,61.15850314307640
96,0.10730629207296483,27,24.7456994593951,61.15850314307640
229,0.10709527920705143,27,24.7456994593951,61.15850314307640
75,0.10686539942048594,26,-11.6671042242862,24.74569945939510
208,0.10670164219877779,28,61.1585031430764,97.57130682675770
161,0.10663953506789285,28,61.1585031430764,97.57130682675770
136,0.1066315056571354,26,-11.6671042242862,24.74569945939510
182,0.106503834138,30,133.9841105104390,170.39691419412030
126,0.10641363376119269,27,24.7456994593951,61.15850314307640
215,0.10626912636804182,26,-11.6671042242862,24.74569945939510
16,0.106224771617,28,61.1585031430764,97.57130682675770
251,0.106095524428,27,24.7456994593951,61.15850314307640
117,0.10605842815142313,31,170.3969141941203,206.80971787780160
35,0.10599680906059424,27,24.7456994593951,61.15850314307640
8,0.10581688800438915,26,-11.6671042242862,24.74569945939510
228,0.10577167288378213,27,24.7456994593951,61.15850314307640
74,0.10572092834022455,27,24.7456994593951,61.15850314307640
203,0.10562625843030833,27,24.7456994593951,61.15850314307640
114,0.10531609553379107,26,-11.6671042242862,24.74569945939510
164,0.10528527209750223,26,-11.6671042242862,24.74569945939510
43,0.10506128170022205,27,24.7456994593951,61.15850314307640
72,0.10500967698949763,27,24.7456994593951,61.15850314307640
28,0.10491821944199999,27,24.7456994593951,61.15850314307640
145,0.10488618156704711,26,-11.6671042242862,24.74569945939510
86,0.10465432188117293,27,24.7456994593951,61.15850314307640
199,0.10454125597774999,32,206.8097178778016,243.22252156148290
227,0.1041758016919807,27,24.7456994593951,61.15850314307640
51,0.10389734975723224,26,-11.6671042242862,24.74569945939510
41,0.10382912394717525,26,-11.6671042242862,24.74569945939510
109,0.10372359447415745,27,24.7456994593951,61.15850314307640
131,0.10364634518831993,29,97.5713068267577,133.98411051043900
-1,0.10311983570059968,30,133.9841105104390,170.39691419412030
97,0.10285328982927366,27,24.7456994593951,61.15850314307640
226,0.10250119316374218,26,-11.6671042242862,24.74569945939510
114,0.10239195198457272,30,133.9841105104390,170.39691419412030
17,0.10230832667473463,27,24.7456994593951,61.15850314307640
147,0.10230351655793572,27,24.7456994593951,61.15850314307640
119,0.10211436100989627,26,-11.6671042242862,24.74569945939510
34,0.10167543352592857,28,61.1585031430764,97.57130682675770
6,0.10162983842145609,27,24.7456994593951,61.15850314307640
122,0.1012377633614852,27,24.7456994593951,61.15850314307640
13,0.1012244668365,28,61.1585031430764,97.57130682675770
199,0.100948919847,39,461.6993436635707,498.11214734725200
154,0.10088298734345903,26,-11.6671042242862,24.74569945939510
129,0.10046662893515769,27,24.7456994593951,61.15850314307640
-1,0.1004641056960045,31,170.3969141941203,206.80971787780160
122,0.100374732334,34,279.6353252451642,316.04812892884550
150,0.1000026121256,29,97.5713068267577,133.98411051043900
199,0.1,40,498.1121473472520,534.52495103093330
253,0.1,32,206.8097178778016,243.22252156148290
61,0.1,30,133.9841105104390,170.39691419412030
229,0.0999959630215,39,461.6993436635707,498.11214734725200
164,0.099990436113,32,206.8097178778016,243.22252156148290
257,0.0999725726825,28,61.1585031430764,97.57130682675770
103,0.0999250562078,37,388.8737362962081,425.28653997988940
181,0.0998745353088,28,61.1585031430764,97.57130682675770
253,0.09972442055249638,26,-11.6671042242862,24.74569945939510
85,0.09957012374312173,26,-11.6671042242862,24.74569945939510
157,0.099358974359,30,133.9841105104390,170.39691419412030
188,0.09920402845783233,27,24.7456994593951,61.15850314307640
113,0.09913044357121349,26,-11.6671042242862,24.74569945939510
235,0.09884608568863333,32,206.8097178778016,243.22252156148290
38,0.0988438628826,28,61.1585031430764,97.57130682675770
70,0.09842536587108026,30,133.9841105104390,170.39691419412030
72,0.09827988366523333,32,206.8097178778016,243.22252156148290
131,0.09826649877388838,32,206.8097178778016,243.22252156148290
131,0.09824900649477779,36,352.4609326125268,388.87373629620810
30,0.09813778171366401,26,-11.6671042242862,24.74569945939510
-1,0.09805202822226118,26,-11.6671042242862,24.74569945939510
6,0.09797466913942499,31,170.3969141941203,206.80971787780160
46,0.0979300909298846,27,24.7456994593951,61.15850314307640
240,0.09786943809572793,26,-11.6671042242862,24.74569945939510
36,0.09784799708349394,26,-11.6671042242862,24.74569945939510
117,0.09778548955120372,30,133.9841105104390,170.39691419412030
135,0.09770026582169311,27,24.7456994593951,61.15850314307640
131,0.09769319185848334,38,425.2865399798894,461.69934366357070
128,0.09729693824289387,30,133.9841105104390,170.39691419412030
117,0.09697773479451928,26,-11.6671042242862,24.74569945939510
239,0.09640131126134172,26,-11.6671042242862,24.74569945939510
180,0.096386954069555,26,-11.6671042242862,24.74569945939510
256,0.09608110893320002,28,61.1585031430764,97.57130682675770
143,0.09600192136395455,27,24.7456994593951,61.15850314307640
74,0.09557020828191666,28,61.1585031430764,97.57130682675770
126,0.09555555555566668,29,97.5713068267577,133.98411051043900
155,0.0954621177456483,27,24.7456994593951,61.15850314307640
154,0.09537041130131428,34,279.6353252451642,316.04812892884550
92,0.09534782484766667,29,97.5713068267577,133.98411051043900
94,0.095186948135637,27,24.7456994593951,61.15850314307640
131,0.09505515079691916,30,133.9841105104390,170.39691419412030
22,0.09498357204230201,26,-11.6671042242862,24.74569945939510
220,0.09485220828753414,26,-11.6671042242862,24.74569945939510
191,0.09479843377693002,26,-11.6671042242862,24.74569945939510
132,0.094712539083635,27,24.7456994593951,61.15850314307640
259,0.094641848021275,29,97.5713068267577,133.98411051043900
213,0.09434634417888889,26,-11.6671042242862,24.74569945939510
197,0.0940733772342,29,97.5713068267577,133.98411051043900
28,0.0940733772342,29,97.5713068267577,133.98411051043900
128,0.09401098535172082,29,97.5713068267577,133.98411051043900
157,0.0937960476197464,26,-11.6671042242862,24.74569945939510
143,0.0937797240605409,29,97.5713068267577,133.98411051043900
208,0.093389465361,27,24.7456994593951,61.15850314307640
212,0.09326801135740001,27,24.7456994593951,61.15850314307640
92,0.09283775005579999,32,206.8097178778016,243.22252156148290
85,0.09266777304416252,32,206.8097178778016,243.22252156148290
201,0.092604235351586,27,24.7456994593951,61.15850314307640
165,0.09258213333795239,27,24.7456994593951,61.15850314307640
141,0.09251029116297838,26,-11.6671042242862,24.74569945939510
8,0.092428711898,31,170.3969141941203,206.80971787780160
206,0.09233313843835213,27,24.7456994593951,61.15850314307640
87,0.09197165444422001,31,170.3969141941203,206.80971787780160
-1,0.09195898550695555,39,461.6993436635707,498.11214734725200
39,0.09143911529340526,26,-11.6671042242862,24.74569945939510
165,0.09137489690947431,26,-11.6671042242862,24.74569945939510
223,0.09125045879341666,26,-11.6671042242862,24.74569945939510
217,0.091203574065,26,-11.6671042242862,24.74569945939510
105,0.09097433009180728,26,-11.6671042242862,24.74569945939510
43,0.09096482903949735,26,-11.6671042242862,24.74569945939510
197,0.0909175507165,32,206.8097178778016,243.22252156148290
240,0.0907852927826,32,206.8097178778016,243.22252156148290
45,0.0904848715138161,26,-11.6671042242862,24.74569945939510
229,0.09042932269304978,26,-11.6671042242862,24.74569945939510
236,0.08973521083421766,27,24.7456994593951,61.15850314307640
68,0.0892780303702933,26,-11.6671042242862,24.74569945939510
33,0.08880879543772302,26,-11.6671042242862,24.74569945939510
253,0.08867013544373159,29,97.5713068267577,133.98411051043900
74,0.0886302598298,29,97.5713068267577,133.98411051043900
198,0.0886195860550651,27,24.7456994593951,61.15850314307640
143,0.08834410183933335,30,133.9841105104390,170.39691419412030
62,0.08813800171046252,26,-11.6671042242862,24.74569945939510
259,0.08753889744204242,27,24.7456994593951,61.15850314307640
49,0.08733766614258393,26,-11.6671042242862,24.74569945939510
25,0.08726794815708,30,133.9841105104390,170.39691419412030
131,0.08690246190435824,33,243.2225215614829,279.63532524516420
6,0.08664260149889165,30,133.9841105104390,170.39691419412030
215,0.0861623298294,42,570.9377547146146,607.35055839829590
257,0.08600097507787142,27,24.7456994593951,61.15850314307640
66,0.0854700854701,27,24.7456994593951,61.15850314307640
70,0.08540114724966917,34,279.6353252451642,316.04812892884550
0,0.08528677041725001,27,24.7456994593951,61.15850314307640
236,0.0851483882504674,26,-11.6671042242862,24.74569945939510
245,0.08510989886176668,31,170.3969141941203,206.80971787780160
197,0.08489770810035346,26,-11.6671042242862,24.74569945939510
243,0.08473015415453733,26,-11.6671042242862,24.74569945939510
91,0.08471140686720603,27,24.7456994593951,61.15850314307640
151,0.08400745878269188,27,24.7456994593951,61.15850314307640
4,0.08383643753158333,27,24.7456994593951,61.15850314307640
118,0.08359114481124848,27,24.7456994593951,61.15850314307640
204,0.083373727581,27,24.7456994593951,61.15850314307640
37,0.0833463521325,28,61.1585031430764,97.57130682675770
114,0.083337216346,32,206.8097178778016,243.22252156148290
215,0.0833333333335,32,206.8097178778016,243.22252156148290
79,0.0833333333335,31,170.3969141941203,206.80971787780160
196,0.0833333333335,33,243.2225215614829,279.63532524516420
259,0.0833333333335,34,279.6353252451642,316.04812892884550
39,0.0833333333335,31,170.3969141941203,206.80971787780160
26,0.0833333333335,29,97.5713068267577,133.98411051043900
128,0.0833333333335,33,243.2225215614829,279.63532524516420
208,0.0833333333335,29,97.5713068267577,133.98411051043900
55,0.0833333333335,29,97.5713068267577,133.98411051043900
183,0.083324860193,29,97.5713068267577,133.98411051043900
70,0.08332048276125001,35,316.0481289288455,352.46093261252680
75,0.0833152291985,32,206.8097178778016,243.22252156148290
221,0.083313748531,32,206.8097178778016,243.22252156148290
174,0.08330663005190454,26,-11.6671042242862,24.74569945939510
58,0.083301046106,29,97.5713068267577,133.98411051043900
251,0.083296422068,31,170.3969141941203,206.80971787780160
67,0.08329008822,28,61.1585031430764,97.57130682675770
184,0.083271650629,28,61.1585031430764,97.57130682675770
26,0.083267561168,28,61.1585031430764,97.57130682675770
102,0.0831265508685,26,-11.6671042242862,24.74569945939510
255,0.08303974515197489,26,-11.6671042242862,24.74569945939510
96,0.08297978153723527,26,-11.6671042242862,24.74569945939510
134,0.0828333333333,42,570.9377547146146,607.35055839829590
219,0.08278022139933751,32,206.8097178778016,243.22252156148290
99,0.0826559697438909,27,24.7456994593951,61.15850314307640
192,0.08210256288306726,26,-11.6671042242862,24.74569945939510
6,0.08194438707615001,29,97.5713068267577,133.98411051043900
-1,0.08180228116451624,33,243.2225215614829,279.63532524516420
55,0.08178279521851388,27,24.7456994593951,61.15850314307640
152,0.081660974193786,27,24.7456994593951,61.15850314307640
150,0.08156920837453482,27,24.7456994593951,61.15850314307640
58,0.0813272608979,33,243.2225215614829,279.63532524516420
163,0.0810479024283357,27,24.7456994593951,61.15850314307640
160,0.08087539531506667,28,61.1585031430764,97.57130682675770
127,0.08080206370599445,28,61.1585031430764,97.57130682675770
33,0.0807319698601,31,170.3969141941203,206.80971787780160
150,0.0807240704501,37,388.8737362962081,425.28653997988940
56,0.08053089072715283,27,24.7456994593951,61.15850314307640
222,0.08000942955525,27,24.7456994593951,61.15850314307640
137,0.07978831987712501,34,279.6353252451642,316.04812892884550
228,0.079689864836115,26,-11.6671042242862,24.74569945939510
61,0.0794333954309291,26,-11.6671042242862,24.74569945939510
196,0.07920965617752079,27,24.7456994593951,61.15850314307640
160,0.07900876991667648,27,24.7456994593951,61.15850314307640
46,0.07860277471186666,28,61.1585031430764,97.57130682675770
13,0.07836702027571527,27,24.7456994593951,61.15850314307640
242,0.07783233472038333,27,24.7456994593951,61.15850314307640
92,0.07720656827948333,30,133.9841105104390,170.39691419412030
69,0.07661855140129001,27,24.7456994593951,61.15850314307640
15,0.07656093503504709,26,-11.6671042242862,24.74569945939510
118,0.076429226536,29,97.5713068267577,133.98411051043900
44,0.07642276422766667,26,-11.6671042242862,24.74569945939510
77,0.07618658228751667,27,24.7456994593951,61.15850314307640
148,0.0759955415949,31,170.3969141941203,206.80971787780160
134,0.07586492971173334,27,24.7456994593951,61.15850314307640
137,0.0756925871726,37,388.8737362962081,425.28653997988940
161,0.0748177112566,27,24.7456994593951,61.15850314307640
45,0.0746825989544,33,243.2225215614829,279.63532524516420
215,0.0745712155108,37,388.8737362962081,425.28653997988940
22,0.074543421543,33,243.2225215614829,279.63532524516420
116,0.07450551278676666,30,133.9841105104390,170.39691419412030
221,0.07403783741783333,30,133.9841105104390,170.39691419412030
137,0.07397251746924653,26,-11.6671042242862,24.74569945939510
52,0.07395385671117666,27,24.7456994593951,61.15850314307640
237,0.0739340598448261,27,24.7456994593951,61.15850314307640
206,0.07370622612180677,26,-11.6671042242862,24.74569945939510
188,0.0733142857142,28,61.1585031430764,97.57130682675770
34,0.07234758671455152,27,24.7456994593951,61.15850314307640
83,0.0723150135299,32,206.8097178778016,243.22252156148290
53,0.07204968442132444,26,-11.6671042242862,24.74569945939510
219,0.0708094048353077,31,170.3969141941203,206.80971787780160
133,0.07049134012277256,27,24.7456994593951,61.15850314307640
63,0.07027056886787614,27,24.7456994593951,61.15850314307640
78,0.06942735880405,28,61.1585031430764,97.57130682675770
43,0.0691396725879,32,206.8097178778016,243.22252156148290
127,0.06867246032460973,27,24.7456994593951,61.15850314307640
257,0.06857689928960439,26,-11.6671042242862,24.74569945939510
230,0.06851687641122223,27,24.7456994593951,61.15850314307640
72,0.06850292958130347,26,-11.6671042242862,24.74569945939510
116,0.06845683318628185,26,-11.6671042242862,24.74569945939510
132,0.06841924689884825,26,-11.6671042242862,24.74569945939510
112,0.06828368045616087,26,-11.6671042242862,24.74569945939510
65,0.06816429815018862,26,-11.6671042242862,24.74569945939510
216,0.06793341146754368,27,24.7456994593951,61.15850314307640
58,0.06779156246143268,27,24.7456994593951,61.15850314307640
178,0.06739747851797727,27,24.7456994593951,61.15850314307640
53,0.06736275269590854,27,24.7456994593951,61.15850314307640
221,0.06722147061774285,31,170.3969141941203,206.80971787780160
193,0.06699138499145779,26,-11.6671042242862,24.74569945939510
44,0.06669968631333333,27,24.7456994593951,61.15850314307640
95,0.0666388665584,27,24.7456994593951,61.15850314307640
243,0.06623931623933334,28,61.1585031430764,97.57130682675770
161,0.06623931623933334,31,170.3969141941203,206.80971787780160
10,0.06620895522386666,27,24.7456994593951,61.15850314307640
247,0.0661327634808,28,61.1585031430764,97.57130682675770
75,0.0653936698928,34,279.6353252451642,316.04812892884550
143,0.06509159284980187,26,-11.6671042242862,24.74569945939510
128,0.06498694349054,31,170.3969141941203,206.80971787780160
74,0.06462706923998664,26,-11.6671042242862,24.74569945939510
6,0.06423280382861246,26,-11.6671042242862,24.74569945939510
79,0.06417829068442214,27,24.7456994593951,61.15850314307640
109,0.06360108108626901,26,-11.6671042242862,24.74569945939510
86,0.06321636562851579,26,-11.6671042242862,24.74569945939510
120,0.0630672475596,27,24.7456994593951,61.15850314307640
63,0.06273065277820666,26,-11.6671042242862,24.74569945939510
90,0.06263263371808334,26,-11.6671042242862,24.74569945939510
251,0.0625229274871326,26,-11.6671042242862,24.74569945939510
201,0.062411911906693596,26,-11.6671042242862,24.74569945939510
154,0.0623441396509,35,316.0481289288455,352.46093261252680
130,0.062187190438078264,27,24.7456994593951,61.15850314307640
119,0.06214967710496482,27,24.7456994593951,61.15850314307640
196,0.0619518693894798,26,-11.6671042242862,24.74569945939510
31,0.06190269777464094,26,-11.6671042242862,24.74569945939510
19,0.06176935272936585,26,-11.6671042242862,24.74569945939510
88,0.061685689503739635,26,-11.6671042242862,24.74569945939510
181,0.061610653193775,27,24.7456994593951,61.15850314307640
69,0.06156000873853448,26,-11.6671042242862,24.74569945939510
90,0.06137762190435,28,61.1585031430764,97.57130682675770
245,0.06131890725097872,26,-11.6671042242862,24.74569945939510
238,0.061147391466094735,27,24.7456994593951,61.15850314307640
122,0.06101136238373999,26,-11.6671042242862,24.74569945939510
131,0.0609945693580282,34,279.6353252451642,316.04812892884550
241,0.060975609756000006,27,24.7456994593951,61.15850314307640
144,0.060905134275900004,27,24.7456994593951,61.15850314307640
57,0.0605798573169,27,24.7456994593951,61.15850314307640
227,0.060492149518017437,26,-11.6671042242862,24.74569945939510
117,0.06046060223869999,33,243.2225215614829,279.63532524516420
43,0.05889281507666667,30,133.9841105104390,170.39691419412030
125,0.05829228243023077,26,-11.6671042242862,24.74569945939510
50,0.05827848677383333,27,24.7456994593951,61.15850314307640
172,0.057738807634775,29,97.5713068267577,133.98411051043900
10,0.05769230769225,26,-11.6671042242862,24.74569945939510
219,0.05744041611107223,29,97.5713068267577,133.98411051043900
179,0.0568828213879,31,170.3969141941203,206.80971787780160
199,0.05669094688316667,30,133.9841105104390,170.39691419412030
199,0.05665243778776257,26,-11.6671042242862,24.74569945939510
223,0.056410256410299994,27,24.7456994593951,61.15850314307640
45,0.056230319388,31,170.3969141941203,206.80971787780160
71,0.055969606304892366,26,-11.6671042242862,24.74569945939510
155,0.0558978547281,29,97.5713068267577,133.98411051043900
26,0.05585966298077631,26,-11.6671042242862,24.74569945939510
56,0.055815874263945,28,61.1585031430764,97.57130682675770
65,0.05559447549299267,29,97.5713068267577,133.98411051043900
210,0.055565334741666667,27,24.7456994593951,61.15850314307640
199,0.0555617332,31,170.3969141941203,206.80971787780160
98,0.055555555555666665,26,-11.6671042242862,24.74569945939510
32,0.0555555555556,28,61.1585031430764,97.57130682675770
91,0.055543278084666664,31,170.3969141941203,206.80971787780160
113,0.055536312203999995,30,133.9841105104390,170.39691419412030
14,0.05552481092033334,28,61.1585031430764,97.57130682675770
219,0.055521313336,35,316.0481289288455,352.46093261252680
1,0.05549177190966667,27,24.7456994593951,61.15850314307640
258,0.0553709856035,28,61.1585031430764,97.57130682675770
55,0.05525624715734812,26,-11.6671042242862,24.74569945939510
229,0.055186910179449995,33,243.2225215614829,279.63532524516420
35,0.05517021205011636,26,-11.6671042242862,24.74569945939510
13,0.05495497421535324,26,-11.6671042242862,24.74569945939510
99,0.054802166254297374,26,-11.6671042242862,24.74569945939510
244,0.05448228093599841,27,24.7456994593951,61.15850314307640
94,0.054142396683551905,26,-11.6671042242862,24.74569945939510
48,0.05377160205516667,26,-11.6671042242862,24.74569945939510
25,0.053221686063,34,279.6353252451642,316.04812892884550
84,0.05298277292440625,26,-11.6671042242862,24.74569945939510
131,0.05293728441458572,37,388.8737362962081,425.28653997988940
67,0.05287112816754286,27,24.7456994593951,61.15850314307640
18,0.05229191727187957,26,-11.6671042242862,24.74569945939510
194,0.05184276272557444,26,-11.6671042242862,24.74569945939510
152,0.05183877423023333,26,-11.6671042242862,24.74569945939510
133,0.05173498010291224,26,-11.6671042242862,24.74569945939510
95,0.05152123938735676,26,-11.6671042242862,24.74569945939510
57,0.05147567263642,28,61.1585031430764,97.57130682675770
131,0.050978614155313566,27,24.7456994593951,61.15850314307640
212,0.05094886234240572,26,-11.6671042242862,24.74569945939510
158,0.0507128729716,28,61.1585031430764,97.57130682675770
92,0.05067432571855827,26,-11.6671042242862,24.74569945939510
52,0.05026712836577177,26,-11.6671042242862,24.74569945939510
25,0.05018496036632083,26,-11.6671042242862,24.74569945939510
139,0.05003291639225,27,24.7456994593951,61.15850314307640
198,0.050000377674407494,26,-11.6671042242862,24.74569945939510
135,0.049977362838299996,28,61.1585031430764,97.57130682675770
171,0.0498007968127,31,170.3969141941203,206.80971787780160
23,0.04953925495934657,27,24.7456994593951,61.15850314307640
203,0.04949978779034615,26,-11.6671042242862,24.74569945939510
199,0.049222938242614804,27,24.7456994593951,61.15850314307640
136,0.04892967458906364,30,133.9841105104390,170.39691419412030
219,0.04774886678095,33,243.2225215614829,279.63532524516420
164,0.0474984167194,34,279.6353252451642,316.04812892884550
208,0.04734848484833334,30,133.9841105104390,170.39691419412030
126,0.04732625006125546,26,-11.6671042242862,24.74569945939510
216,0.04662729250855,28,61.1585031430764,97.57130682675770
137,0.046305449475983335,35,316.0481289288455,352.46093261252680
129,0.04625341239648718,26,-11.6671042242862,24.74569945939510
117,0.0461538461538,34,279.6353252451642,316.04812892884550
118,0.0461497890296,28,61.1585031430764,97.57130682675770
9,0.04571234188589895,26,-11.6671042242862,24.74569945939510
221,0.04551386521217952,26,-11.6671042242862,24.74569945939510
-1,0.045495656606777776,37,388.8737362962081,425.28653997988940
91,0.04539131263827143,30,133.9841105104390,170.39691419412030
178,0.0453812020976,39,461.6993436635707,498.11214734725200
29,0.045192645302548386,26,-11.6671042242862,24.74569945939510
228,0.0450740502254,30,133.9841105104390,170.39691419412030
97,0.044801370930532596,26,-11.6671042242862,24.74569945939510
188,0.04459612582968033,26,-11.6671042242862,24.74569945939510
150,0.04434190614234184,26,-11.6671042242862,24.74569945939510
97,0.0434065457071,32,206.8097178778016,243.22252156148290
39,0.0433776749566,35,316.0481289288455,352.46093261252680
130,0.04329102552067984,26,-11.6671042242862,24.74569945939510
219,0.043223235494993476,26,-11.6671042242862,24.74569945939510
62,0.04315925766075,27,24.7456994593951,61.15850314307640
33,0.0424808836024,39,461.6993436635707,498.11214734725200
23,0.04195525452102728,26,-11.6671042242862,24.74569945939510
147,0.041846884331308606,26,-11.6671042242862,24.74569945939510
134,0.041809715748599506,26,-11.6671042242862,24.74569945939510
241,0.04180447908991739,26,-11.6671042242862,24.74569945939510
178,0.04167402436875,29,97.5713068267577,133.98411051043900
177,0.04166666666675,27,24.7456994593951,61.15850314307640
14,0.04166666666675,27,24.7456994593951,61.15850314307640
120,0.04156626506025,26,-11.6671042242862,24.74569945939510
221,0.041322384730624676,27,24.7456994593951,61.15850314307640
2,0.0409276944065,28,61.1585031430764,97.57130682675770
28,0.04075924153675,26,-11.6671042242862,24.74569945939510
20,0.040703139688000003,27,24.7456994593951,61.15850314307640
132,0.04063400271666,30,133.9841105104390,170.39691419412030
259,0.04058109625333455,26,-11.6671042242862,24.74569945939510
177,0.040318799812512504,26,-11.6671042242862,24.74569945939510
158,0.040085800945274995,27,24.7456994593951,61.15850314307640
222,0.039599100823625,26,-11.6671042242862,24.74569945939510
178,0.03940556769874936,26,-11.6671042242862,24.74569945939510
155,0.03923309322954199,26,-11.6671042242862,24.74569945939510
67,0.0384615384615,26,-11.6671042242862,24.74569945939510
70,0.038120291006131464,26,-11.6671042242862,24.74569945939510
184,0.03811742088142857,26,-11.6671042242862,24.74569945939510
256,0.03811726627464597,26,-11.6671042242862,24.74569945939510
103,0.03786467642678387,26,-11.6671042242862,24.74569945939510
34,0.037100456621,26,-11.6671042242862,24.74569945939510
47,0.03709873471406,26,-11.6671042242862,24.74569945939510
159,0.03696272038079459,26,-11.6671042242862,24.74569945939510
141,0.0368188512518,30,133.9841105104390,170.39691419412030
58,0.03658802417159537,26,-11.6671042242862,24.74569945939510
237,0.03581958766328334,26,-11.6671042242862,24.74569945939510
91,0.03576196833875,32,206.8097178778016,243.22252156148290
128,0.03540019519130474,26,-11.6671042242862,24.74569945939510
63,0.03501400560225,30,133.9841105104390,170.39691419412030
118,0.03473100000056485,26,-11.6671042242862,24.74569945939510
184,0.03472222222225,27,24.7456994593951,61.15850314307640
92,0.03435213309480761,27,24.7456994593951,61.15850314307640
76,0.03387533875341667,26,-11.6671042242862,24.74569945939510
7,0.03360042813446389,26,-11.6671042242862,24.74569945939510
249,0.03349705749904125,26,-11.6671042242862,24.74569945939510
127,0.03339903584318915,26,-11.6671042242862,24.74569945939510
252,0.033310295043727275,27,24.7456994593951,61.15850314307640
89,0.0332989690722,27,24.7456994593951,61.15850314307640
208,0.033156498673758625,26,-11.6671042242862,24.74569945939510
90,0.033106537530275,27,24.7456994593951,61.15850314307640
56,0.03283253478077256,26,-11.6671042242862,24.74569945939510
17,0.0327460684196375,26,-11.6671042242862,24.74569945939510
50,0.0319897632758,30,133.9841105104390,170.39691419412030
161,0.0318782488045364,26,-11.6671042242862,24.74569945939510
221,0.031650339110833335,29,97.5713068267577,133.98411051043900
91,0.030806676415069026,26,-11.6671042242862,24.74569945939510
79,0.030572398719360103,26,-11.6671042242862,24.74569945939510
93,0.0303815219988824,26,-11.6671042242862,24.74569945939510
162,0.03033778019519437,26,-11.6671042242862,24.74569945939510
74,0.0303057798748,32,206.8097178778016,243.22252156148290
259,0.0298792876778,30,133.9841105104390,170.39691419412030
135,0.02955370786096173,26,-11.6671042242862,24.74569945939510
25,0.029546298828351525,27,24.7456994593951,61.15850314307640
97,0.02942561205275,33,243.2225215614829,279.63532524516420
181,0.029265141150281095,26,-11.6671042242862,24.74569945939510
47,0.0287769784172,27,24.7456994593951,61.15850314307640
46,0.02837228881768787,26,-11.6671042242862,24.74569945939510
128,0.028141454465799128,27,24.7456994593951,61.15850314307640
50,0.028046890137615386,26,-11.6671042242862,24.74569945939510
219,0.02781644373969007,27,24.7456994593951,61.15850314307640
26,0.02756236276652174,27,24.7456994593951,61.15850314307640
245,0.027512839325,30,133.9841105104390,170.39691419412030
247,0.02744978488007736,26,-11.6671042242862,24.74569945939510
144,0.027118999080988273,26,-11.6671042242862,24.74569945939510
131,0.027098913974858717,26,-11.6671042242862,24.74569945939510
242,0.026970080067471428,26,-11.6671042242862,24.74569945939510
64,0.0266951414842,29,97.5713068267577,133.98411051043900
216,0.02658323132482767,26,-11.6671042242862,24.74569945939510
82,0.026200873362400002,27,24.7456994593951,61.15850314307640
0,0.02616445212005536,26,-11.6671042242862,24.74569945939510
37,0.025864680344114287,27,24.7456994593951,61.15850314307640
29,0.025641025641,27,24.7456994593951,61.15850314307640
194,0.02525282999858,27,24.7456994593951,61.15850314307640
195,0.025227775962833335,28,61.1585031430764,97.57130682675770
182,0.02521417911878276,26,-11.6671042242862,24.74569945939510
160,0.023976212463087336,26,-11.6671042242862,24.74569945939510
125,0.02380952380957143,27,24.7456994593951,61.15850314307640
37,0.023484848484881818,26,-11.6671042242862,24.74569945939510
175,0.02345946326100088,26,-11.6671042242862,24.74569945939510
57,0.022492401215866663,26,-11.6671042242862,24.74569945939510
73,0.021938775510224492,26,-11.6671042242862,24.74569945939510
238,0.021112857315428394,26,-11.6671042242862,24.74569945939510
239,0.020833333333375,33,243.2225215614829,279.63532524516420
234,0.020535625908249998,27,24.7456994593951,61.15850314307640
213,0.020008003201266666,28,61.1585031430764,97.57130682675770
154,0.0192196809533,40,498.1121473472520,534.52495103093330
151,0.0188671768069,26,-11.6671042242862,24.74569945939510
12,0.0186567164179,27,24.7456994593951,61.15850314307640
244,0.01657679554352174,26,-11.6671042242862,24.74569945939510
158,0.01641734462752275,26,-11.6671042242862,24.74569945939510
5,0.016307893020233333,27,24.7456994593951,61.15850314307640
109,0.0160875160875,34,279.6353252451642,316.04812892884550
244,0.015797788309633333,28,61.1585031430764,97.57130682675770
252,0.01519498978909147,26,-11.6671042242862,24.74569945939510
89,0.015166380698653847,26,-11.6671042242862,24.74569945939510
163,0.015030184143661016,26,-11.6671042242862,24.74569945939510
-1,0.0145921494236,45,680.1761657656585,716.58896944933980
115,0.0140252454418,28,61.1585031430764,97.57130682675770
230,0.012291711938822858,26,-11.6671042242862,24.74569945939510
234,0.012033207476578333,26,-11.6671042242862,24.74569945939510
182,0.01168224299065,27,24.7456994593951,61.15850314307640
156,0.011111111111133333,26,-11.6671042242862,24.74569945939510
20,0.0110375275938,26,-11.6671042242862,24.74569945939510
131,0.00956315507612,40,498.1121473472520,534.52495103093330
170,0.00911078717201,27,24.7456994593951,61.15850314307640
63,0.0074358974359000005,29,97.5713068267577,133.98411051043900
107,0.00553097345133,31,170.3969141941203,206.80971787780160
41,0.0030042660578,44,643.7633620819772,680.17616576565850
89,4.97371038795E-4,28,61.1585031430764,97.57130682675770
12,0.0,26,-11.6671042242862,24.74569945939510
122,0.0,30,133.9841105104390,170.39691419412030
203,0.0,28,61.1585031430764,97.57130682675770
38,0.0,26,-11.6671042242862,24.74569945939510
116,0.0,24,-84.4927115916488,-48.07990790796750
69,0.0,25,-48.0799079079675,-11.66710422428620
24,0.0,28,61.1585031430764,97.57130682675770
41,0.0,23,-120.9055152753301,-84.49271159164880
169,0.0,27,24.7456994593951,61.15850314307640
234,0.0,33,243.2225215614829,279.63532524516420
131,0.0,46,716.5889694493398,753.00177313302110
69,0.0,29,97.5713068267577,133.98411051043900
8,0.0,24,-84.4927115916488,-48.07990790796750
131,0.0,23,-120.9055152753301,-84.49271159164880
141,0.0,25,-48.0799079079675,-11.66710422428620
186,0.0,26,-11.6671042242862,24.74569945939510
142,0.0,29,97.5713068267577,133.98411051043900
83,0.0,26,-11.6671042242862,24.74569945939510
154,0.0,25,-48.0799079079675,-11.66710422428620
239,0.0,40,498.1121473472520,534.52495103093330
154,0.0,48,789.4145768167024,825.82738050038370
180,0.0,24,-84.4927115916488,-48.07990790796750
75,0.0,25,-48.0799079079675,-11.66710422428620
155,0.0,25,-48.0799079079675,-11.66710422428620
70,0.0,50,862.2401841840650,898.65298786774630
188,0.0,32,206.8097178778016,243.22252156148290
253,0.0,24,-84.4927115916488,-48.07990790796750
216,0.0,32,206.8097178778016,243.22252156148290
-1,0.0,15,-412.2079447447805,-375.79514106109920
255,0.0,31,170.3969141941203,206.80971787780160
66,0.0,26,-11.6671042242862,24.74569945939510
63,0.0,25,-48.0799079079675,-11.66710422428620
136,0.0,24,-84.4927115916488,-48.07990790796750
164,0.0,24,-84.4927115916488,-48.07990790796750
72,0.0,36,352.4609326125268,388.87373629620810
17,0.0,30,133.9841105104390,170.39691419412030
45,0.0,39,461.6993436635707,498.11214734725200
80,0.0,26,-11.6671042242862,24.74569945939510
60,0.0,27,24.7456994593951,61.15850314307640
57,0.0,24,-84.4927115916488,-48.07990790796750
211,0.0,26,-11.6671042242862,24.74569945939510
154,0.0,3082,111265.8609531057666,111302.27375678944790
249,0.0,34,279.6353252451642,316.04812892884550
131,0.0,52,935.0657915514276,971.47859523510890
131,0.0,25,-48.0799079079675,-11.66710422428620
-1,0.0,40,498.1121473472520,534.52495103093330
246,0.0,26,-11.6671042242862,24.74569945939510
122,0.0,24,-84.4927115916488,-48.07990790796750
50,0.0,29,97.5713068267577,133.98411051043900
259,0.0,25,-48.0799079079675,-11.66710422428620
64,0.0,30,133.9841105104390,170.39691419412030
240,0.0,24,-84.4927115916488,-48.07990790796750
1,0.0,26,-11.6671042242862,24.74569945939510
106,0.0,38,425.2865399798894,461.69934366357070
159,0.0,31,170.3969141941203,206.80971787780160
87,0.0,24,-84.4927115916488,-48.07990790796750
199,0.0,29,97.5713068267577,133.98411051043900
73,0.0,28,61.1585031430764,97.57130682675770
193,0.0,29,97.5713068267577,133.98411051043900
43,0.0,24,-84.4927115916488,-48.07990790796750
135,0.0,29,97.5713068267577,133.98411051043900
-1,0.0,23,-120.9055152753301,-84.49271159164880
241,0.0,31,170.3969141941203,206.80971787780160
240,0.0,33,243.2225215614829,279.63532524516420
224,0.0,26,-11.6671042242862,24.74569945939510
135,0.0,30,133.9841105104390,170.39691419412030
4,0.0,26,-11.6671042242862,24.74569945939510
215,0.0,24,-84.4927115916488,-48.07990790796750
205,0.0,26,-11.6671042242862,24.74569945939510
194,0.0,30,133.9841105104390,170.39691419412030
137,0.0,42,570.9377547146146,607.35055839829590
240,0.0,37,388.8737362962081,425.28653997988940
33,0.0,37,388.8737362962081,425.28653997988940
199,0.0,33,243.2225215614829,279.63532524516420
253,0.0,25,-48.0799079079675,-11.66710422428620
248,0.0,25,-48.0799079079675,-11.66710422428620
55,0.0,39,461.6993436635707,498.11214734725200
140,0.0,26,-11.6671042242862,24.74569945939510
96,0.0,24,-84.4927115916488,-48.07990790796750
205,0.0,28,61.1585031430764,97.57130682675770
-1,0.0,14,-448.6207484284618,-412.20794474478050
5,0.0,29,97.5713068267577,133.98411051043900
148,0.0,27,24.7456994593951,61.15850314307640
81,0.0,26,-11.6671042242862,24.74569945939510
145,0.0,18,-302.9695336937366,-266.55673001005530
235,0.0,34,279.6353252451642,316.04812892884550
19,0.0,24,-84.4927115916488,-48.07990790796750
226,0.0,24,-84.4927115916488,-48.07990790796750
155,0.0,37,388.8737362962081,425.28653997988940
128,0.0,32,206.8097178778016,243.22252156148290
193,0.0,30,133.9841105104390,170.39691419412030
240,0.0,25,-48.0799079079675,-11.66710422428620
117,0.0,24,-84.4927115916488,-48.07990790796750
221,0.0,24,-84.4927115916488,-48.07990790796750
-1,0.0,50,862.2401841840650,898.65298786774630
-1,0.0,19,-266.5567300100553,-230.14392632637400
203,0.0,24,-84.4927115916488,-48.07990790796750
178,0.0,34,279.6353252451642,316.04812892884550
41,0.0,24,-84.4927115916488,-48.07990790796750
43,0.0,33,243.2225215614829,279.63532524516420
145,0.0,24,-84.4927115916488,-48.07990790796750
22,0.0,163,4976.8870004400519,5013.29980412373320
117,0.0,20,-230.1439263263740,-193.73112264269270
99,0.0,38,425.2865399798894,461.69934366357070
240,0.0,39,461.6993436635707,498.11214734725200
116,0.0,45,680.1761657656585,716.58896944933980
90,0.0,37,388.8737362962081,425.28653997988940
131,0.0,44,643.7633620819772,680.17616576565850
69,0.0,30,133.9841105104390,170.39691419412030
198,0.0,25,-48.0799079079675,-11.66710422428620
15,0.0,31,170.3969141941203,206.80971787780160
69,0.0,31,170.3969141941203,206.80971787780160
137,0.0,25,-48.0799079079675,-11.66710422428620
239,0.0,23,-120.9055152753301,-84.49271159164880
194,0.0,29,97.5713068267577,133.98411051043900
239,0.0,24,-84.4927115916488,-48.07990790796750
117,0.0,22,-157.3183189590114,-120.90551527533010
48,0.0,27,24.7456994593951,61.15850314307640
226,0.0,33,243.2225215614829,279.63532524516420
179,0.0,26,-11.6671042242862,24.74569945939510
79,0.0,25,-48.0799079079675,-11.66710422428620
225,0.0,26,-11.6671042242862,24.74569945939510
256,0.0,31,170.3969141941203,206.80971787780160
117,0.0,42,570.9377547146146,607.35055839829590
148,0.0,26,-11.6671042242862,24.74569945939510
229,0.0,24,-84.4927115916488,-48.07990790796750
178,0.0,33,243.2225215614829,279.63532524516420
200,0.0,26,-11.6671042242862,24.74569945939510
91,0.0,33,243.2225215614829,279.63532524516420
155,0.0,34,279.6353252451642,316.04812892884550
179,0.0,25,-48.0799079079675,-11.66710422428620
117,0.0,44,643.7633620819772,680.17616576565850
129,0.0,29,97.5713068267577,133.98411051043900
-1,0.0,66,1444.8450431229658,1481.25784680664710
226,0.0,31,170.3969141941203,206.80971787780160
256,0.0,30,133.9841105104390,170.39691419412030
229,0.0,22,-157.3183189590114,-120.90551527533010
23,0.0,29,97.5713068267577,133.98411051043900
239,0.0,35,316.0481289288455,352.46093261252680
131,0.0,53,971.4785952351089,1007.89139891879020
146,0.0,26,-11.6671042242862,24.74569945939510
5,0.0,28,61.1585031430764,97.57130682675770
248,0.0,35,316.0481289288455,352.46093261252680
17,0.0,24,-84.4927115916488,-48.07990790796750
-1,0.0,25,-48.0799079079675,-11.66710422428620
137,0.0,24,-84.4927115916488,-48.07990790796750
157,0.0,25,-48.0799079079675,-11.66710422428620
-1,0.0,109,3010.5956015212617,3047.00840520494300
183,0.0,26,-11.6671042242862,24.74569945939510
143,0.0,24,-84.4927115916488,-48.07990790796750
54,0.0,26,-11.6671042242862,24.74569945939510
144,0.0,25,-48.0799079079675,-11.66710422428620
-1,0.0,43,607.3505583982959,643.76336208197720
121,0.0,26,-11.6671042242862,24.74569945939510
116,0.0,34,279.6353252451642,316.04812892884550
180,0.0,25,-48.0799079079675,-11.66710422428620
235,0.0,25,-48.0799079079675,-11.66710422428620
109,0.0,36,352.4609326125268,388.87373629620810
122,0.0,33,243.2225215614829,279.63532524516420
39,0.0,25,-48.0799079079675,-11.66710422428620
106,0.0,25,-48.0799079079675,-11.66710422428620
178,0.0,31,170.3969141941203,206.80971787780160
143,0.0,25,-48.0799079079675,-11.66710422428620
91,0.0,35,316.0481289288455,352.46093261252680
155,0.0,32,206.8097178778016,243.22252156148290
189,0.0,27,24.7456994593951,61.15850314307640
65,0.0,25,-48.0799079079675,-11.66710422428620
219,0.0,24,-84.4927115916488,-48.07990790796750
171,0.0,25,-48.0799079079675,-11.66710422428620
163,0.0,25,-48.0799079079675,-11.66710422428620
153,0.0,27,24.7456994593951,61.15850314307640
17,0.0,29,97.5713068267577,133.98411051043900
196,0.0,29,97.5713068267577,133.98411051043900
223,0.0,29,97.5713068267577,133.98411051043900
128,0.0,24,-84.4927115916488,-48.07990790796750
128,0.0,39,461.6993436635707,498.11214734725200
154,0.0,0,-958.4000000000000,-921.98719631631870
39,0.0,32,206.8097178778016,243.22252156148290
220,0.0,29,97.5713068267577,133.98411051043900
178,0.0,38,425.2865399798894,461.69934366357070
157,0.0,24,-84.4927115916488,-48.07990790796750
-1,0.0,246,7999.1497061855998,8035.56250986928110
97,0.0,31,170.3969141941203,206.80971787780160
107,0.0,26,-11.6671042242862,24.74569945939510
70,0.0,36,352.4609326125268,388.87373629620810
117,0.0,36,352.4609326125268,388.87373629620810
75,0.0,24,-84.4927115916488,-48.07990790796750
178,0.0,37,388.8737362962081,425.28653997988940
91,0.0,37,388.8737362962081,425.28653997988940
-1,0.0,46,716.5889694493398,753.00177313302110
75,0.0,40,498.1121473472520,534.52495103093330
35,0.0,29,97.5713068267577,133.98411051043900
-1,0.0,22,-157.3183189590114,-120.90551527533010
-1,0.0,42,570.9377547146146,607.35055839829590
142,0.0,26,-11.6671042242862,24.74569945939510
86,0.0,34,279.6353252451642,316.04812892884550
117,0.0,37,388.8737362962081,425.28653997988940
109,0.0,24,-84.4927115916488,-48.07990790796750
229,0.0,50,862.2401841840650,898.65298786774630
192,0.0,29,97.5713068267577,133.98411051043900
176,0.0,28,61.1585031430764,97.57130682675770
82,0.0,28,61.1585031430764,97.57130682675770
259,0.0,40,498.1121473472520,534.52495103093330
199,0.0,43,607.3505583982959,643.76336208197720
117,0.0,25,-48.0799079079675,-11.66710422428620
72,0.0,47,753.0017731330211,789.41457681670240
85,0.0,25,-48.0799079079675,-11.66710422428620
87,0.0,32,206.8097178778016,243.22252156148290
248,0.0,34,279.6353252451642,316.04812892884550
188,0.0,29,97.5713068267577,133.98411051043900
9,0.0,33,243.2225215614829,279.63532524516420
143,0.0,32,206.8097178778016,243.22252156148290
-1,0.0,20,-230.1439263263740,-193.73112264269270
248,0.0,24,-84.4927115916488,-48.07990790796750
225,0.0,29,97.5713068267577,133.98411051043900
85,0.0,24,-84.4927115916488,-48.07990790796750
70,0.0,25,-48.0799079079675,-11.66710422428620
259,0.0,42,570.9377547146146,607.35055839829590
164,0.0,37,388.8737362962081,425.28653997988940
-1,0.0,21,-193.7311226426927,-157.31831895901140
164,0.0,25,-48.0799079079675,-11.66710422428620
6,0.0,25,-48.0799079079675,-11.66710422428620
154,0.0,54,1007.8913989187902,1044.30420260247150
246,0.0,28,61.1585031430764,97.57130682675770
212,0.0,29,97.5713068267577,133.98411051043900
78,0.0,26,-11.6671042242862,24.74569945939510
86,0.0,18,-302.9695336937366,-266.55673001005530
239,0.0,136,3993.7413009806568,4030.15410466433810
79,0.0,33,243.2225215614829,279.63532524516420
109,0.0,30,133.9841105104390,170.39691419412030
115,0.0,26,-11.6671042242862,24.74569945939510
154,0.0,24,-84.4927115916488,-48.07990790796750
131,0.0,20,-230.1439263263740,-193.73112264269270
207,0.0,26,-11.6671042242862,24.74569945939510
115,0.0,27,24.7456994593951,61.15850314307640
36,0.0,24,-84.4927115916488,-48.07990790796750
239,0.0,20,-230.1439263263740,-193.73112264269270
147,0.0,28,61.1585031430764,97.57130682675770
77,0.0,26,-11.6671042242862,24.74569945939510
29,0.0,33,243.2225215614829,279.63532524516420
106,0.0,24,-84.4927115916488,-48.07990790796750
131,0.0,24,-84.4927115916488,-48.07990790796750
127,0.0,42,570.9377547146146,607.35055839829590
41,0.0,37,388.8737362962081,425.28653997988940
17,0.0,22,-157.3183189590114,-120.90551527533010
212,0.0,30,133.9841105104390,170.39691419412030
117,0.0,40,498.1121473472520,534.52495103093330
33,0.0,25,-48.0799079079675,-11.66710422428620
76,0.0,28,61.1585031430764,97.57130682675770
85,0.0,38,425.2865399798894,461.69934366357070
68,0.0,24,-84.4927115916488,-48.07990790796750
243,0.0,23,-120.9055152753301,-84.49271159164880
199,0.0,53,971.4785952351089,1007.89139891879020
88,0.0,29,97.5713068267577,133.98411051043900
49,0.0,30,133.9841105104390,170.39691419412030
171,0.0,24,-84.4927115916488,-48.07990790796750
39,0.0,24,-84.4927115916488,-48.07990790796750
114,0.0,25,-48.0799079079675,-11.66710422428620
239,0.0,19,-266.5567300100553,-230.14392632637400
235,0.0,24,-84.4927115916488,-48.07990790796750
75,0.0,23,-120.9055152753301,-84.49271159164880
56,0.0,25,-48.0799079079675,-11.66710422428620
136,0.0,25,-48.0799079079675,-11.66710422428620
212,0.0,31,170.3969141941203,206.80971787780160
182,0.0,28,61.1585031430764,97.57130682675770
81,0.0,27,24.7456994593951,61.15850314307640
245,0.0,24,-84.4927115916488,-48.07990790796750
41,0.0,35,316.0481289288455,352.46093261252680
145,0.0,25,-48.0799079079675,-11.66710422428620
229,0.0,38,425.2865399798894,461.69934366357070
150,0.0,30,133.9841105104390,170.39691419412030
154,0.0,52,935.0657915514276,971.47859523510890
239,0.0,25,-48.0799079079675,-11.66710422428620
41,0.0,25,-48.0799079079675,-11.66710422428620
92,0.0,33,243.2225215614829,279.63532524516420
122,0.0,31,170.3969141941203,206.80971787780160
170,0.0,26,-11.6671042242862,24.74569945939510
116,0.0,25,-48.0799079079675,-11.66710422428620
248,0.0,20,-230.1439263263740,-193.73112264269270
24,0.0,26,-11.6671042242862,24.74569945939510
220,0.0,25,-48.0799079079675,-11.66710422428620
162,0.0,31,170.3969141941203,206.80971787780160
229,0.0,25,-48.0799079079675,-11.66710422428620
256,0.0,29,97.5713068267577,133.98411051043900
225,0.0,28,61.1585031430764,97.57130682675770
151,0.0,30,133.9841105104390,170.39691419412030
59,0.0,26,-11.6671042242862,24.74569945939510
109,0.0,33,243.2225215614829,279.63532524516420
35,0.0,31,170.3969141941203,206.80971787780160
167,0.0,26,-11.6671042242862,24.74569945939510
127,0.0,25,-48.0799079079675,-11.66710422428620
143,0.0,40,498.1121473472520,534.52495103093330
33,0.0,23,-120.9055152753301,-84.49271159164880
15,0.0,25,-48.0799079079675,-11.66710422428620
-1,0.0,24,-84.4927115916488,-48.07990790796750
114,0.0,24,-84.4927115916488,-48.07990790796750
154,0.0,23,-120.9055152753301,-84.49271159164880
82,0.0,34,279.6353252451642,316.04812892884550
97,0.0,30,133.9841105104390,170.39691419412030
176,0.0,26,-11.6671042242862,24.74569945939510
87,0.0,42,570.9377547146146,607.35055839829590
32,0.0,26,-11.6671042242862,24.74569945939510
137,0.0,51,898.6529878677463,935.06579155142760
143,0.0,34,279.6353252451642,316.04812892884550
128,0.0,35,316.0481289288455,352.46093261252680
109,0.0,35,316.0481289288455,352.46093261252680
86,0.0,37,388.8737362962081,425.28653997988940
5,0.0,25,-48.0799079079675,-11.66710422428620
45,0.0,29,97.5713068267577,133.98411051043900
97,0.0,29,97.5713068267577,133.98411051043900
68,0.0,33,243.2225215614829,279.63532524516420
154,0.0,39,461.6993436635707,498.11214734725200
249,0.0,28,61.1585031430764,97.57130682675770
