pickup_zone,avg_tip_amount,bkt_total_amount,val_start,val_end
228,900.0,52,935.0657915514276,971.47859523510890
228,800.0,49,825.8273805003837,862.24018418406500
69,800.0,49,825.8273805003837,862.24018418406500
82,520.38,54,1007.8913989187902,1044.30420260247150
241,496.0,40,498.1121473472520,534.52495103093330
68,450.0,38,425.2865399798894,461.69934366357070
143,444.5,39,461.6993436635707,498.11214734725200
248,444.48,38,425.2865399798894,461.69934366357070
137,399.99,38,425.2865399798894,461.69934366357070
43,370.0,37,388.8737362962081,425.28653997988940
41,350.0,39,461.6993436635707,498.11214734725200
239,332.7133333333333,53,971.4785952351089,1007.89139891879020
158,300.0,34,279.6353252451642,316.04812892884550
199,300.0,34,279.6353252451642,316.04812892884550
199,299.6,61,1262.7810247045593,1299.19382838824060
239,299.45,61,1262.7810247045593,1299.19382838824060
154,298.4,61,1262.7810247045593,1299.19382838824060
191,279.7,59,1189.9554173371967,1226.36822102087800
143,275.0,42,570.9377547146146,607.35055839829590
70,266.5,58,1153.5426136535154,1189.95541733719670
-1,262.55,57,1117.1298099698341,1153.54261365351540
-1,256.55,56,1080.7170062861528,1117.12980996983410
75,253.73,33,243.2225215614829,279.63532524516420
9,250.0,34,279.6353252451642,316.04812892884550
241,240.0,33,243.2225215614829,279.63532524516420
157,220.0,39,461.6993436635707,498.11214734725200
210,220.0,32,206.8097178778016,243.22252156148290
86,212.0,39,461.6993436635707,498.11214734725200
117,202.77,45,680.1761657656585,716.58896944933980
239,200.0,38,425.2865399798894,461.69934366357070
123,189.2,34,279.6353252451642,316.04812892884550
117,181.48000000000002,41,534.5249510309333,570.93775471461460
70,172.45,46,716.5889694493398,753.00177313302110
5,169.52,42,570.9377547146146,607.35055839829590
215,166.0,39,461.6993436635707,498.11214734725200
32,156.0,31,170.3969141941203,206.80971787780160
227,150.0,38,425.2865399798894,461.69934366357070
1,150.0,31,170.3969141941203,206.80971787780160
88,143.75,40,498.1121473472520,534.52495103093330
5,143.14,40,498.1121473472520,534.52495103093330
85,133.12,34,279.6353252451642,316.04812892884550
-1,132.145,38,425.2865399798894,461.69934366357070
245,131.37,38,425.2865399798894,461.69934366357070
31,130.35,38,425.2865399798894,461.69934366357070
164,126.5,33,243.2225215614829,279.63532524516420
31,121.5,32,206.8097178778016,243.22252156148290
239,115.0,39,461.6993436635707,498.11214734725200
31,113.17,37,388.8737362962081,425.28653997988940
178,112.7,41,534.5249510309333,570.93775471461460
127,110.0,32,206.8097178778016,243.22252156148290
71,107.52,36,352.4609326125268,388.87373629620810
248,105.53,32,206.8097178778016,243.22252156148290
154,101.675,50,862.2401841840650,898.65298786774630
154,100.0,38,425.2865399798894,461.69934366357070
72,100.0,33,243.2225215614829,279.63532524516420
180,99.0,34,279.6353252451642,316.04812892884550
15,99.0,40,498.1121473472520,534.52495103093330
157,97.0,32,206.8097178778016,243.22252156148290
219,96.7,39,461.6993436635707,498.11214734725200
82,95.92,35,316.0481289288455,352.46093261252680
71,95.79,37,388.8737362962081,425.28653997988940
5,93.15,37,388.8737362962081,425.28653997988940
161,90.24,37,388.8737362962081,425.28653997988940
143,90.05,37,388.8737362962081,425.28653997988940
161,90.0,34,279.6353252451642,316.04812892884550
31,89.72,34,279.6353252451642,316.04812892884550
49,88.8,31,170.3969141941203,206.80971787780160
219,87.56,36,352.4609326125268,388.87373629620810
94,86.45,36,352.4609326125268,388.87373629620810
116,83.33333333333333,33,243.2225215614829,279.63532524516420
35,83.32,37,388.8737362962081,425.28653997988940
137,80.06,39,461.6993436635707,498.11214734725200
245,78.455,37,388.8737362962081,425.28653997988940
116,78.28,35,316.0481289288455,352.46093261252680
229,78.1,35,316.0481289288455,352.46093261252680
31,77.15,29,97.5713068267577,133.98411051043900
71,76.75,38,425.2865399798894,461.69934366357070
219,75.87,38,425.2865399798894,461.69934366357070
5,75.7,36,352.4609326125268,388.87373629620810
72,75.56,35,316.0481289288455,352.46093261252680
109,75.16,38,425.2865399798894,461.69934366357070
14,75.0,33,243.2225215614829,279.63532524516420
235,75.0,33,243.2225215614829,279.63532524516420
171,75.0,30,133.9841105104390,170.39691419412030
141,75.0,31,170.3969141941203,206.80971787780160
144,75.0,31,170.3969141941203,206.80971787780160
239,73.98,36,352.4609326125268,388.87373629620810
5,73.63,35,316.0481289288455,352.46093261252680
240,72.4,34,279.6353252451642,316.04812892884550
128,70.86,37,388.8737362962081,425.28653997988940
239,70.625,43,607.3505583982959,643.76336208197720
8,70.6,33,243.2225215614829,279.63532524516420
143,70.43461538461538,36,352.4609326125268,388.87373629620810
15,70.16,37,388.8737362962081,425.28653997988940
154,70.06,37,388.8737362962081,425.28653997988940
41,69.57,36,352.4609326125268,388.87373629620810
88,69.13,34,279.6353252451642,316.04812892884550
74,68.85666666666667,30,133.9841105104390,170.39691419412030
127,67.71,29,97.5713068267577,133.98411051043900
94,67.59,34,279.6353252451642,316.04812892884550
6,67.55,36,352.4609326125268,388.87373629620810
21,66.0,29,97.5713068267577,133.98411051043900
114,65.26666666666667,31,170.3969141941203,206.80971787780160
131,64.012,39,461.6993436635707,498.11214734725200
240,63.005,35,316.0481289288455,352.46093261252680
61,60.05,36,352.4609326125268,388.87373629620810
17,59.964999999999996,31,170.3969141941203,206.80971787780160
128,59.87,36,352.4609326125268,388.87373629620810
65,58.9,33,243.2225215614829,279.63532524516420
137,58.395,40,498.1121473472520,534.52495103093330
91,57.58,34,279.6353252451642,316.04812892884550
154,57.09125,33,243.2225215614829,279.63532524516420
161,56.49,33,243.2225215614829,279.63532524516420
14,56.17,31,170.3969141941203,206.80971787780160
154,56.153749999999995,32,206.8097178778016,243.22252156148290
183,56.05,35,316.0481289288455,352.46093261252680
92,55.66,35,316.0481289288455,352.46093261252680
41,55.125,34,279.6353252451642,316.04812892884550
245,55.03,32,206.8097178778016,243.22252156148290
253,54.7875,31,170.3969141941203,206.80971787780160
-1,52.90190476190477,35,316.0481289288455,352.46093261252680
15,52.1275,30,133.9841105104390,170.39691419412030
239,51.64,34,279.6353252451642,316.04812892884550
155,51.32,33,243.2225215614829,279.63532524516420
212,50.78,33,243.2225215614829,279.63532524516420
251,50.28,34,279.6353252451642,316.04812892884550
199,50.1,40,498.1121473472520,534.52495103093330
34,50.0,30,133.9841105104390,170.39691419412030
199,50.0,39,461.6993436635707,498.11214734725200
215,50.0,42,570.9377547146146,607.35055839829590
82,50.0,30,133.9841105104390,170.39691419412030
154,49.79,36,352.4609326125268,388.87373629620810
178,49.7,35,316.0481289288455,352.46093261252680
134,49.7,42,570.9377547146146,607.35055839829590
-1,49.66142857142857,36,352.4609326125268,388.87373629620810
229,49.54,39,461.6993436635707,498.11214734725200
183,49.36,34,279.6353252451642,316.04812892884550
239,48.165,32,206.8097178778016,243.22252156148290
229,47.525,32,206.8097178778016,243.22252156148290
92,47.26,34,279.6353252451642,316.04812892884550
118,46.74,31,170.3969141941203,206.80971787780160
45,45.7,37,388.8737362962081,425.28653997988940
9,45.4,31,170.3969141941203,206.80971787780160
55,45.24,31,170.3969141941203,206.80971787780160
135,45.05,31,170.3969141941203,206.80971787780160
137,44.96666666666667,36,352.4609326125268,388.87373629620810
75,44.58857142857143,31,170.3969141941203,206.80971787780160
117,44.57916666666667,32,206.8097178778016,243.22252156148290
245,44.57,34,279.6353252451642,316.04812892884550
41,44.389166666666675,32,206.8097178778016,243.22252156148290
-1,44.36666666666666,39,461.6993436635707,498.11214734725200
116,44.35,31,170.3969141941203,206.80971787780160
131,44.145,38,425.2865399798894,461.69934366357070
87,43.06,33,243.2225215614829,279.63532524516420
248,42.15,33,243.2225215614829,279.63532524516420
136,41.82,32,206.8097178778016,243.22252156148290
145,41.349999999999994,34,279.6353252451642,316.04812892884550
25,41.07,33,243.2225215614829,279.63532524516420
227,40.3,31,170.3969141941203,206.80971787780160
71,40.175,32,206.8097178778016,243.22252156148290
122,40.05,32,206.8097178778016,243.22252156148290
20,40.0,33,243.2225215614829,279.63532524516420
224,40.0,28,61.1585031430764,97.57130682675770
103,40.0,37,388.8737362962081,425.28653997988940
79,39.72,29,97.5713068267577,133.98411051043900
-1,38.580975609756095,34,279.6353252451642,316.04812892884550
235,37.35,31,170.3969141941203,206.80971787780160
41,37.11714285714286,33,243.2225215614829,279.63532524516420
131,36.15772727272727,35,316.0481289288455,352.46093261252680
118,36.05,30,133.9841105104390,170.39691419412030
33,36.05,30,133.9841105104390,170.39691419412030
208,36.0,35,316.0481289288455,352.46093261252680
219,35.266,34,279.6353252451642,316.04812892884550
131,35.24888888888889,36,352.4609326125268,388.87373629620810
113,35.14,29,97.5713068267577,133.98411051043900
72,35.098,30,133.9841105104390,170.39691419412030
32,35.05,32,206.8097178778016,243.22252156148290
144,35.0,32,206.8097178778016,243.22252156148290
6,35.0,34,279.6353252451642,316.04812892884550
240,34.110952380952384,30,133.9841105104390,170.39691419412030
106,34.1,30,133.9841105104390,170.39691419412030
74,33.86,31,170.3969141941203,206.80971787780160
85,33.523,31,170.3969141941203,206.80971787780160
253,33.33,33,243.2225215614829,279.63532524516420
58,33.2,31,170.3969141941203,206.80971787780160
78,33.1,30,133.9841105104390,170.39691419412030
150,33.0,37,388.8737362962081,425.28653997988940
33,32.57666666666667,29,97.5713068267577,133.98411051043900
26,32.48,31,170.3969141941203,206.80971787780160
223,32.18333333333333,28,61.1585031430764,97.57130682675770
145,31.88,31,170.3969141941203,206.80971787780160
54,31.55,31,170.3969141941203,206.80971787780160
196,31.53,30,133.9841105104390,170.39691419412030
96,31.181999999999995,29,97.5713068267577,133.98411051043900
226,31.15,30,133.9841105104390,170.39691419412030
70,31.051,33,243.2225215614829,279.63532524516420
6,30.835,33,243.2225215614829,279.63532524516420
141,30.74166666666667,29,97.5713068267577,133.98411051043900
170,30.44,28,61.1585031430764,97.57130682675770
13,30.05,29,97.5713068267577,133.98411051043900
251,30.0,28,61.1585031430764,97.57130682675770
0,30.0,28,61.1585031430764,97.57130682675770
122,30.0,34,279.6353252451642,316.04812892884550
55,30.0,32,206.8097178778016,243.22252156148290
215,30.0,37,388.8737362962081,425.28653997988940
137,30.0,37,388.8737362962081,425.28653997988940
196,29.62,31,170.3969141941203,206.80971787780160
87,29.462857142857143,30,133.9841105104390,170.39691419412030
122,29.4,29,97.5713068267577,133.98411051043900
8,29.348333333333333,30,133.9841105104390,170.39691419412030
25,29.33,31,170.3969141941203,206.80971787780160
72,29.30666666666667,31,170.3969141941203,206.80971787780160
247,29.27,31,170.3969141941203,206.80971787780160
229,29.18833333333334,31,170.3969141941203,206.80971787780160
106,28.8875,31,170.3969141941203,206.80971787780160
248,28.718823529411765,30,133.9841105104390,170.39691419412030
137,28.674545454545463,33,243.2225215614829,279.63532524516420
154,28.46857142857143,34,279.6353252451642,316.04812892884550
239,28.025833333333335,31,170.3969141941203,206.80971787780160
47,28.0,29,97.5713068267577,133.98411051043900
41,27.933666666666667,31,170.3969141941203,206.80971787780160
70,27.8925,35,316.0481289288455,352.46093261252680
34,27.84,29,97.5713068267577,133.98411051043900
196,27.286666666666665,32,206.8097178778016,243.22252156148290
116,27.12,32,206.8097178778016,243.22252156148290
133,26.96,30,133.9841105104390,170.39691419412030
208,26.78,31,170.3969141941203,206.80971787780160
143,26.7,31,170.3969141941203,206.80971787780160
103,26.666666666666668,29,97.5713068267577,133.98411051043900
17,26.416666666666668,28,61.1585031430764,97.57130682675770
86,26.15,29,97.5713068267577,133.98411051043900
12,26.0,29,97.5713068267577,133.98411051043900
76,26.0,27,24.7456994593951,61.15850314307640
248,25.783636363636365,31,170.3969141941203,206.80971787780160
257,25.74,29,97.5713068267577,133.98411051043900
70,25.53833333333333,34,279.6353252451642,316.04812892884550
137,25.526734693877554,32,206.8097178778016,243.22252156148290
172,25.295,31,170.3969141941203,206.80971787780160
79,25.19,30,133.9841105104390,170.39691419412030
1,25.16,30,133.9841105104390,170.39691419412030
-1,25.088896103896104,32,206.8097178778016,243.22252156148290
259,25.08,34,279.6353252451642,316.04812892884550
178,25.07,30,133.9841105104390,170.39691419412030
49,25.02,29,97.5713068267577,133.98411051043900
179,25.0,27,24.7456994593951,61.15850314307640
215,24.944666666666667,30,133.9841105104390,170.39691419412030
137,24.661875000000002,31,170.3969141941203,206.80971787780160
68,24.642000000000003,29,97.5713068267577,133.98411051043900
199,24.54,32,206.8097178778016,243.22252156148290
215,24.484,31,170.3969141941203,206.80971787780160
251,24.21,30,133.9841105104390,170.39691419412030
70,24.207368421052628,32,206.8097178778016,243.22252156148290
137,23.666249999999998,34,279.6353252451642,316.04812892884550
161,23.585,30,133.9841105104390,170.39691419412030
201,23.58,29,97.5713068267577,133.98411051043900
130,23.4,28,61.1585031430764,97.57130682675770
236,23.34,29,97.5713068267577,133.98411051043900
154,23.24566666666667,31,170.3969141941203,206.80971787780160
253,23.225,32,206.8097178778016,243.22252156148290
191,23.19,30,133.9841105104390,170.39691419412030
227,23.111666666666668,30,133.9841105104390,170.39691419412030
180,23.085,29,97.5713068267577,133.98411051043900
31,23.075,30,133.9841105104390,170.39691419412030
39,23.06,30,133.9841105104390,170.39691419412030
68,22.857142857142858,30,133.9841105104390,170.39691419412030
164,22.825714285714287,31,170.3969141941203,206.80971787780160
172,22.673333333333332,30,133.9841105104390,170.39691419412030
10,22.67,30,133.9841105104390,170.39691419412030
61,22.61,29,97.5713068267577,133.98411051043900
9,22.595,29,97.5713068267577,133.98411051043900
240,22.586666666666666,31,170.3969141941203,206.80971787780160
196,22.53,33,243.2225215614829,279.63532524516420
178,22.5,39,461.6993436635707,498.11214734725200
131,22.44873417721519,33,243.2225215614829,279.63532524516420
229,22.329545454545453,30,133.9841105104390,170.39691419412030
92,22.325,31,170.3969141941203,206.80971787780160
191,22.224285714285713,29,97.5713068267577,133.98411051043900
131,22.019081632653066,32,206.8097178778016,243.22252156148290
154,21.954303030303027,30,133.9841105104390,170.39691419412030
30,21.703333333333333,29,97.5713068267577,133.98411051043900
235,21.683333333333334,32,206.8097178778016,243.22252156148290
131,21.600601503759396,31,170.3969141941203,206.80971787780160
131,21.497142857142855,37,388.8737362962081,425.28653997988940
128,21.28,33,243.2225215614829,279.63532524516420
235,21.238750000000003,30,133.9841105104390,170.39691419412030
114,21.17936507936508,29,97.5713068267577,133.98411051043900
-1,21.092125,33,243.2225215614829,279.63532524516420
190,21.05,28,61.1585031430764,97.57130682675770
51,21.026,29,97.5713068267577,133.98411051043900
164,20.91,32,206.8097178778016,243.22252156148290
85,20.840000000000003,32,206.8097178778016,243.22252156148290
72,20.69333333333333,32,206.8097178778016,243.22252156148290
70,20.620555555555555,31,170.3969141941203,206.80971787780160
235,20.431442307692308,29,97.5713068267577,133.98411051043900
49,20.388181818181817,28,61.1585031430764,97.57130682675770
136,20.357999999999997,31,170.3969141941203,206.80971787780160
71,20.345,29,97.5713068267577,133.98411051043900
127,20.106666666666666,30,133.9841105104390,170.39691419412030
117,20.064687499999998,31,170.3969141941203,206.80971787780160
234,20.06,29,97.5713068267577,133.98411051043900
67,20.05,29,97.5713068267577,133.98411051043900
154,20.0,35,316.0481289288455,352.46093261252680
75,20.0,34,279.6353252451642,316.04812892884550
58,20.0,33,243.2225215614829,279.63532524516420
45,20.0,33,243.2225215614829,279.63532524516420
22,20.0,33,243.2225215614829,279.63532524516420
234,20.0,30,133.9841105104390,170.39691419412030
240,20.0,32,206.8097178778016,243.22252156148290
33,20.0,39,461.6993436635707,498.11214734725200
219,19.977826086956522,30,133.9841105104390,170.39691419412030
92,19.900000000000002,32,206.8097178778016,243.22252156148290
181,19.85,29,97.5713068267577,133.98411051043900
239,19.705750000000002,30,133.9841105104390,170.39691419412030
75,19.56049504950495,29,97.5713068267577,133.98411051043900
197,19.54,32,206.8097178778016,243.22252156148290
31,19.308,28,61.1585031430764,97.57130682675770
106,19.29446428571429,29,97.5713068267577,133.98411051043900
86,19.265,30,133.9841105104390,170.39691419412030
75,19.175,32,206.8097178778016,243.22252156148290
10,19.16,29,97.5713068267577,133.98411051043900
94,19.13,29,97.5713068267577,133.98411051043900
248,19.058299319727894,29,97.5713068267577,133.98411051043900
219,18.9925,32,206.8097178778016,243.22252156148290
85,18.94103448275862,30,133.9841105104390,170.39691419412030
219,18.916666666666668,35,316.0481289288455,352.46093261252680
41,18.895,30,133.9841105104390,170.39691419412030
238,18.86,28,61.1585031430764,97.57130682675770
-1,18.847331189710612,31,170.3969141941203,206.80971787780160
137,18.577397660818708,30,133.9841105104390,170.39691419412030
6,18.5475,31,170.3969141941203,206.80971787780160
253,18.494999999999997,30,133.9841105104390,170.39691419412030
-1,18.466666666666665,37,388.8737362962081,425.28653997988940
131,18.358205128205125,34,279.6353252451642,316.04812892884550
215,18.144583333333333,29,97.5713068267577,133.98411051043900
228,18.116666666666664,29,97.5713068267577,133.98411051043900
215,18.08,32,206.8097178778016,243.22252156148290
109,17.885714285714286,28,61.1585031430764,97.57130682675770
114,17.885,32,206.8097178778016,243.22252156148290
75,17.846874999999997,30,133.9841105104390,170.39691419412030
221,17.725,32,206.8097178778016,243.22252156148290
240,17.690618955512576,29,97.5713068267577,133.98411051043900
136,17.672272727272727,29,97.5713068267577,133.98411051043900
87,17.518055555555556,29,97.5713068267577,133.98411051043900
15,17.45307692307692,29,97.5713068267577,133.98411051043900
161,17.39,29,97.5713068267577,133.98411051043900
226,17.323684210526313,29,97.5713068267577,133.98411051043900
61,17.237241379310348,28,61.1585031430764,97.57130682675770
105,17.16,29,97.5713068267577,133.98411051043900
87,17.09,31,170.3969141941203,206.80971787780160
145,17.069285714285716,30,133.9841105104390,170.39691419412030
154,17.06501109631601,29,97.5713068267577,133.98411051043900
124,17.04,29,97.5713068267577,133.98411051043900
8,17.013333333333332,31,170.3969141941203,206.80971787780160
164,16.932666666666666,30,133.9841105104390,170.39691419412030
251,16.925,31,170.3969141941203,206.80971787780160
41,16.9247792706334,29,97.5713068267577,133.98411051043900
174,16.87,29,97.5713068267577,133.98411051043900
72,16.852619047619047,29,97.5713068267577,133.98411051043900
85,16.77612021857923,29,97.5713068267577,133.98411051043900
8,16.75597014925373,29,97.5713068267577,133.98411051043900
25,16.74,29,97.5713068267577,133.98411051043900
164,16.71349264705882,29,97.5713068267577,133.98411051043900
245,16.69333333333333,31,170.3969141941203,206.80971787780160
201,16.68,28,61.1585031430764,97.57130682675770
13,16.384999999999998,30,133.9841105104390,170.39691419412030
217,16.38,29,97.5713068267577,133.98411051043900
239,16.378745519713267,29,97.5713068267577,133.98411051043900
229,16.339232053422368,29,97.5713068267577,133.98411051043900
39,16.33,31,170.3969141941203,206.80971787780160
186,16.259999999999998,27,24.7456994593951,61.15850314307640
71,16.065,28,61.1585031430764,97.57130682675770
62,16.05,28,61.1585031430764,97.57130682675770
2,16.0,29,97.5713068267577,133.98411051043900
39,15.974444444444442,29,97.5713068267577,133.98411051043900
116,15.902051282051284,29,97.5713068267577,133.98411051043900
43,15.88,32,206.8097178778016,243.22252156148290
117,15.86625,33,243.2225215614829,279.63532524516420
192,15.8625,28,61.1585031430764,97.57130682675770
245,15.788571428571426,29,97.5713068267577,133.98411051043900
44,15.71,28,61.1585031430764,97.57130682675770
-1,15.618191933240606,30,133.9841105104390,170.39691419412030
83,15.5,32,206.8097178778016,243.22252156148290
137,15.5,35,316.0481289288455,352.46093261252680
117,15.416299559471364,29,97.5713068267577,133.98411051043900
114,15.144545454545455,30,133.9841105104390,170.39691419412030
79,15.08,31,170.3969141941203,206.80971787780160
157,15.025,30,133.9841105104390,170.39691419412030
164,15.0,34,279.6353252451642,316.04812892884550
39,15.0,35,316.0481289288455,352.46093261252680
83,15.0,29,97.5713068267577,133.98411051043900
65,15.0,30,133.9841105104390,170.39691419412030
148,15.0,31,170.3969141941203,206.80971787780160
25,15.0,34,279.6353252451642,316.04812892884550
33,15.0,31,170.3969141941203,206.80971787780160
182,15.0,30,133.9841105104390,170.39691419412030
227,14.955714285714285,29,97.5713068267577,133.98411051043900
171,14.795789473684211,29,97.5713068267577,133.98411051043900
70,14.695131578947368,30,133.9841105104390,170.39691419412030
128,14.667317073170729,30,133.9841105104390,170.39691419412030
83,14.575,28,61.1585031430764,97.57130682675770
43,14.517499999999998,29,97.5713068267577,133.98411051043900
234,14.45,28,61.1585031430764,97.57130682675770
117,14.425301204819279,30,133.9841105104390,170.39691419412030
131,14.379081225033293,30,133.9841105104390,170.39691419412030
145,14.325818181818182,29,97.5713068267577,133.98411051043900
124,14.3,28,61.1585031430764,97.57130682675770
229,14.174999999999999,33,243.2225215614829,279.63532524516420
157,14.07170731707317,29,97.5713068267577,133.98411051043900
137,14.03995145631068,29,97.5713068267577,133.98411051043900
61,13.98,30,133.9841105104390,170.39691419412030
7,13.933333333333332,28,61.1585031430764,97.57130682675770
33,13.926923076923078,28,61.1585031430764,97.57130682675770
15,13.9044,28,61.1585031430764,97.57130682675770
-1,13.751081745543942,29,97.5713068267577,133.98411051043900
78,13.692857142857141,29,97.5713068267577,133.98411051043900
91,13.426923076923078,29,97.5713068267577,133.98411051043900
96,13.365961538461537,28,61.1585031430764,97.57130682675770
143,13.363333333333333,30,133.9841105104390,170.39691419412030
93,13.333333333333334,28,61.1585031430764,97.57130682675770
18,13.309999999999999,28,61.1585031430764,97.57130682675770
183,13.16,28,61.1585031430764,97.57130682675770
117,13.097999999999999,34,279.6353252451642,316.04812892884550
221,13.062857142857142,31,170.3969141941203,206.80971787780160
219,13.058461538461538,31,170.3969141941203,206.80971787780160
25,13.056000000000001,30,133.9841105104390,170.39691419412030
144,13.035000000000002,28,61.1585031430764,97.57130682675770
70,13.028284023668638,29,97.5713068267577,133.98411051043900
53,13.004999999999999,28,61.1585031430764,97.57130682675770
161,12.833333333333334,31,170.3969141941203,206.80971787780160
29,12.8,28,61.1585031430764,97.57130682675770
6,12.7125,30,133.9841105104390,170.39691419412030
220,12.667692307692308,28,61.1585031430764,97.57130682675770
19,12.57,28,61.1585031430764,97.57130682675770
219,12.5,33,243.2225215614829,279.63532524516420
99,12.5,28,61.1585031430764,97.57130682675770
241,12.5,28,61.1585031430764,97.57130682675770
36,12.493333333333334,29,97.5713068267577,133.98411051043900
50,12.476,28,61.1585031430764,97.57130682675770
60,12.45,28,61.1585031430764,97.57130682675770
133,12.420000000000002,29,97.5713068267577,133.98411051043900
150,12.298000000000002,29,97.5713068267577,133.98411051043900
142,12.264,28,61.1585031430764,97.57130682675770
180,12.08019230769231,28,61.1585031430764,97.57130682675770
59,12.05,28,61.1585031430764,97.57130682675770
92,12.041666666666666,30,133.9841105104390,170.39691419412030
113,11.873809523809525,28,61.1585031430764,97.57130682675770
128,11.741,31,170.3969141941203,206.80971787780160
178,11.719090909090909,28,61.1585031430764,97.57130682675770
186,11.67,28,61.1585031430764,97.57130682675770
174,11.67,28,61.1585031430764,97.57130682675770
162,11.67,28,61.1585031430764,97.57130682675770
131,11.656793437733034,29,97.5713068267577,133.98411051043900
103,11.65,28,61.1585031430764,97.57130682675770
51,11.606551724137928,28,61.1585031430764,97.57130682675770
191,11.604444444444445,28,61.1585031430764,97.57130682675770
165,11.6,28,61.1585031430764,97.57130682675770
230,11.575,28,61.1585031430764,97.57130682675770
36,11.491249999999999,28,61.1585031430764,97.57130682675770
155,11.478,28,61.1585031430764,97.57130682675770
237,11.375,28,61.1585031430764,97.57130682675770
92,11.33907738095238,28,61.1585031430764,97.57130682675770
133,11.294117647058824,28,61.1585031430764,97.57130682675770
171,11.282203389830505,28,61.1585031430764,97.57130682675770
23,11.278,28,61.1585031430764,97.57130682675770
141,11.266533333333335,28,61.1585031430764,97.57130682675770
30,11.264216867469878,28,61.1585031430764,97.57130682675770
172,11.24775862068965,28,61.1585031430764,97.57130682675770
8,11.213930635838155,28,61.1585031430764,97.57130682675770
84,11.192,27,24.7456994593951,61.15850314307640
92,11.155,29,97.5713068267577,133.98411051043900
217,11.14,28,61.1585031430764,97.57130682675770
128,11.11685185185185,29,97.5713068267577,133.98411051043900
221,11.115652173913043,28,61.1585031430764,97.57130682675770
255,11.115,28,61.1585031430764,97.57130682675770
78,11.058333333333332,27,24.7456994593951,61.15850314307640
70,11.047382812499997,28,61.1585031430764,97.57130682675770
221,11.045,30,133.9841105104390,170.39691419412030
219,11.013482142857157,28,61.1585031430764,97.57130682675770
198,11.005897435897436,28,61.1585031430764,97.57130682675770
143,10.986917599186173,28,61.1585031430764,97.57130682675770
126,10.986666666666666,29,97.5713068267577,133.98411051043900
137,10.986348571985472,28,61.1585031430764,97.57130682675770
75,10.967472340425516,28,61.1585031430764,97.57130682675770
152,10.953333333333333,28,61.1585031430764,97.57130682675770
259,10.917857142857143,29,97.5713068267577,133.98411051043900
119,10.911666666666667,28,61.1585031430764,97.57130682675770
39,10.910830280830291,28,61.1585031430764,97.57130682675770
25,10.910654761904757,28,61.1585031430764,97.57130682675770
128,10.9051880424301,28,61.1585031430764,97.57130682675770
164,10.901547552053982,28,61.1585031430764,97.57130682675770
45,10.85929824561403,28,61.1585031430764,97.57130682675770
85,10.858540237055497,28,61.1585031430764,97.57130682675770
235,10.855988219895295,28,61.1585031430764,97.57130682675770
22,10.84609756097561,28,61.1585031430764,97.57130682675770
150,10.841390728476819,28,61.1585031430764,97.57130682675770
91,10.8248,28,61.1585031430764,97.57130682675770
114,10.8032958199357,28,61.1585031430764,97.57130682675770
159,10.785,28,61.1585031430764,97.57130682675770
157,10.781524249422638,28,61.1585031430764,97.57130682675770
58,10.75,29,97.5713068267577,133.98411051043900
116,10.743333333333334,30,133.9841105104390,170.39691419412030
145,10.730262891809913,28,61.1585031430764,97.57130682675770
199,10.729122807017538,28,61.1585031430764,97.57130682675770
58,10.72144578313253,28,61.1585031430764,97.57130682675770
226,10.711418092909536,28,61.1585031430764,97.57130682675770
126,10.684081632653061,28,61.1585031430764,97.57130682675770
87,10.645094161958578,28,61.1585031430764,97.57130682675770
94,10.616666666666669,28,61.1585031430764,97.57130682675770
222,10.616666666666667,28,61.1585031430764,97.57130682675770
106,10.61254043126685,28,61.1585031430764,97.57130682675770
228,10.60875,28,61.1585031430764,97.57130682675770
196,10.598699551569501,28,61.1585031430764,97.57130682675770
206,10.5935,28,61.1585031430764,97.57130682675770
240,10.568578862372112,28,61.1585031430764,97.57130682675770
68,10.555887096774192,28,61.1585031430764,97.57130682675770
136,10.553943472409154,28,61.1585031430764,97.57130682675770
248,10.552589641434254,28,61.1585031430764,97.57130682675770
131,10.550454171921762,28,61.1585031430764,97.57130682675770
253,10.531095890410958,28,61.1585031430764,97.57130682675770
239,10.509682804674403,28,61.1585031430764,97.57130682675770
143,10.4675,29,97.5713068267577,133.98411051043900
65,10.467058823529413,28,61.1585031430764,97.57130682675770
154,10.402255825216468,28,61.1585031430764,97.57130682675770
156,10.394,28,61.1585031430764,97.57130682675770
64,10.374285714285715,28,61.1585031430764,97.57130682675770
41,10.369057166528549,28,61.1585031430764,97.57130682675770
163,10.36,28,61.1585031430764,97.57130682675770
193,10.35142857142857,28,61.1585031430764,97.57130682675770
215,10.33757263922521,28,61.1585031430764,97.57130682675770
6,10.29437908496732,28,61.1585031430764,97.57130682675770
227,10.260993788819876,28,61.1585031430764,97.57130682675770
122,10.244444444444445,28,61.1585031430764,97.57130682675770
245,10.233387096774191,28,61.1585031430764,97.57130682675770
86,10.2128,28,61.1585031430764,97.57130682675770
236,10.197000000000001,28,61.1585031430764,97.57130682675770
79,10.196302521008402,28,61.1585031430764,97.57130682675770
97,10.17,28,61.1585031430764,97.57130682675770
-1,10.111756248978942,28,61.1585031430764,97.57130682675770
229,10.072184237116842,28,61.1585031430764,97.57130682675770
253,10.05578947368421,29,97.5713068267577,133.98411051043900
91,10.053333333333333,31,170.3969141941203,206.80971787780160
77,10.0075,28,61.1585031430764,97.57130682675770
16,10.0,28,61.1585031430764,97.57130682675770
179,10.0,31,170.3969141941203,206.80971787780160
118,10.0,29,97.5713068267577,133.98411051043900
154,10.0,40,498.1121473472520,534.52495103093330
97,10.0,32,206.8097178778016,243.22252156148290
197,10.0,29,97.5713068267577,133.98411051043900
149,10.0,28,61.1585031430764,97.57130682675770
-1,10.0,45,680.1761657656585,716.58896944933980
45,10.0,31,170.3969141941203,206.80971787780160
171,10.0,31,170.3969141941203,206.80971787780160
28,10.0,29,97.5713068267577,133.98411051043900
199,9.993333333333334,31,170.3969141941203,206.80971787780160
116,9.97370689655173,28,61.1585031430764,97.57130682675770
72,9.970231292517019,28,61.1585031430764,97.57130682675770
197,9.839999999999998,28,61.1585031430764,97.57130682675770
95,9.83,28,61.1585031430764,97.57130682675770
129,9.806666666666667,28,61.1585031430764,97.57130682675770
212,9.804166666666665,28,61.1585031430764,97.57130682675770
88,9.792857142857143,28,61.1585031430764,97.57130682675770
117,9.738939511438513,28,61.1585031430764,97.57130682675770
43,9.653222748815162,28,61.1585031430764,97.57130682675770
55,9.58,29,97.5713068267577,133.98411051043900
194,9.526666666666666,28,61.1585031430764,97.57130682675770
151,9.522,28,61.1585031430764,97.57130682675770
6,9.461923076923076,29,97.5713068267577,133.98411051043900
20,9.307500000000001,28,61.1585031430764,97.57130682675770
63,9.2295,28,61.1585031430764,97.57130682675770
105,9.203,28,61.1585031430764,97.57130682675770
175,9.159,28,61.1585031430764,97.57130682675770
55,9.082631578947368,28,61.1585031430764,97.57130682675770
74,9.064,29,97.5713068267577,133.98411051043900
259,9.0395,28,61.1585031430764,97.57130682675770
26,8.98,29,97.5713068267577,133.98411051043900
102,8.965,27,24.7456994593951,61.15850314307640
208,8.88,29,97.5713068267577,133.98411051043900
35,8.77818181818182,28,61.1585031430764,97.57130682675770
208,8.72888888888889,28,61.1585031430764,97.57130682675770
134,8.655555555555557,28,61.1585031430764,97.57130682675770
84,8.57,28,61.1585031430764,97.57130682675770
161,8.475,28,61.1585031430764,97.57130682675770
199,8.333333333333334,30,133.9841105104390,170.39691419412030
183,8.195,29,97.5713068267577,133.98411051043900
9,8.064444444444446,28,61.1585031430764,97.57130682675770
67,8.025,28,61.1585031430764,97.57130682675770
113,8.016666666666667,30,133.9841105104390,170.39691419412030
43,8.0,30,133.9841105104390,170.39691419412030
52,7.862222222222221,28,61.1585031430764,97.57130682675770
132,7.825714285714286,28,61.1585031430764,97.57130682675770
181,7.787999999999999,28,61.1585031430764,97.57130682675770
38,7.725,28,61.1585031430764,97.57130682675770
136,7.530909090909091,30,133.9841105104390,170.39691419412030
91,7.5,32,206.8097178778016,243.22252156148290
97,7.5,33,243.2225215614829,279.63532524516420
257,7.29,28,61.1585031430764,97.57130682675770
34,7.262857142857143,28,61.1585031430764,97.57130682675770
31,7.226962025316457,27,24.7456994593951,61.15850314307640
219,7.111111111111111,29,97.5713068267577,133.98411051043900
228,7.0,30,133.9841105104390,170.39691419412030
13,6.949999999999999,28,61.1585031430764,97.57130682675770
155,6.895,29,97.5713068267577,133.98411051043900
91,6.867142857142857,30,133.9841105104390,170.39691419412030
160,6.8566666666666665,28,61.1585031430764,97.57130682675770
74,6.682857142857143,28,61.1585031430764,97.57130682675770
74,6.68,32,206.8097178778016,243.22252156148290
208,6.666666666666667,30,133.9841105104390,170.39691419412030
146,6.66,27,24.7456994593951,61.15850314307640
256,6.659999999999999,28,61.1585031430764,97.57130682675770
172,6.5075,29,97.5713068267577,133.98411051043900
18,6.2158823529411755,27,24.7456994593951,61.15850314307640
65,6.16,29,97.5713068267577,133.98411051043900
188,6.024,28,61.1585031430764,97.57130682675770
175,5.8265625,27,24.7456994593951,61.15850314307640
132,5.792,30,133.9841105104390,170.39691419412030
239,5.7825,33,243.2225215614829,279.63532524516420
127,5.748333333333333,28,61.1585031430764,97.57130682675770
78,5.747142857142856,28,61.1585031430764,97.57130682675770
202,5.631666666666667,27,24.7456994593951,61.15850314307640
184,5.625,28,61.1585031430764,97.57130682675770
46,5.59,28,61.1585031430764,97.57130682675770
255,5.586233766233766,27,24.7456994593951,61.15850314307640
137,5.532986470461444,27,24.7456994593951,61.15850314307640
73,5.522500000000001,27,24.7456994593951,61.15850314307640
19,5.481290322580645,27,24.7456994593951,61.15850314307640
88,5.445932203389831,27,24.7456994593951,61.15850314307640
103,5.348260869565217,27,24.7456994593951,61.15850314307640
37,5.335,28,61.1585031430764,97.57130682675770
156,5.326666666666667,27,24.7456994593951,61.15850314307640
26,5.275,28,61.1585031430764,97.57130682675770
174,5.1014285714285705,27,24.7456994593951,61.15850314307640
251,5.053333333333334,27,24.7456994593951,61.15850314307640
14,5.016666666666667,28,61.1585031430764,97.57130682675770
258,5.0,28,61.1585031430764,97.57130682675770
168,5.0,27,24.7456994593951,61.15850314307640
141,5.0,30,133.9841105104390,170.39691419412030
131,5.0,40,498.1121473472520,534.52495103093330
32,5.0,28,61.1585031430764,97.57130682675770
63,5.0,30,133.9841105104390,170.39691419412030
50,5.0,30,133.9841105104390,170.39691419412030
109,5.0,34,279.6353252451642,316.04812892884550
259,5.0,30,133.9841105104390,170.39691419412030
93,4.949428571428571,27,24.7456994593951,61.15850314307640
220,4.900550000000002,27,24.7456994593951,61.15850314307640
178,4.72,29,97.5713068267577,133.98411051043900
105,4.623584521384929,27,24.7456994593951,61.15850314307640
36,4.567260147601476,27,24.7456994593951,61.15850314307640
247,4.553333333333334,28,61.1585031430764,97.57130682675770
70,4.552714579055439,27,24.7456994593951,61.15850314307640
61,4.529970887918485,27,24.7456994593951,61.15850314307640
51,4.514741248097413,27,24.7456994593951,61.15850314307640
17,4.503076923076923,27,24.7456994593951,61.15850314307640
71,4.471889400921659,27,24.7456994593951,61.15850314307640
208,4.4575000000000005,27,24.7456994593951,61.15850314307640
193,4.444736842105263,27,24.7456994593951,61.15850314307640
162,4.4120833333333325,27,24.7456994593951,61.15850314307640
87,4.403146333496651,27,24.7456994593951,61.15850314307640
33,4.399086757990868,27,24.7456994593951,61.15850314307640
8,4.384125325089568,27,24.7456994593951,61.15850314307640
112,4.366,27,24.7456994593951,61.15850314307640
54,4.36,27,24.7456994593951,61.15850314307640
15,4.35307692307692,27,24.7456994593951,61.15850314307640
243,4.3500000000000005,28,61.1585031430764,97.57130682675770
85,4.33866130813285,27,24.7456994593951,61.15850314307640
22,4.32878487848785,27,24.7456994593951,61.15850314307640
97,4.318421052631579,27,24.7456994593951,61.15850314307640
154,4.31689408196333,27,24.7456994593951,61.15850314307640
49,4.30609756097561,27,24.7456994593951,61.15850314307640
171,4.285559216230272,27,24.7456994593951,61.15850314307640
197,4.279831932773109,27,24.7456994593951,61.15850314307640
180,4.266418322295808,27,24.7456994593951,61.15850314307640
30,4.2516355318337755,27,24.7456994593951,61.15850314307640
164,4.2269248120300755,27,24.7456994593951,61.15850314307640
212,4.205657894736842,27,24.7456994593951,61.15850314307640
235,4.1957221847606405,27,24.7456994593951,61.15850314307640
9,4.188545454545454,27,24.7456994593951,61.15850314307640
122,4.173333333333333,27,24.7456994593951,61.15850314307640
106,4.168837926641194,27,24.7456994593951,61.15850314307640
90,4.165,28,61.1585031430764,97.57130682675770
64,4.16148423005566,27,24.7456994593951,61.15850314307640
232,4.16,27,24.7456994593951,61.15850314307640
240,4.156138642274273,27,24.7456994593951,61.15850314307640
215,4.150753874152114,27,24.7456994593951,61.15850314307640
113,4.150066722268556,27,24.7456994593951,61.15850314307640
256,4.146052631578947,27,24.7456994593951,61.15850314307640
157,4.1127570939826885,27,24.7456994593951,61.15850314307640
249,4.1125,27,24.7456994593951,61.15850314307640
172,4.107877939529673,27,24.7456994593951,61.15850314307640
41,4.094306328650198,27,24.7456994593951,61.15850314307640
192,4.092142857142857,27,24.7456994593951,61.15850314307640
226,4.085486953325981,27,24.7456994593951,61.15850314307640
253,4.076026344676176,27,24.7456994593951,61.15850314307640
75,4.069778914370595,27,24.7456994593951,61.15850314307640
-1,4.059098941644836,27,24.7456994593951,61.15850314307640
248,4.047709005573504,27,24.7456994593951,61.15850314307640
229,4.0323513268543305,27,24.7456994593951,61.15850314307640
46,4.02423076923077,27,24.7456994593951,61.15850314307640
203,4.021666666666667,27,24.7456994593951,61.15850314307640
99,4.0181818181818185,27,24.7456994593951,61.15850314307640
243,4.01078947368421,27,24.7456994593951,61.15850314307640
28,4.002222222222223,27,24.7456994593951,61.15850314307640
66,4.0,27,24.7456994593951,61.15850314307640
39,3.9927187671986784,27,24.7456994593951,61.15850314307640
35,3.9881159420289847,27,24.7456994593951,61.15850314307640
239,3.9842788827188746,27,24.7456994593951,61.15850314307640
114,3.982773845635333,27,24.7456994593951,61.15850314307640
86,3.980712530712532,27,24.7456994593951,61.15850314307640
145,3.9392063073515518,27,24.7456994593951,61.15850314307640
228,3.9221124031007744,27,24.7456994593951,61.15850314307640
159,3.916363636363636,27,24.7456994593951,61.15850314307640
191,3.914230452674898,27,24.7456994593951,61.15850314307640
56,3.91,28,61.1585031430764,97.57130682675770
141,3.8856486486486483,27,24.7456994593951,61.15850314307640
65,3.8825716625716615,27,24.7456994593951,61.15850314307640
109,3.867234042553192,27,24.7456994593951,61.15850314307640
245,3.86635247381726,27,24.7456994593951,61.15850314307640
68,3.847752499138224,27,24.7456994593951,61.15850314307640
221,3.8475,29,97.5713068267577,133.98411051043900
135,3.846,28,61.1585031430764,97.57130682675770
117,3.82376625557851,27,24.7456994593951,61.15850314307640
126,3.8147978436657675,27,24.7456994593951,61.15850314307640
45,3.806397479954177,27,24.7456994593951,61.15850314307640
147,3.7885714285714287,27,24.7456994593951,61.15850314307640
136,3.763504624105011,27,24.7456994593951,61.15850314307640
245,3.75,30,133.9841105104390,170.39691419412030
94,3.74607456140351,27,24.7456994593951,61.15850314307640
7,3.70125,27,24.7456994593951,61.15850314307640
57,3.686,28,61.1585031430764,97.57130682675770
121,3.68,27,24.7456994593951,61.15850314307640
213,3.63,27,24.7456994593951,61.15850314307640
96,3.6194025797691793,27,24.7456994593951,61.15850314307640
13,3.5943478260869566,27,24.7456994593951,61.15850314307640
74,3.590265486725664,27,24.7456994593951,61.15850314307640
91,3.588492462311558,27,24.7456994593951,61.15850314307640
247,3.585,27,24.7456994593951,61.15850314307640
116,3.5793153698102813,27,24.7456994593951,61.15850314307640
155,3.551846153846154,27,24.7456994593951,61.15850314307640
158,3.55,28,61.1585031430764,97.57130682675770
118,3.5,28,61.1585031430764,97.57130682675770
135,3.481206896551724,27,24.7456994593951,61.15850314307640
0,3.48,27,24.7456994593951,61.15850314307640
132,3.473552631578948,27,24.7456994593951,61.15850314307640
6,3.4513651877133076,27,24.7456994593951,61.15850314307640
204,3.44,27,24.7456994593951,61.15850314307640
72,3.381466892218465,27,24.7456994593951,61.15850314307640
227,3.379505668934239,27,24.7456994593951,61.15850314307640
4,3.3666666666666667,27,24.7456994593951,61.15850314307640
188,3.365,27,24.7456994593951,61.15850314307640
43,3.3606458604247904,27,24.7456994593951,61.15850314307640
134,3.292083333333333,27,24.7456994593951,61.15850314307640
196,3.2839855072463764,27,24.7456994593951,61.15850314307640
201,3.2782242990654202,27,24.7456994593951,61.15850314307640
118,3.2593939393939393,27,24.7456994593951,61.15850314307640
143,3.233691318327972,27,24.7456994593951,61.15850314307640
222,3.211,27,24.7456994593951,61.15850314307640
165,3.18,27,24.7456994593951,61.15850314307640
52,3.179333333333333,27,24.7456994593951,61.15850314307640
198,3.1699731903485255,27,24.7456994593951,61.15850314307640
210,3.1566666666666667,27,24.7456994593951,61.15850314307640
206,3.15,27,24.7456994593951,61.15850314307640
150,3.10905303030303,27,24.7456994593951,61.15850314307640
151,3.100810810810811,27,24.7456994593951,61.15850314307640
129,3.083846153846154,27,24.7456994593951,61.15850314307640
64,3.0,29,97.5713068267577,133.98411051043900
2,3.0,28,61.1585031430764,97.57130682675770
216,3.0,28,61.1585031430764,97.57130682675770
257,2.994285714285714,27,24.7456994593951,61.15850314307640
152,2.9696000000000002,27,24.7456994593951,61.15850314307640
163,2.9585714285714286,27,24.7456994593951,61.15850314307640
259,2.9435135135135146,27,24.7456994593951,61.15850314307640
236,2.9089460154241644,27,24.7456994593951,61.15850314307640
242,2.904166666666667,27,24.7456994593951,61.15850314307640
55,2.8949444444444445,27,24.7456994593951,61.15850314307640
58,2.842596153846154,27,24.7456994593951,61.15850314307640
56,2.8303773584905665,27,24.7456994593951,61.15850314307640
57,2.8150000000000004,27,24.7456994593951,61.15850314307640
34,2.7872727272727276,27,24.7456994593951,61.15850314307640
69,2.7619999999999996,27,24.7456994593951,61.15850314307640
133,2.742352941176471,27,24.7456994593951,61.15850314307640
10,2.733333333333333,27,24.7456994593951,61.15850314307640
77,2.705,27,24.7456994593951,61.15850314307640
44,2.6933333333333334,27,24.7456994593951,61.15850314307640
230,2.691666666666667,27,24.7456994593951,61.15850314307640
120,2.6666666666666665,27,24.7456994593951,61.15850314307640
237,2.629565217391304,27,24.7456994593951,61.15850314307640
95,2.604,27,24.7456994593951,61.15850314307640
161,2.575022222222222,27,24.7456994593951,61.15850314307640
67,2.564285714285714,27,24.7456994593951,61.15850314307640
168,2.544,26,-11.6671042242862,24.74569945939510
63,2.536285714285714,27,24.7456994593951,61.15850314307640
216,2.507105263157895,27,24.7456994593951,61.15850314307640
130,2.5008695652173913,27,24.7456994593951,61.15850314307640
131,2.475292207792225,27,24.7456994593951,61.15850314307640
127,2.4461244979919674,27,24.7456994593951,61.15850314307640
160,2.4194117647058824,27,24.7456994593951,61.15850314307640
1,2.4166666666666665,27,24.7456994593951,61.15850314307640
178,2.41030303030303,27,24.7456994593951,61.15850314307640
238,2.3205263157894738,27,24.7456994593951,61.15850314307640
195,2.316666666666667,28,61.1585031430764,97.57130682675770
79,2.3031793478260867,27,24.7456994593951,61.15850314307640
50,2.2958333333333334,27,24.7456994593951,61.15850314307640
53,2.289034090909091,27,24.7456994593951,61.15850314307640
144,2.2455555555555557,27,24.7456994593951,61.15850314307640
119,2.209074074074074,27,24.7456994593951,61.15850314307640
244,2.195,27,24.7456994593951,61.15850314307640
181,2.171111111111111,27,24.7456994593951,61.15850314307640
223,2.121,27,24.7456994593951,61.15850314307640
177,2.115,27,24.7456994593951,61.15850314307640
20,2.0844444444444448,27,24.7456994593951,61.15850314307640
199,2.073564814814815,27,24.7456994593951,61.15850314307640
62,2.0,27,24.7456994593951,61.15850314307640
41,2.0,44,643.7633620819772,680.17616576565850
241,2.0,27,24.7456994593951,61.15850314307640
153,1.9499999999999997,26,-11.6671042242862,24.74569945939510
123,1.86,26,-11.6671042242862,24.74569945939510
210,1.8,26,-11.6671042242862,24.74569945939510
232,1.69875,26,-11.6671042242862,24.74569945939510
23,1.6783333333333335,27,24.7456994593951,61.15850314307640
102,1.675,26,-11.6671042242862,24.74569945939510
213,1.6666666666666667,28,61.1585031430764,97.57130682675770
221,1.651168831168831,27,24.7456994593951,61.15850314307640
64,1.6130700580098167,26,-11.6671042242862,24.74569945939510
252,1.5954545454545455,27,24.7456994593951,61.15850314307640
44,1.5666666666666667,26,-11.6671042242862,24.74569945939510
90,1.55,27,24.7456994593951,61.15850314307640
92,1.5499999999999998,27,24.7456994593951,61.15850314307640
85,1.54694512426073,26,-11.6671042242862,24.74569945939510
8,1.5438795931341385,26,-11.6671042242862,24.74569945939510
217,1.5375,26,-11.6671042242862,24.74569945939510
139,1.52,27,24.7456994593951,61.15850314307640
60,1.4922222222222223,26,-11.6671042242862,24.74569945939510
5,1.47,26,-11.6671042242862,24.74569945939510
145,1.4606564479815936,26,-11.6671042242862,24.74569945939510
30,1.4441281264747508,26,-11.6671042242862,24.74569945939510
172,1.4431568071507501,26,-11.6671042242862,24.74569945939510
51,1.4366755083996459,26,-11.6671042242862,24.74569945939510
235,1.4332893746708093,26,-11.6671042242862,24.74569945939510
139,1.4299999999999997,26,-11.6671042242862,24.74569945939510
171,1.419390572797164,26,-11.6671042242862,24.74569945939510
158,1.4167857142857143,27,24.7456994593951,61.15850314307640
87,1.3716747934246625,26,-11.6671042242862,24.74569945939510
75,1.3710246288509425,26,-11.6671042242862,24.74569945939510
215,1.364581882613099,26,-11.6671042242862,24.74569945939510
248,1.3548068311086252,26,-11.6671042242862,24.74569945939510
253,1.3545745989684415,26,-11.6671042242862,24.74569945939510
191,1.3528497409326423,26,-11.6671042242862,24.74569945939510
25,1.3520714285714288,27,24.7456994593951,61.15850314307640
113,1.3413007705367637,26,-11.6671042242862,24.74569945939510
128,1.3267083854818522,27,24.7456994593951,61.15850314307640
106,1.326571705184017,26,-11.6671042242862,24.74569945939510
36,1.3155807916937035,26,-11.6671042242862,24.74569945939510
68,1.3056214733542317,26,-11.6671042242862,24.74569945939510
226,1.2981108069965372,26,-11.6671042242862,24.74569945939510
219,1.2925423728813557,27,24.7456994593951,61.15850314307640
89,1.292,27,24.7456994593951,61.15850314307640
114,1.2849296907909862,26,-11.6671042242862,24.74569945939510
137,1.284729282598886,26,-11.6671042242862,24.74569945939510
22,1.2831945519269454,26,-11.6671042242862,24.74569945939510
180,1.2806661158731794,26,-11.6671042242862,24.74569945939510
164,1.2775376980568398,26,-11.6671042242862,24.74569945939510
41,1.275793740660693,26,-11.6671042242862,24.74569945939510
141,1.2744103992571956,26,-11.6671042242862,24.74569945939510
136,1.2639919282256666,26,-11.6671042242862,24.74569945939510
43,1.2544095781931799,26,-11.6671042242862,24.74569945939510
204,1.25,26,-11.6671042242862,24.74569945939510
26,1.2443478260869565,27,24.7456994593951,61.15850314307640
119,1.243068783068783,26,-11.6671042242862,24.74569945939510
223,1.2383333333333333,26,-11.6671042242862,24.74569945939510
154,1.2314474192145133,26,-11.6671042242862,24.74569945939510
45,1.2219513122860393,26,-11.6671042242862,24.74569945939510
157,1.2174012134808572,26,-11.6671042242862,24.74569945939510
202,1.2158333333333335,26,-11.6671042242862,24.74569945939510
197,1.2112272727272726,26,-11.6671042242862,24.74569945939510
-1,1.2107357166187842,26,-11.6671042242862,24.74569945939510
243,1.205108695652174,26,-11.6671042242862,24.74569945939510
82,1.2,27,24.7456994593951,61.15850314307640
117,1.1956185767479837,26,-11.6671042242862,24.74569945939510
125,1.1892307692307693,26,-11.6671042242862,24.74569945939510
105,1.181622002820874,26,-11.6671042242862,24.74569945939510
49,1.1747341696535245,26,-11.6671042242862,24.74569945939510
240,1.1710335162595953,26,-11.6671042242862,24.74569945939510
33,1.1697054108216431,26,-11.6671042242862,24.74569945939510
236,1.1625778816199375,26,-11.6671042242862,24.74569945939510
165,1.1620253164556962,26,-11.6671042242862,24.74569945939510
220,1.1581500572737689,26,-11.6671042242862,24.74569945939510
37,1.1428571428571428,27,24.7456994593951,61.15850314307640
239,1.141648835876361,26,-11.6671042242862,24.74569945939510
14,1.14,27,24.7456994593951,61.15850314307640
96,1.1315443169968709,26,-11.6671042242862,24.74569945939510
39,1.1175981876586054,26,-11.6671042242862,24.74569945939510
206,1.115072463768116,26,-11.6671042242862,24.74569945939510
10,1.11,26,-11.6671042242862,24.74569945939510
229,1.1091525817645926,26,-11.6671042242862,24.74569945939510
192,1.1024412296564194,26,-11.6671042242862,24.74569945939510
61,1.0910133401744486,26,-11.6671042242862,24.74569945939510
228,1.0873449477351917,26,-11.6671042242862,24.74569945939510
174,1.075,26,-11.6671042242862,24.74569945939510
53,1.0662895927601812,26,-11.6671042242862,24.74569945939510
213,1.0616666666666665,26,-11.6671042242862,24.74569945939510
251,1.048695652173913,26,-11.6671042242862,24.74569945939510
255,1.0365798045602606,26,-11.6671042242862,24.74569945939510
62,1.0284375000000001,26,-11.6671042242862,24.74569945939510
74,1.006689497716895,26,-11.6671042242862,24.74569945939510
107,1.0,31,170.3969141941203,206.80971787780160
184,1.0,27,24.7456994593951,61.15850314307640
115,1.0,28,61.1585031430764,97.57130682675770
244,1.0,28,61.1585031430764,97.57130682675770
15,0.9977160268129192,26,-11.6671042242862,24.74569945939510
194,0.991,27,24.7456994593951,61.15850314307640
29,0.9866666666666668,27,24.7456994593951,61.15850314307640
125,0.9800000000000001,27,24.7456994593951,61.15850314307640
63,0.9666666666666667,29,97.5713068267577,133.98411051043900
132,0.9475550405561992,26,-11.6671042242862,24.74569945939510
90,0.94,26,-11.6671042242862,24.74569945939510
122,0.94,26,-11.6671042242862,24.74569945939510
88,0.9348101265822784,26,-11.6671042242862,24.74569945939510
63,0.9339784946236559,26,-11.6671042242862,24.74569945939510
193,0.9255819477434676,26,-11.6671042242862,24.74569945939510
112,0.9134782608695652,26,-11.6671042242862,24.74569945939510
227,0.9102499634556322,26,-11.6671042242862,24.74569945939510
86,0.8952263374485598,26,-11.6671042242862,24.74569945939510
201,0.8916284403669725,26,-11.6671042242862,24.74569945939510
143,0.8804220078690179,26,-11.6671042242862,24.74569945939510
245,0.8742391934175451,26,-11.6671042242862,24.74569945939510
120,0.8625,26,-11.6671042242862,24.74569945939510
196,0.8594949494949495,26,-11.6671042242862,24.74569945939510
13,0.8547058823529412,26,-11.6671042242862,24.74569945939510
116,0.8540229885057515,26,-11.6671042242862,24.74569945939510
31,0.8493292682926828,26,-11.6671042242862,24.74569945939510
48,0.8491666666666667,26,-11.6671042242862,24.74569945939510
72,0.8486844373865783,26,-11.6671042242862,24.74569945939510
99,0.8302631578947368,26,-11.6671042242862,24.74569945939510
109,0.8176995305164318,26,-11.6671042242862,24.74569945939510
6,0.8172044691709944,26,-11.6671042242862,24.74569945939510
65,0.814178714509667,26,-11.6671042242862,24.74569945939510
257,0.8047368421052632,26,-11.6671042242862,24.74569945939510
47,0.8,27,24.7456994593951,61.15850314307640
152,0.7984722222222221,26,-11.6671042242862,24.74569945939510
71,0.7956756756756754,26,-11.6671042242862,24.74569945939510
98,0.7866666666666666,26,-11.6671042242862,24.74569945939510
52,0.7694117647058822,26,-11.6671042242862,24.74569945939510
221,0.7642528735632184,26,-11.6671042242862,24.74569945939510
26,0.7601315789473684,26,-11.6671042242862,24.74569945939510
129,0.7503846153846153,26,-11.6671042242862,24.74569945939510
35,0.750095238095238,26,-11.6671042242862,24.74569945939510
234,0.75,27,24.7456994593951,61.15850314307640
95,0.7394594594594595,26,-11.6671042242862,24.74569945939510
92,0.7333043478260871,26,-11.6671042242862,24.74569945939510
199,0.71024208566108,26,-11.6671042242862,24.74569945939510
184,0.7071428571428572,26,-11.6671042242862,24.74569945939510
94,0.6986019862490452,26,-11.6671042242862,24.74569945939510
69,0.6960344827586208,26,-11.6671042242862,24.74569945939510
178,0.69144,26,-11.6671042242862,24.74569945939510
55,0.6885056390977445,26,-11.6671042242862,24.74569945939510
19,0.6871544715447155,26,-11.6671042242862,24.74569945939510
25,0.6845267489711936,26,-11.6671042242862,24.74569945939510
133,0.6835223880597017,26,-11.6671042242862,24.74569945939510
198,0.6806580493537014,26,-11.6671042242862,24.74569945939510
5,0.6666666666666666,27,24.7456994593951,61.15850314307640
126,0.6640814630091435,26,-11.6671042242862,24.74569945939510
18,0.6618279569892472,26,-11.6671042242862,24.74569945939510
203,0.6615384615384616,26,-11.6671042242862,24.74569945939510
84,0.6596875000000001,26,-11.6671042242862,24.74569945939510
194,0.6421428571428571,26,-11.6671042242862,24.74569945939510
212,0.636,26,-11.6671042242862,24.74569945939510
177,0.6325000000000001,26,-11.6671042242862,24.74569945939510
9,0.616561403508772,26,-11.6671042242862,24.74569945939510
219,0.6152173913043479,26,-11.6671042242862,24.74569945939510
29,0.6129032258064516,26,-11.6671042242862,24.74569945939510
28,0.606875,26,-11.6671042242862,24.74569945939510
103,0.5987096774193548,26,-11.6671042242862,24.74569945939510
150,0.5950892857142855,26,-11.6671042242862,24.74569945939510
97,0.5846666666666666,26,-11.6671042242862,24.74569945939510
188,0.5699113475177304,26,-11.6671042242862,24.74569945939510
259,0.5587089097129259,26,-11.6671042242862,24.74569945939510
222,0.5578571428571428,26,-11.6671042242862,24.74569945939510
134,0.5556862745098039,26,-11.6671042242862,24.74569945939510
241,0.5543478260869565,26,-11.6671042242862,24.74569945939510
23,0.5503960396039603,26,-11.6671042242862,24.74569945939510
50,0.5473076923076923,26,-11.6671042242862,24.74569945939510
130,0.5462790697674419,26,-11.6671042242862,24.74569945939510
155,0.5455256064690026,26,-11.6671042242862,24.74569945939510
118,0.5101485148514852,26,-11.6671042242862,24.74569945939510
70,0.508687297734628,26,-11.6671042242862,24.74569945939510
256,0.5058064516129034,26,-11.6671042242862,24.74569945939510
12,0.5,27,24.7456994593951,61.15850314307640
170,0.5,27,24.7456994593951,61.15850314307640
182,0.5,27,24.7456994593951,61.15850314307640
208,0.4813793103448276,26,-11.6671042242862,24.74569945939510
58,0.4754123711340206,26,-11.6671042242862,24.74569945939510
17,0.47424999999999995,26,-11.6671042242862,24.74569945939510
47,0.4726666666666667,26,-11.6671042242862,24.74569945939510
128,0.4722222222222221,26,-11.6671042242862,24.74569945939510
237,0.46801587301587294,26,-11.6671042242862,24.74569945939510
131,0.45223240573653706,26,-11.6671042242862,24.74569945939510
91,0.45146702557200546,26,-11.6671042242862,24.74569945939510
56,0.4431054131054132,26,-11.6671042242862,24.74569945939510
127,0.4365908444697184,26,-11.6671042242862,24.74569945939510
161,0.42984539270253547,26,-11.6671042242862,24.74569945939510
159,0.4289189189189189,26,-11.6671042242862,24.74569945939510
7,0.4283333333333334,26,-11.6671042242862,24.74569945939510
249,0.41937499999999994,26,-11.6671042242862,24.74569945939510
76,0.4166666666666667,26,-11.6671042242862,24.74569945939510
147,0.40580645161290324,26,-11.6671042242862,24.74569945939510
37,0.40545454545454546,26,-11.6671042242862,24.74569945939510
162,0.4041549295774648,26,-11.6671042242862,24.74569945939510
79,0.40282176940933717,26,-11.6671042242862,24.74569945939510
181,0.3960365853658537,26,-11.6671042242862,24.74569945939510
67,0.38999999999999996,26,-11.6671042242862,24.74569945939510
0,0.3805357142857143,26,-11.6671042242862,24.74569945939510
175,0.3728070175438596,26,-11.6671042242862,24.74569945939510
216,0.36895705521472394,26,-11.6671042242862,24.74569945939510
135,0.3650558659217878,26,-11.6671042242862,24.74569945939510
93,0.3606367041198502,26,-11.6671042242862,24.74569945939510
247,0.3562264150943396,26,-11.6671042242862,24.74569945939510
46,0.35524590163934416,26,-11.6671042242862,24.74569945939510
144,0.35498783454987837,26,-11.6671042242862,24.74569945939510
89,0.34615384615384615,26,-11.6671042242862,24.74569945939510
182,0.3313793103448276,26,-11.6671042242862,24.74569945939510
238,0.2661728395061728,26,-11.6671042242862,24.74569945939510
160,0.24826666666666664,26,-11.6671042242862,24.74569945939510
242,0.24785714285714283,26,-11.6671042242862,24.74569945939510
73,0.24510204081632656,26,-11.6671042242862,24.74569945939510
158,0.2367032967032967,26,-11.6671042242862,24.74569945939510
151,0.23225941422594137,26,-11.6671042242862,24.74569945939510
34,0.23076923076923078,26,-11.6671042242862,24.74569945939510
244,0.21956521739130433,26,-11.6671042242862,24.74569945939510
163,0.212578125,26,-11.6671042242862,24.74569945939510
156,0.21066666666666667,26,-11.6671042242862,24.74569945939510
57,0.21,26,-11.6671042242862,24.74569945939510
234,0.1545,26,-11.6671042242862,24.74569945939510
230,0.14114285714285715,26,-11.6671042242862,24.74569945939510
252,0.11735294117647059,26,-11.6671042242862,24.74569945939510
20,0.08333333333333333,26,-11.6671042242862,24.74569945939510
89,0.035,28,61.1585031430764,97.57130682675770
12,0.0,26,-11.6671042242862,24.74569945939510
122,0.0,30,133.9841105104390,170.39691419412030
203,0.0,28,61.1585031430764,97.57130682675770
38,0.0,26,-11.6671042242862,24.74569945939510
116,0.0,24,-84.4927115916488,-48.07990790796750
69,0.0,25,-48.0799079079675,-11.66710422428620
24,0.0,28,61.1585031430764,97.57130682675770
41,0.0,23,-120.9055152753301,-84.49271159164880
169,0.0,27,24.7456994593951,61.15850314307640
234,0.0,33,243.2225215614829,279.63532524516420
131,0.0,46,716.5889694493398,753.00177313302110
69,0.0,29,97.5713068267577,133.98411051043900
131,0.0,23,-120.9055152753301,-84.49271159164880
141,0.0,25,-48.0799079079675,-11.66710422428620
186,0.0,26,-11.6671042242862,24.74569945939510
142,0.0,29,97.5713068267577,133.98411051043900
83,0.0,26,-11.6671042242862,24.74569945939510
154,0.0,25,-48.0799079079675,-11.66710422428620
239,0.0,40,498.1121473472520,534.52495103093330
154,0.0,48,789.4145768167024,825.82738050038370
155,0.0,25,-48.0799079079675,-11.66710422428620
70,0.0,50,862.2401841840650,898.65298786774630
188,0.0,32,206.8097178778016,243.22252156148290
253,0.0,24,-84.4927115916488,-48.07990790796750
216,0.0,32,206.8097178778016,243.22252156148290
-1,0.0,15,-412.2079447447805,-375.79514106109920
255,0.0,31,170.3969141941203,206.80971787780160
66,0.0,26,-11.6671042242862,24.74569945939510
63,0.0,25,-48.0799079079675,-11.66710422428620
136,0.0,24,-84.4927115916488,-48.07990790796750
72,0.0,36,352.4609326125268,388.87373629620810
17,0.0,30,133.9841105104390,170.39691419412030
45,0.0,39,461.6993436635707,498.11214734725200
80,0.0,26,-11.6671042242862,24.74569945939510
60,0.0,27,24.7456994593951,61.15850314307640
57,0.0,24,-84.4927115916488,-48.07990790796750
211,0.0,26,-11.6671042242862,24.74569945939510
154,0.0,3082,111265.8609531057666,111302.27375678944790
249,0.0,34,279.6353252451642,316.04812892884550
131,0.0,52,935.0657915514276,971.47859523510890
131,0.0,25,-48.0799079079675,-11.66710422428620
-1,0.0,40,498.1121473472520,534.52495103093330
246,0.0,26,-11.6671042242862,24.74569945939510
122,0.0,24,-84.4927115916488,-48.07990790796750
50,0.0,29,97.5713068267577,133.98411051043900
259,0.0,25,-48.0799079079675,-11.66710422428620
64,0.0,30,133.9841105104390,170.39691419412030
240,0.0,24,-84.4927115916488,-48.07990790796750
1,0.0,26,-11.6671042242862,24.74569945939510
106,0.0,38,425.2865399798894,461.69934366357070
159,0.0,31,170.3969141941203,206.80971787780160
87,0.0,24,-84.4927115916488,-48.07990790796750
199,0.0,29,97.5713068267577,133.98411051043900
73,0.0,28,61.1585031430764,97.57130682675770
193,0.0,29,97.5713068267577,133.98411051043900
135,0.0,29,97.5713068267577,133.98411051043900
-1,0.0,23,-120.9055152753301,-84.49271159164880
241,0.0,31,170.3969141941203,206.80971787780160
240,0.0,33,243.2225215614829,279.63532524516420
224,0.0,26,-11.6671042242862,24.74569945939510
135,0.0,30,133.9841105104390,170.39691419412030
4,0.0,26,-11.6671042242862,24.74569945939510
205,0.0,26,-11.6671042242862,24.74569945939510
194,0.0,30,133.9841105104390,170.39691419412030
137,0.0,42,570.9377547146146,607.35055839829590
240,0.0,37,388.8737362962081,425.28653997988940
33,0.0,37,388.8737362962081,425.28653997988940
199,0.0,33,243.2225215614829,279.63532524516420
253,0.0,25,-48.0799079079675,-11.66710422428620
248,0.0,25,-48.0799079079675,-11.66710422428620
55,0.0,39,461.6993436635707,498.11214734725200
140,0.0,26,-11.6671042242862,24.74569945939510
96,0.0,24,-84.4927115916488,-48.07990790796750
205,0.0,28,61.1585031430764,97.57130682675770
-1,0.0,14,-448.6207484284618,-412.20794474478050
5,0.0,29,97.5713068267577,133.98411051043900
148,0.0,27,24.7456994593951,61.15850314307640
81,0.0,26,-11.6671042242862,24.74569945939510
145,0.0,18,-302.9695336937366,-266.55673001005530
235,0.0,34,279.6353252451642,316.04812892884550
19,0.0,24,-84.4927115916488,-48.07990790796750
226,0.0,24,-84.4927115916488,-48.07990790796750
155,0.0,37,388.8737362962081,425.28653997988940
128,0.0,32,206.8097178778016,243.22252156148290
193,0.0,30,133.9841105104390,170.39691419412030
240,0.0,25,-48.0799079079675,-11.66710422428620
117,0.0,24,-84.4927115916488,-48.07990790796750
221,0.0,24,-84.4927115916488,-48.07990790796750
-1,0.0,50,862.2401841840650,898.65298786774630
-1,0.0,19,-266.5567300100553,-230.14392632637400
203,0.0,24,-84.4927115916488,-48.07990790796750
178,0.0,34,279.6353252451642,316.04812892884550
41,0.0,24,-84.4927115916488,-48.07990790796750
43,0.0,33,243.2225215614829,279.63532524516420
145,0.0,24,-84.4927115916488,-48.07990790796750
22,0.0,163,4976.8870004400519,5013.29980412373320
117,0.0,20,-230.1439263263740,-193.73112264269270
99,0.0,38,425.2865399798894,461.69934366357070
240,0.0,39,461.6993436635707,498.11214734725200
116,0.0,45,680.1761657656585,716.58896944933980
90,0.0,37,388.8737362962081,425.28653997988940
131,0.0,44,643.7633620819772,680.17616576565850
69,0.0,30,133.9841105104390,170.39691419412030
198,0.0,25,-48.0799079079675,-11.66710422428620
15,0.0,31,170.3969141941203,206.80971787780160
69,0.0,31,170.3969141941203,206.80971787780160
137,0.0,25,-48.0799079079675,-11.66710422428620
239,0.0,23,-120.9055152753301,-84.49271159164880
194,0.0,29,97.5713068267577,133.98411051043900
117,0.0,22,-157.3183189590114,-120.90551527533010
48,0.0,27,24.7456994593951,61.15850314307640
226,0.0,33,243.2225215614829,279.63532524516420
179,0.0,26,-11.6671042242862,24.74569945939510
79,0.0,25,-48.0799079079675,-11.66710422428620
225,0.0,26,-11.6671042242862,24.74569945939510
256,0.0,31,170.3969141941203,206.80971787780160
117,0.0,42,570.9377547146146,607.35055839829590
148,0.0,26,-11.6671042242862,24.74569945939510
229,0.0,24,-84.4927115916488,-48.07990790796750
178,0.0,33,243.2225215614829,279.63532524516420
200,0.0,26,-11.6671042242862,24.74569945939510
91,0.0,33,243.2225215614829,279.63532524516420
155,0.0,34,279.6353252451642,316.04812892884550
179,0.0,25,-48.0799079079675,-11.66710422428620
117,0.0,44,643.7633620819772,680.17616576565850
129,0.0,29,97.5713068267577,133.98411051043900
-1,0.0,66,1444.8450431229658,1481.25784680664710
226,0.0,31,170.3969141941203,206.80971787780160
256,0.0,30,133.9841105104390,170.39691419412030
229,0.0,22,-157.3183189590114,-120.90551527533010
23,0.0,29,97.5713068267577,133.98411051043900
239,0.0,35,316.0481289288455,352.46093261252680
131,0.0,53,971.4785952351089,1007.89139891879020
146,0.0,26,-11.6671042242862,24.74569945939510
5,0.0,28,61.1585031430764,97.57130682675770
248,0.0,35,316.0481289288455,352.46093261252680
17,0.0,24,-84.4927115916488,-48.07990790796750
137,0.0,24,-84.4927115916488,-48.07990790796750
157,0.0,25,-48.0799079079675,-11.66710422428620
-1,0.0,109,3010.5956015212617,3047.00840520494300
183,0.0,26,-11.6671042242862,24.74569945939510
143,0.0,24,-84.4927115916488,-48.07990790796750
54,0.0,26,-11.6671042242862,24.74569945939510
144,0.0,25,-48.0799079079675,-11.66710422428620
-1,0.0,43,607.3505583982959,643.76336208197720
121,0.0,26,-11.6671042242862,24.74569945939510
116,0.0,34,279.6353252451642,316.04812892884550
180,0.0,25,-48.0799079079675,-11.66710422428620
235,0.0,25,-48.0799079079675,-11.66710422428620
109,0.0,36,352.4609326125268,388.87373629620810
122,0.0,33,243.2225215614829,279.63532524516420
39,0.0,25,-48.0799079079675,-11.66710422428620
106,0.0,25,-48.0799079079675,-11.66710422428620
178,0.0,31,170.3969141941203,206.80971787780160
91,0.0,35,316.0481289288455,352.46093261252680
155,0.0,32,206.8097178778016,243.22252156148290
189,0.0,27,24.7456994593951,61.15850314307640
65,0.0,25,-48.0799079079675,-11.66710422428620
219,0.0,24,-84.4927115916488,-48.07990790796750
171,0.0,25,-48.0799079079675,-11.66710422428620
163,0.0,25,-48.0799079079675,-11.66710422428620
153,0.0,27,24.7456994593951,61.15850314307640
17,0.0,29,97.5713068267577,133.98411051043900
196,0.0,29,97.5713068267577,133.98411051043900
223,0.0,29,97.5713068267577,133.98411051043900
128,0.0,24,-84.4927115916488,-48.07990790796750
128,0.0,39,461.6993436635707,498.11214734725200
154,0.0,0,-958.4000000000000,-921.98719631631870
39,0.0,32,206.8097178778016,243.22252156148290
220,0.0,29,97.5713068267577,133.98411051043900
178,0.0,38,425.2865399798894,461.69934366357070
157,0.0,24,-84.4927115916488,-48.07990790796750
-1,0.0,246,7999.1497061855998,8035.56250986928110
97,0.0,31,170.3969141941203,206.80971787780160
107,0.0,26,-11.6671042242862,24.74569945939510
70,0.0,36,352.4609326125268,388.87373629620810
117,0.0,36,352.4609326125268,388.87373629620810
75,0.0,24,-84.4927115916488,-48.07990790796750
178,0.0,37,388.8737362962081,425.28653997988940
91,0.0,37,388.8737362962081,425.28653997988940
-1,0.0,46,716.5889694493398,753.00177313302110
75,0.0,40,498.1121473472520,534.52495103093330
35,0.0,29,97.5713068267577,133.98411051043900
-1,0.0,22,-157.3183189590114,-120.90551527533010
-1,0.0,42,570.9377547146146,607.35055839829590
142,0.0,26,-11.6671042242862,24.74569945939510
86,0.0,34,279.6353252451642,316.04812892884550
117,0.0,37,388.8737362962081,425.28653997988940
109,0.0,24,-84.4927115916488,-48.07990790796750
229,0.0,50,862.2401841840650,898.65298786774630
192,0.0,29,97.5713068267577,133.98411051043900
176,0.0,28,61.1585031430764,97.57130682675770
82,0.0,28,61.1585031430764,97.57130682675770
259,0.0,40,498.1121473472520,534.52495103093330
199,0.0,43,607.3505583982959,643.76336208197720
117,0.0,25,-48.0799079079675,-11.66710422428620
72,0.0,47,753.0017731330211,789.41457681670240
85,0.0,25,-48.0799079079675,-11.66710422428620
87,0.0,32,206.8097178778016,243.22252156148290
248,0.0,34,279.6353252451642,316.04812892884550
188,0.0,29,97.5713068267577,133.98411051043900
9,0.0,33,243.2225215614829,279.63532524516420
143,0.0,32,206.8097178778016,243.22252156148290
248,0.0,24,-84.4927115916488,-48.07990790796750
225,0.0,29,97.5713068267577,133.98411051043900
85,0.0,24,-84.4927115916488,-48.07990790796750
70,0.0,25,-48.0799079079675,-11.66710422428620
259,0.0,42,570.9377547146146,607.35055839829590
164,0.0,37,388.8737362962081,425.28653997988940
-1,0.0,21,-193.7311226426927,-157.31831895901140
164,0.0,25,-48.0799079079675,-11.66710422428620
6,0.0,25,-48.0799079079675,-11.66710422428620
154,0.0,54,1007.8913989187902,1044.30420260247150
246,0.0,28,61.1585031430764,97.57130682675770
212,0.0,29,97.5713068267577,133.98411051043900
78,0.0,26,-11.6671042242862,24.74569945939510
86,0.0,18,-302.9695336937366,-266.55673001005530
239,0.0,136,3993.7413009806568,4030.15410466433810
79,0.0,33,243.2225215614829,279.63532524516420
109,0.0,30,133.9841105104390,170.39691419412030
115,0.0,26,-11.6671042242862,24.74569945939510
154,0.0,24,-84.4927115916488,-48.07990790796750
131,0.0,20,-230.1439263263740,-193.73112264269270
207,0.0,26,-11.6671042242862,24.74569945939510
115,0.0,27,24.7456994593951,61.15850314307640
36,0.0,24,-84.4927115916488,-48.07990790796750
239,0.0,20,-230.1439263263740,-193.73112264269270
147,0.0,28,61.1585031430764,97.57130682675770
77,0.0,26,-11.6671042242862,24.74569945939510
29,0.0,33,243.2225215614829,279.63532524516420
106,0.0,24,-84.4927115916488,-48.07990790796750
127,0.0,42,570.9377547146146,607.35055839829590
41,0.0,37,388.8737362962081,425.28653997988940
17,0.0,22,-157.3183189590114,-120.90551527533010
212,0.0,30,133.9841105104390,170.39691419412030
117,0.0,40,498.1121473472520,534.52495103093330
33,0.0,25,-48.0799079079675,-11.66710422428620
76,0.0,28,61.1585031430764,97.57130682675770
85,0.0,38,425.2865399798894,461.69934366357070
68,0.0,24,-84.4927115916488,-48.07990790796750
243,0.0,23,-120.9055152753301,-84.49271159164880
199,0.0,53,971.4785952351089,1007.89139891879020
88,0.0,29,97.5713068267577,133.98411051043900
49,0.0,30,133.9841105104390,170.39691419412030
171,0.0,24,-84.4927115916488,-48.07990790796750
39,0.0,24,-84.4927115916488,-48.07990790796750
239,0.0,19,-266.5567300100553,-230.14392632637400
235,0.0,24,-84.4927115916488,-48.07990790796750
75,0.0,23,-120.9055152753301,-84.49271159164880
56,0.0,25,-48.0799079079675,-11.66710422428620
136,0.0,25,-48.0799079079675,-11.66710422428620
212,0.0,31,170.3969141941203,206.80971787780160
182,0.0,28,61.1585031430764,97.57130682675770
81,0.0,27,24.7456994593951,61.15850314307640
245,0.0,24,-84.4927115916488,-48.07990790796750
41,0.0,35,316.0481289288455,352.46093261252680
145,0.0,25,-48.0799079079675,-11.66710422428620
229,0.0,38,425.2865399798894,461.69934366357070
150,0.0,30,133.9841105104390,170.39691419412030
154,0.0,52,935.0657915514276,971.47859523510890
92,0.0,33,243.2225215614829,279.63532524516420
122,0.0,31,170.3969141941203,206.80971787780160
170,0.0,26,-11.6671042242862,24.74569945939510
116,0.0,25,-48.0799079079675,-11.66710422428620
248,0.0,20,-230.1439263263740,-193.73112264269270
24,0.0,26,-11.6671042242862,24.74569945939510
220,0.0,25,-48.0799079079675,-11.66710422428620
162,0.0,31,170.3969141941203,206.80971787780160
229,0.0,25,-48.0799079079675,-11.66710422428620
256,0.0,29,97.5713068267577,133.98411051043900
225,0.0,28,61.1585031430764,97.57130682675770
151,0.0,30,133.9841105104390,170.39691419412030
59,0.0,26,-11.6671042242862,24.74569945939510
109,0.0,33,243.2225215614829,279.63532524516420
35,0.0,31,170.3969141941203,206.80971787780160
167,0.0,26,-11.6671042242862,24.74569945939510
127,0.0,25,-48.0799079079675,-11.66710422428620
143,0.0,40,498.1121473472520,534.52495103093330
33,0.0,23,-120.9055152753301,-84.49271159164880
15,0.0,25,-48.0799079079675,-11.66710422428620
114,0.0,24,-84.4927115916488,-48.07990790796750
154,0.0,23,-120.9055152753301,-84.49271159164880
82,0.0,34,279.6353252451642,316.04812892884550
97,0.0,30,133.9841105104390,170.39691419412030
176,0.0,26,-11.6671042242862,24.74569945939510
87,0.0,42,570.9377547146146,607.35055839829590
32,0.0,26,-11.6671042242862,24.74569945939510
137,0.0,51,898.6529878677463,935.06579155142760
143,0.0,34,279.6353252451642,316.04812892884550
128,0.0,35,316.0481289288455,352.46093261252680
109,0.0,35,316.0481289288455,352.46093261252680
86,0.0,37,388.8737362962081,425.28653997988940
5,0.0,25,-48.0799079079675,-11.66710422428620
45,0.0,29,97.5713068267577,133.98411051043900
97,0.0,29,97.5713068267577,133.98411051043900
68,0.0,33,243.2225215614829,279.63532524516420
154,0.0,39,461.6993436635707,498.11214734725200
249,0.0,28,61.1585031430764,97.57130682675770
143,-0.03333333333333333,25,-48.0799079079675,-11.66710422428620
239,-0.3,25,-48.0799079079675,-11.66710422428620
-1,-0.34487179487179487,25,-48.0799079079675,-11.66710422428620
131,-0.546875,24,-84.4927115916488,-48.07990790796750
-1,-0.758019801980198,24,-84.4927115916488,-48.07990790796750
164,-1.1733333333333333,24,-84.4927115916488,-48.07990790796750
180,-2.0,24,-84.4927115916488,-48.07990790796750
239,-2.392857142857143,24,-84.4927115916488,-48.07990790796750
215,-3.52,24,-84.4927115916488,-48.07990790796750
8,-3.81,24,-84.4927115916488,-48.07990790796750
41,-4.16625,25,-48.0799079079675,-11.66710422428620
75,-6.3,25,-48.0799079079675,-11.66710422428620
114,-11.546666666666667,25,-48.0799079079675,-11.66710422428620
43,-17.5,24,-84.4927115916488,-48.07990790796750
-1,-55.2,20,-230.1439263263740,-193.73112264269270
