pickup_zone,avg_tip_percentage,bkt_passenger_count,val_start,val_end
75,0.891089108911,6,7.949345031988974,9.2742358706538030
72,0.864197530864,5,6.624454193324145,7.9493450319889740
123,0.675714285714,0,0E-15,1.3248908386648290
21,0.572419774501,0,0E-15,1.3248908386648290
76,0.406504065041,3,3.974672515994487,5.2995633546593160
82,0.385508044808,1,1.324890838664829,2.6497816773296580
117,0.33555555555566663,6,7.949345031988974,9.2742358706538030
14,0.28418888356899996,1,1.324890838664829,2.6497816773296580
32,0.24975292218215,0,0E-15,1.3248908386648290
210,0.24175052077929998,0,0E-15,1.3248908386648290
170,0.2394232249950025,0,0E-15,1.3248908386648290
29,0.230769230769,2,2.649781677329658,3.9746725159944870
60,0.230769230769,1,1.324890838664829,2.6497816773296580
83,0.230748945148,1,1.324890838664829,2.6497816773296580
190,0.230432402846,0,0E-15,1.3248908386648290
28,0.22972972973,1,1.324890838664829,2.6497816773296580
5,0.20549706334833331,1,1.324890838664829,2.6497816773296580
215,0.200385356455,6,7.949345031988974,9.2742358706538030
184,0.200310559006,4,5.299563354659316,6.6244541933241450
44,0.200023862119,4,5.299563354659316,6.6244541933241450
41,0.2,5,6.624454193324145,7.9493450319889740
139,0.198275862069,1,1.324890838664829,2.6497816773296580
78,0.19010909598995454,0,0E-15,1.3248908386648290
1,0.18419067351133334,0,0E-15,1.3248908386648290
186,0.18075573684771426,0,0E-15,1.3248908386648290
247,0.17847466139113335,3,3.974672515994487,5.2995633546593160
102,0.17761238081,0,0E-15,1.3248908386648290
46,0.176991150442,4,5.299563354659316,6.6244541933241450
186,0.16669047279,1,1.324890838664829,2.6497816773296580
159,0.166688768068,4,5.299563354659316,6.6244541933241450
131,0.1666804780435,6,7.949345031988974,9.2742358706538030
210,0.166666666667,4,5.299563354659316,6.6244541933241450
8,0.166666666667,5,6.624454193324145,7.9493450319889740
18,0.166666666667,4,5.299563354659316,6.6244541933241450
123,0.166666666667,1,1.324890838664829,2.6497816773296580
99,0.166666666667,4,5.299563354659316,6.6244541933241450
183,0.166666666667,1,1.324890838664829,2.6497816773296580
146,0.166666666667,3,3.974672515994487,5.2995633546593160
184,0.166666666667,2,2.649781677329658,3.9746725159944870
194,0.166666666667,4,5.299563354659316,6.6244541933241450
26,0.166666666667,2,2.649781677329658,3.9746725159944870
124,0.1664616894905,0,0E-15,1.3248908386648290
204,0.165562913907,2,2.649781677329658,3.9746725159944870
168,0.15856885887161667,0,0E-15,1.3248908386648290
202,0.15499640820921431,0,0E-15,1.3248908386648290
44,0.15334584115066666,0,0E-15,1.3248908386648290
165,0.152522447468375,4,5.299563354659316,6.6244541933241450
232,0.15038470178822222,3,3.974672515994487,5.2995633546593160
196,0.14826450703351668,3,3.974672515994487,5.2995633546593160
248,0.141509433962,6,7.949345031988974,9.2742358706538030
2,0.140597539543,0,0E-15,1.3248908386648290
35,0.13996439697385715,4,5.299563354659316,6.6244541933241450
31,0.13860312322294738,2,2.649781677329658,3.9746725159944870
241,0.13853181114288848,0,0E-15,1.3248908386648290
13,0.1361337367756125,1,1.324890838664829,2.6497816773296580
165,0.13324667822087502,3,3.974672515994487,5.2995633546593160
251,0.13210709627166664,1,1.324890838664829,2.6497816773296580
117,0.130434782609,5,6.624454193324145,7.9493450319889740
97,0.12537511469921,2,2.649781677329658,3.9746725159944870
31,0.12476270588998847,1,1.324890838664829,2.6497816773296580
212,0.12458889803127272,2,2.649781677329658,3.9746725159944870
152,0.12395449963308,4,5.299563354659316,6.6244541933241450
137,0.12375999254916185,0,0E-15,1.3248908386648290
88,0.12322101726507144,2,2.649781677329658,3.9746725159944870
149,0.122129946263,0,0E-15,1.3248908386648290
134,0.1203085407469,4,5.299563354659316,6.6244541933241450
137,0.12025279145358048,4,5.299563354659316,6.6244541933241450
47,0.12019072282599999,1,1.324890838664829,2.6497816773296580
137,0.11935821302241241,3,3.974672515994487,5.2995633546593160
69,0.11913984199989999,1,1.324890838664829,2.6497816773296580
64,0.11819865560800533,4,5.299563354659316,6.6244541933241450
51,0.11808658848091536,4,5.299563354659316,6.6244541933241450
51,0.11795692917156889,2,2.649781677329658,3.9746725159944870
87,0.11676331240662706,4,5.299563354659316,6.6244541933241450
217,0.11637190641033335,0,0E-15,1.3248908386648290
87,0.11614150009584706,0,0E-15,1.3248908386648290
137,0.11608158975112984,1,1.324890838664829,2.6497816773296580
223,0.11597778517110714,0,0E-15,1.3248908386648290
171,0.11578104567900603,0,0E-15,1.3248908386648290
64,0.11575106479748097,0,0E-15,1.3248908386648290
171,0.1153879691062956,4,5.299563354659316,6.6244541933241450
50,0.1153846153845,2,2.649781677329658,3.9746725159944870
129,0.1153846153845,4,5.299563354659316,6.6244541933241450
8,0.1151740322959727,0,0E-15,1.3248908386648290
51,0.1145579685257536,3,3.974672515994487,5.2995633546593160
235,0.1141886260555218,0,0E-15,1.3248908386648290
8,0.11395121672998303,4,5.299563354659316,6.6244541933241450
172,0.11305212658552044,0,0E-15,1.3248908386648290
9,0.11296737600514285,4,5.299563354659316,6.6244541933241450
235,0.11282808369225321,4,5.299563354659316,6.6244541933241450
196,0.11267967932839834,0,0E-15,1.3248908386648290
137,0.11258700788336687,2,2.649781677329658,3.9746725159944870
171,0.11257987790067903,1,1.324890838664829,2.6497816773296580
51,0.1122344435562168,1,1.324890838664829,2.6497816773296580
248,0.11210652170537339,0,0E-15,1.3248908386648290
171,0.11193493581671969,3,3.974672515994487,5.2995633546593160
87,0.11172779088685837,1,1.324890838664829,2.6497816773296580
220,0.11143197037690344,2,2.649781677329658,3.9746725159944870
219,0.11141623074990716,4,5.299563354659316,6.6244541933241450
106,0.11137256640028602,0,0E-15,1.3248908386648290
52,0.11122169859033332,3,3.974672515994487,5.2995633546593160
113,0.1111882315823151,1,1.324890838664829,2.6497816773296580
256,0.11111111111133333,2,2.649781677329658,3.9746725159944870
51,0.11081713560510144,0,0E-15,1.3248908386648290
64,0.11063235240032561,3,3.974672515994487,5.2995633546593160
215,0.11061402240564884,0,0E-15,1.3248908386648290
172,0.11055242506445939,1,1.324890838664829,2.6497816773296580
172,0.11052014527437073,4,5.299563354659316,6.6244541933241450
171,0.11048730833994783,2,2.649781677329658,3.9746725159944870
87,0.11043242172304431,3,3.974672515994487,5.2995633546593160
248,0.11014969874311535,4,5.299563354659316,6.6244541933241450
106,0.10999667236994755,4,5.299563354659316,6.6244541933241450
255,0.10978743993261351,3,3.974672515994487,5.2995633546593160
85,0.10971375185584625,0,0E-15,1.3248908386648290
238,0.10956236745720001,2,2.649781677329658,3.9746725159944870
235,0.10934132653932663,3,3.974672515994487,5.2995633546593160
75,0.10911243801831388,0,0E-15,1.3248908386648290
235,0.10910896298844688,1,1.324890838664829,2.6497816773296580
8,0.1090338705773526,3,3.974672515994487,5.2995633546593160
106,0.1089094506838854,1,1.324890838664829,2.6497816773296580
248,0.10885934612436432,1,1.324890838664829,2.6497816773296580
75,0.10872663280177787,4,5.299563354659316,6.6244541933241450
75,0.10839863726087988,1,1.324890838664829,2.6497816773296580
8,0.10838432935992537,1,1.324890838664829,2.6497816773296580
164,0.1083443949555084,0,0E-15,1.3248908386648290
145,0.10829051010567871,1,1.324890838664829,2.6497816773296580
145,0.10821495380442049,4,5.299563354659316,6.6244541933241450
30,0.10810898518186689,0,0E-15,1.3248908386648290
87,0.108080400810371,2,2.649781677329658,3.9746725159944870
106,0.10800097949499056,3,3.974672515994487,5.2995633546593160
92,0.10795640075397095,0,0E-15,1.3248908386648290
136,0.10791106702690806,0,0E-15,1.3248908386648290
114,0.10788476248849457,0,0E-15,1.3248908386648290
75,0.10786375199162761,3,3.974672515994487,5.2995633546593160
132,0.10781169634257,4,5.299563354659316,6.6244541933241450
224,0.10775862068975,0,0E-15,1.3248908386648290
248,0.10773358421903864,3,3.974672515994487,5.2995633546593160
130,0.10769230769225,4,5.299563354659316,6.6244541933241450
30,0.10755558732657565,3,3.974672515994487,5.2995633546593160
191,0.10755458590539743,1,1.324890838664829,2.6497816773296580
48,0.10754320411033334,4,5.299563354659316,6.6244541933241450
215,0.1075367916856291,4,5.299563354659316,6.6244541933241450
145,0.10746228866048249,0,0E-15,1.3248908386648290
164,0.1074260127387049,4,5.299563354659316,6.6244541933241450
122,0.10737768758881874,1,1.324890838664829,2.6497816773296580
36,0.10731103947887194,3,3.974672515994487,5.2995633546593160
36,0.10719132988350638,0,0E-15,1.3248908386648290
106,0.10716356880493907,2,2.649781677329658,3.9746725159944870
85,0.10708065720426062,4,5.299563354659316,6.6244541933241450
239,0.107051961824,5,6.624454193324145,7.9493450319889740
41,0.10694656227368016,0,0E-15,1.3248908386648290
64,0.10691129094224001,2,2.649781677329658,3.9746725159944870
174,0.10685708819273793,0,0E-15,1.3248908386648290
136,0.10679337895205504,4,5.299563354659316,6.6244541933241450
114,0.10663713345062449,4,5.299563354659316,6.6244541933241450
16,0.106224771617,1,1.324890838664829,2.6497816773296580
75,0.10619764689372335,2,2.649781677329658,3.9746725159944870
253,0.10609168764840944,1,1.324890838664829,2.6497816773296580
235,0.10608839366907433,2,2.649781677329658,3.9746725159944870
172,0.10595034853659537,3,3.974672515994487,5.2995633546593160
179,0.10588224100643334,0,0E-15,1.3248908386648290
136,0.10574634042899309,1,1.324890838664829,2.6497816773296580
220,0.10563665603316588,3,3.974672515994487,5.2995633546593160
136,0.10560746931444322,3,3.974672515994487,5.2995633546593160
248,0.10553271683470102,2,2.649781677329658,3.9746725159944870
36,0.10528425043944385,2,2.649781677329658,3.9746725159944870
30,0.10524519465677594,2,2.649781677329658,3.9746725159944870
112,0.10519289919128501,0,0E-15,1.3248908386648290
197,0.10508557684070541,2,2.649781677329658,3.9746725159944870
36,0.10506603814507412,1,1.324890838664829,2.6497816773296580
114,0.10501218001591098,1,1.324890838664829,2.6497816773296580
113,0.10501029028660194,3,3.974672515994487,5.2995633546593160
154,0.10497001742694653,0,0E-15,1.3248908386648290
180,0.10486185468227614,4,5.299563354659316,6.6244541933241450
164,0.10463310440194248,3,3.974672515994487,5.2995633546593160
41,0.10460983550839609,4,5.299563354659316,6.6244541933241450
145,0.1045587851808261,2,2.649781677329658,3.9746725159944870
215,0.1045180891479186,3,3.974672515994487,5.2995633546593160
226,0.10437762052379275,0,0E-15,1.3248908386648290
253,0.10426025797079226,2,2.649781677329658,3.9746725159944870
136,0.10419461499990998,2,2.649781677329658,3.9746725159944870
114,0.10406945664547627,3,3.974672515994487,5.2995633546593160
-1,0.1038277218043749,4,5.299563354659316,6.6244541933241450
226,0.1037964209960503,1,1.324890838664829,2.6497816773296580
196,0.10378993286308351,1,1.324890838664829,2.6497816773296580
191,0.10375893643507883,2,2.649781677329658,3.9746725159944870
22,0.10374348609656929,4,5.299563354659316,6.6244541933241450
105,0.10372207759727806,4,5.299563354659316,6.6244541933241450
172,0.10368688976539728,2,2.649781677329658,3.9746725159944870
114,0.10362941568841967,2,2.649781677329658,3.9746725159944870
145,0.10359695748815992,3,3.974672515994487,5.2995633546593160
203,0.10354020046933332,2,2.649781677329658,3.9746725159944870
78,0.10351385645413999,1,1.324890838664829,2.6497816773296580
215,0.1035119113844084,1,1.324890838664829,2.6497816773296580
220,0.10340399575221633,0,0E-15,1.3248908386648290
30,0.1033736550619596,1,1.324890838664829,2.6497816773296580
164,0.10336781539613861,1,1.324890838664829,2.6497816773296580
243,0.1030979710442,4,5.299563354659316,6.6244541933241450
255,0.10303408226482,4,5.299563354659316,6.6244541933241450
22,0.10302668064404624,1,1.324890838664829,2.6497816773296580
113,0.10292903491981967,0,0E-15,1.3248908386648290
253,0.10276589512940144,0,0E-15,1.3248908386648290
8,0.1027276378375759,2,2.649781677329658,3.9746725159944870
191,0.10269071006777361,4,5.299563354659316,6.6244541933241450
85,0.10268673516361917,1,1.324890838664829,2.6497816773296580
253,0.10263835161341121,4,5.299563354659316,6.6244541933241450
180,0.1026157462590212,2,2.649781677329658,3.9746725159944870
253,0.10254431214595482,3,3.974672515994487,5.2995633546593160
-1,0.10254100385519022,0,0E-15,1.3248908386648290
240,0.10249708158095,6,7.949345031988974,9.2742358706538030
36,0.10246270309263743,4,5.299563354659316,6.6244541933241450
226,0.10231355900396372,4,5.299563354659316,6.6244541933241450
64,0.1022699859191619,1,1.324890838664829,2.6497816773296580
220,0.1021804209615677,1,1.324890838664829,2.6497816773296580
154,0.10191510600425607,4,5.299563354659316,6.6244541933241450
41,0.10190517523238196,1,1.324890838664829,2.6497816773296580
180,0.10172826177167066,1,1.324890838664829,2.6497816773296580
41,0.1015699522341173,3,3.974672515994487,5.2995633546593160
119,0.10154464359226617,0,0E-15,1.3248908386648290
153,0.10141870684244443,0,0E-15,1.3248908386648290
164,0.10137131299440305,2,2.649781677329658,3.9746725159944870
180,0.10136779518128224,0,0E-15,1.3248908386648290
226,0.10128777986742654,3,3.974672515994487,5.2995633546593160
85,0.10128160221063172,3,3.974672515994487,5.2995633546593160
49,0.10113759354664298,1,1.324890838664829,2.6497816773296580
30,0.10109525534191317,4,5.299563354659316,6.6244541933241450
139,0.10079107384772729,0,0E-15,1.3248908386648290
92,0.100450207793712,2,2.649781677329658,3.9746725159944870
240,0.10027395051218889,4,5.299563354659316,6.6244541933241450
22,0.1002123172538491,3,3.974672515994487,5.2995633546593160
240,0.10019531707570853,0,0E-15,1.3248908386648290
220,0.10018760796953563,4,5.299563354659316,6.6244541933241450
215,0.10003152398739991,2,2.649781677329658,3.9746725159944870
17,0.10003041362525,4,5.299563354659316,6.6244541933241450
248,0.1,5,6.624454193324145,7.9493450319889740
60,0.1,3,3.974672515994487,5.2995633546593160
19,0.09999999999999999,3,3.974672515994487,5.2995633546593160
183,0.09999165558800001,0,0E-15,1.3248908386648290
84,0.0998168515298,1,1.324890838664829,2.6497816773296580
117,0.0997735301770314,0,0E-15,1.3248908386648290
22,0.09973444493415307,0,0E-15,1.3248908386648290
113,0.09972721304143715,4,5.299563354659316,6.6244541933241450
78,0.09964463397300001,2,2.649781677329658,3.9746725159944870
226,0.09937764698405709,2,2.649781677329658,3.9746725159944870
95,0.099358974359,4,5.299563354659316,6.6244541933241450
196,0.09926638342192308,4,5.299563354659316,6.6244541933241450
197,0.09914155999988922,1,1.324890838664829,2.6497816773296580
117,0.09906442240169024,4,5.299563354659316,6.6244541933241450
22,0.09899541893443767,2,2.649781677329658,3.9746725159944870
31,0.09891270580931,4,5.299563354659316,6.6244541933241450
92,0.09888884163344387,1,1.324890838664829,2.6497816773296580
76,0.0988593155894,0,0E-15,1.3248908386648290
239,0.098846997045894,0,0E-15,1.3248908386648290
212,0.09880156514834783,3,3.974672515994487,5.2995633546593160
105,0.098782885573782,1,1.324890838664829,2.6497816773296580
223,0.0987206085755,1,1.324890838664829,2.6497816773296580
41,0.09861617786120838,2,2.649781677329658,3.9746725159944870
154,0.09856955993663206,3,3.974672515994487,5.2995633546593160
240,0.09852911920345801,1,1.324890838664829,2.6497816773296580
157,0.09845483473850138,1,1.324890838664829,2.6497816773296580
157,0.09841133907645322,3,3.974672515994487,5.2995633546593160
141,0.09832461305690156,4,5.299563354659316,6.6244541933241450
180,0.09829050210335681,3,3.974672515994487,5.2995633546593160
25,0.09828362506453044,2,2.649781677329658,3.9746725159944870
181,0.09807819360020001,4,5.299563354659316,6.6244541933241450
157,0.09801609998251555,0,0E-15,1.3248908386648290
191,0.09797916258119718,0,0E-15,1.3248908386648290
239,0.09784867557480652,4,5.299563354659316,6.6244541933241450
33,0.09783730376092924,3,3.974672515994487,5.2995633546593160
240,0.09782650212120032,3,3.974672515994487,5.2995633546593160
105,0.09771983380352009,2,2.649781677329658,3.9746725159944870
85,0.09771858104459648,2,2.649781677329658,3.9746725159944870
240,0.09750924736518517,2,2.649781677329658,3.9746725159944870
154,0.09748708614074134,1,1.324890838664829,2.6497816773296580
105,0.09732000613548145,0,0E-15,1.3248908386648290
45,0.09726465568510267,0,0E-15,1.3248908386648290
141,0.09708167867529216,0,0E-15,1.3248908386648290
239,0.09697450854909904,3,3.974672515994487,5.2995633546593160
239,0.09657530476179445,1,1.324890838664829,2.6497816773296580
92,0.09654587505562962,4,5.299563354659316,6.6244541933241450
239,0.09653861183768701,2,2.649781677329658,3.9746725159944870
60,0.09651691536022222,0,0E-15,1.3248908386648290
219,0.09645780878323049,2,2.649781677329658,3.9746725159944870
68,0.09641756571514463,0,0E-15,1.3248908386648290
119,0.09638878425648183,1,1.324890838664829,2.6497816773296580
-1,0.09634829735041851,1,1.324890838664829,2.6497816773296580
219,0.09633509009457938,3,3.974672515994487,5.2995633546593160
157,0.0962949251114501,2,2.649781677329658,3.9746725159944870
33,0.09612599399066549,0,0E-15,1.3248908386648290
157,0.0959898621216882,4,5.299563354659316,6.6244541933241450
212,0.095971389969035,4,5.299563354659316,6.6244541933241450
229,0.09590380062518619,0,0E-15,1.3248908386648290
45,0.09584623875913977,4,5.299563354659316,6.6244541933241450
105,0.09573023739118915,3,3.974672515994487,5.2995633546593160
255,0.09560208868208109,1,1.324890838664829,2.6497816773296580
68,0.09535646774664677,4,5.299563354659316,6.6244541933241450
-1,0.09521059989974087,3,3.974672515994487,5.2995633546593160
154,0.095120387528075,2,2.649781677329658,3.9746725159944870
131,0.09507585629828227,4,5.299563354659316,6.6244541933241450
117,0.0950291212206849,3,3.974672515994487,5.2995633546593160
141,0.09496766341770416,1,1.324890838664829,2.6497816773296580
113,0.09493516321011658,2,2.649781677329658,3.9746725159944870
39,0.09479706978457408,0,0E-15,1.3248908386648290
39,0.09478501438704481,4,5.299563354659316,6.6244541933241450
133,0.09473479729296669,4,5.299563354659316,6.6244541933241450
117,0.09467980052838527,1,1.324890838664829,2.6497816773296580
197,0.09461175158767453,0,0E-15,1.3248908386648290
192,0.09452187625228235,4,5.299563354659316,6.6244541933241450
192,0.094409213632075,2,2.649781677329658,3.9746725159944870
131,0.09415054158254856,0,0E-15,1.3248908386648290
62,0.09401709401716667,2,2.649781677329658,3.9746725159944870
43,0.09396386249074676,1,1.324890838664829,2.6497816773296580
255,0.09373310066580137,0,0E-15,1.3248908386648290
62,0.09372671944967391,0,0E-15,1.3248908386648290
43,0.09355067140451687,0,0E-15,1.3248908386648290
49,0.09292010889293958,2,2.649781677329658,3.9746725159944870
33,0.09285156749319365,1,1.324890838664829,2.6497816773296580
206,0.092766726147534,1,1.324890838664829,2.6497816773296580
206,0.09261167591574783,2,2.649781677329658,3.9746725159944870
229,0.0925524885298419,4,5.299563354659316,6.6244541933241450
33,0.09228352346822107,2,2.649781677329658,3.9746725159944870
191,0.09219874628678844,3,3.974672515994487,5.2995633546593160
117,0.0919348584747667,2,2.649781677329658,3.9746725159944870
68,0.09188380440935272,3,3.974672515994487,5.2995633546593160
188,0.09187699504182105,4,5.299563354659316,6.6244541933241450
228,0.09173201988200626,2,2.649781677329658,3.9746725159944870
165,0.0917146908166988,0,0E-15,1.3248908386648290
-1,0.09167330068010561,2,2.649781677329658,3.9746725159944870
18,0.09166666666675,2,2.649781677329658,3.9746725159944870
152,0.09159699271477778,3,3.974672515994487,5.2995633546593160
154,0.09158911590614285,6,7.949345031988974,9.2742358706538030
68,0.09117309624834727,1,1.324890838664829,2.6497816773296580
131,0.09115798351583294,3,3.974672515994487,5.2995633546593160
77,0.0909090909091,1,1.324890838664829,2.6497816773296580
49,0.09080289067382322,0,0E-15,1.3248908386648290
39,0.09013810738150127,1,1.324890838664829,2.6497816773296580
31,0.09011782349879856,0,0E-15,1.3248908386648290
193,0.09009394968895149,2,2.649781677329658,3.9746725159944870
43,0.08973319782558294,4,5.299563354659316,6.6244541933241450
228,0.08973027576220027,1,1.324890838664829,2.6497816773296580
228,0.08961222366300492,0,0E-15,1.3248908386648290
236,0.08957698401359568,2,2.649781677329658,3.9746725159944870
49,0.08930839536606577,4,5.299563354659316,6.6244541933241450
34,0.08929765299045386,0,0E-15,1.3248908386648290
61,0.08923605873406375,0,0E-15,1.3248908386648290
243,0.08913504302480128,0,0E-15,1.3248908386648290
221,0.08912590636727999,4,5.299563354659316,6.6244541933241450
96,0.0890727066061206,1,1.324890838664829,2.6497816773296580
34,0.08903780381671429,1,1.324890838664829,2.6497816773296580
213,0.08895944355780001,0,0E-15,1.3248908386648290
39,0.08891493291169368,3,3.974672515994487,5.2995633546593160
219,0.08861036238154484,0,0E-15,1.3248908386648290
68,0.0884619389233131,2,2.649781677329658,3.9746725159944870
141,0.08842438935293484,3,3.974672515994487,5.2995633546593160
45,0.08831027838768318,1,1.324890838664829,2.6497816773296580
43,0.08821841798029449,3,3.974672515994487,5.2995633546593160
84,0.0882035184532941,0,0E-15,1.3248908386648290
86,0.08802825786583293,2,2.649781677329658,3.9746725159944870
152,0.08791666666674999,2,2.649781677329658,3.9746725159944870
131,0.0878084586911907,1,1.324890838664829,2.6497816773296580
15,0.08780344297232152,1,1.324890838664829,2.6497816773296580
192,0.08760226967746078,0,0E-15,1.3248908386648290
199,0.08751512764709278,3,3.974672515994487,5.2995633546593160
219,0.0874950310211479,1,1.324890838664829,2.6497816773296580
45,0.08742412963364136,3,3.974672515994487,5.2995633546593160
236,0.08741744525948239,0,0E-15,1.3248908386648290
96,0.08722621515651259,0,0E-15,1.3248908386648290
192,0.08719558659159604,1,1.324890838664829,2.6497816773296580
39,0.08713610760496532,2,2.649781677329658,3.9746725159944870
141,0.08707085796490219,2,2.649781677329658,3.9746725159944870
43,0.08692863624940954,2,2.649781677329658,3.9746725159944870
49,0.08690821558377798,3,3.974672515994487,5.2995633546593160
86,0.08690768818914253,1,1.324890838664829,2.6497816773296580
128,0.08686995843047905,0,0E-15,1.3248908386648290
61,0.08674200608441104,1,1.324890838664829,2.6497816773296580
15,0.08618605210764865,4,5.299563354659316,6.6244541933241450
122,0.0860089248056923,0,0E-15,1.3248908386648290
33,0.08585770787468033,4,5.299563354659316,6.6244541933241450
229,0.08580960049909261,1,1.324890838664829,2.6497816773296580
142,0.085744908896,2,2.649781677329658,3.9746725159944870
229,0.08558242333542737,3,3.974672515994487,5.2995633546593160
25,0.0854794366957702,0,0E-15,1.3248908386648290
128,0.085423013674882,4,5.299563354659316,6.6244541933241450
45,0.08514746992314155,2,2.649781677329658,3.9746725159944870
10,0.08474263475117777,0,0E-15,1.3248908386648290
96,0.08460712628270697,3,3.974672515994487,5.2995633546593160
243,0.08458635456886097,1,1.324890838664829,2.6497816773296580
61,0.08448012954208453,3,3.974672515994487,5.2995633546593160
197,0.08437262258103685,4,5.299563354659316,6.6244541933241450
236,0.08414237325620562,1,1.324890838664829,2.6497816773296580
192,0.08368526614999129,3,3.974672515994487,5.2995633546593160
201,0.08366666919207143,4,5.299563354659316,6.6244541933241450
88,0.08360239692360952,1,1.324890838664829,2.6497816773296580
204,0.083373727581,0,0E-15,1.3248908386648290
95,0.083353264769,2,2.649781677329658,3.9746725159944870
174,0.083347848807,2,2.649781677329658,3.9746725159944870
213,0.0833333333335,3,3.974672515994487,5.2995633546593160
7,0.0833333333335,4,5.299563354659316,6.6244541933241450
20,0.0833333333335,1,1.324890838664829,2.6497816773296580
251,0.0833333333335,3,3.974672515994487,5.2995633546593160
99,0.0833333333335,2,2.649781677329658,3.9746725159944870
14,0.083310274857,0,0E-15,1.3248908386648290
156,0.08329146780550001,2,2.649781677329658,3.9746725159944870
174,0.08328861567550001,1,1.324890838664829,2.6497816773296580
15,0.08325454416570581,3,3.974672515994487,5.2995633546593160
13,0.0832127351665,2,2.649781677329658,3.9746725159944870
240,0.0831723545825,5,6.624454193324145,7.9493450319889740
131,0.0831564941882294,2,2.649781677329658,3.9746725159944870
128,0.08313156725758375,1,1.324890838664829,2.6497816773296580
193,0.08292544644340058,1,1.324890838664829,2.6497816773296580
63,0.08289132129479411,3,3.974672515994487,5.2995633546593160
236,0.08271986001060666,4,5.299563354659316,6.6244541933241450
228,0.08264557487119999,4,5.299563354659316,6.6244541933241450
74,0.08263813735586795,0,0E-15,1.3248908386648290
61,0.08252289420592734,4,5.299563354659316,6.6244541933241450
88,0.08250006771362697,0,0E-15,1.3248908386648290
74,0.08242077515744285,1,1.324890838664829,2.6497816773296580
251,0.08238357762784654,0,0E-15,1.3248908386648290
15,0.08233058396934727,0,0E-15,1.3248908386648290
236,0.08188366927333789,3,3.974672515994487,5.2995633546593160
229,0.08151068045909524,2,2.649781677329658,3.9746725159944870
46,0.08148932831144445,2,2.649781677329658,3.9746725159944870
17,0.08142373125127857,0,0E-15,1.3248908386648290
19,0.08135375307227852,0,0E-15,1.3248908386648290
142,0.08115710274855555,0,0E-15,1.3248908386648290
28,0.08115308261501111,0,0E-15,1.3248908386648290
31,0.08086765013323846,3,3.974672515994487,5.2995633546593160
256,0.08061795411194285,3,3.974672515994487,5.2995633546593160
196,0.08057158139637778,2,2.649781677329658,3.9746725159944870
96,0.08029384322661118,4,5.299563354659316,6.6244541933241450
128,0.08027128849524501,3,3.974672515994487,5.2995633546593160
201,0.0801924861552689,3,3.974672515994487,5.2995633546593160
208,0.07979997604994546,0,0E-15,1.3248908386648290
97,0.0797435897436,4,5.299563354659316,6.6244541933241450
53,0.07938017130495659,0,0E-15,1.3248908386648290
96,0.07932253281835575,2,2.649781677329658,3.9746725159944870
74,0.07917040429869013,2,2.649781677329658,3.9746725159944870
97,0.07907532881625,3,3.974672515994487,5.2995633546593160
206,0.07893307770938995,0,0E-15,1.3248908386648290
245,0.07856993490182398,4,5.299563354659316,6.6244541933241450
23,0.0785117566623923,2,2.649781677329658,3.9746725159944870
92,0.07840489810161999,3,3.974672515994487,5.2995633546593160
252,0.0783680172525,1,1.324890838664829,2.6497816773296580
257,0.07832290018313275,0,0E-15,1.3248908386648290
71,0.0781141242004327,1,1.324890838664829,2.6497816773296580
15,0.07806507079276007,2,2.649781677329658,3.9746725159944870
122,0.07780789632687998,3,3.974672515994487,5.2995633546593160
255,0.07773139666988889,2,2.649781677329658,3.9746725159944870
103,0.07759747421532637,0,0E-15,1.3248908386648290
65,0.07747026470481073,1,1.324890838664829,2.6497816773296580
178,0.07745501126758667,2,2.649781677329658,3.9746725159944870
132,0.07728337768608143,3,3.974672515994487,5.2995633546593160
243,0.07727330609676297,3,3.974672515994487,5.2995633546593160
63,0.076923076923,4,5.299563354659316,6.6244541933241450
130,0.076923076923,2,2.649781677329658,3.9746725159944870
67,0.076923076923,3,3.974672515994487,5.2995633546593160
65,0.0769023330667865,0,0E-15,1.3248908386648290
197,0.076829149553628,3,3.974672515994487,5.2995633546593160
71,0.07669613233880157,3,3.974672515994487,5.2995633546593160
193,0.0766153790341466,0,0E-15,1.3248908386648290
65,0.07641497968654476,3,3.974672515994487,5.2995633546593160
63,0.0763929054965453,0,0E-15,1.3248908386648290
109,0.07634500102538762,0,0E-15,1.3248908386648290
228,0.07630251110871875,3,3.974672515994487,5.2995633546593160
245,0.07607213216878034,1,1.324890838664829,2.6497816773296580
221,0.07604170514792381,3,3.974672515994487,5.2995633546593160
74,0.07583020618846155,4,5.299563354659316,6.6244541933241450
193,0.07581298127915835,4,5.299563354659316,6.6244541933241450
245,0.07568360235323421,0,0E-15,1.3248908386648290
132,0.07530780957525975,0,0E-15,1.3248908386648290
128,0.07512395480181396,2,2.649781677329658,3.9746725159944870
143,0.0750661226192859,2,2.649781677329658,3.9746725159944870
245,0.07492185473527378,3,3.974672515994487,5.2995633546593160
12,0.0746268656716,4,5.299563354659316,6.6244541933241450
35,0.07435239629149609,0,0E-15,1.3248908386648290
61,0.07425906655189618,2,2.649781677329658,3.9746725159944870
199,0.07418395759204295,0,0E-15,1.3248908386648290
109,0.07397076921049474,3,3.974672515994487,5.2995633546593160
221,0.07394486348352938,0,0E-15,1.3248908386648290
25,0.07392213087959476,4,5.299563354659316,6.6244541933241450
150,0.07383260827878323,1,1.324890838664829,2.6497816773296580
72,0.07373450079803044,4,5.299563354659316,6.6244541933241450
116,0.07369842218467214,0,0E-15,1.3248908386648290
143,0.07362684662604381,1,1.324890838664829,2.6497816773296580
222,0.07349000206162501,4,5.299563354659316,6.6244541933241450
243,0.0733224103405,2,2.649781677329658,3.9746725159944870
7,0.0733223624064,1,1.324890838664829,2.6497816773296580
77,0.07329229461008334,0,0E-15,1.3248908386648290
116,0.07322001902444275,1,1.324890838664829,2.6497816773296580
116,0.07320518867766575,2,2.649781677329658,3.9746725159944870
9,0.07307753143578387,3,3.974672515994487,5.2995633546593160
97,0.07297112790635715,1,1.324890838664829,2.6497816773296580
69,0.07295282993258413,0,0E-15,1.3248908386648290
143,0.07293523019902094,3,3.974672515994487,5.2995633546593160
194,0.07288387288380001,3,3.974672515994487,5.2995633546593160
72,0.07284949613202298,0,0E-15,1.3248908386648290
109,0.07268211971928948,1,1.324890838664829,2.6497816773296580
4,0.07257336343115,1,1.324890838664829,2.6497816773296580
178,0.07255202108594375,3,3.974672515994487,5.2995633546593160
83,0.07247738904158,0,0E-15,1.3248908386648290
221,0.07247502561417317,1,1.324890838664829,2.6497816773296580
19,0.072363881175,1,1.324890838664829,2.6497816773296580
94,0.07231033337589794,3,3.974672515994487,5.2995633546593160
71,0.07229513111335006,0,0E-15,1.3248908386648290
119,0.07222222222233333,3,3.974672515994487,5.2995633546593160
221,0.07215215212024,2,2.649781677329658,3.9746725159944870
116,0.071917950576447,4,5.299563354659316,6.6244541933241450
143,0.07145164947332935,4,5.299563354659316,6.6244541933241450
165,0.07142857142871428,2,2.649781677329658,3.9746725159944870
256,0.07142094358251538,1,1.324890838664829,2.6497816773296580
70,0.07129120489167816,2,2.649781677329658,3.9746725159944870
159,0.07104377104370001,3,3.974672515994487,5.2995633546593160
65,0.07104357957834248,2,2.649781677329658,3.9746725159944870
116,0.07104234845938587,3,3.974672515994487,5.2995633546593160
143,0.07096837333757869,0,0E-15,1.3248908386648290
72,0.07096294068162715,3,3.974672515994487,5.2995633546593160
72,0.07093355531029719,1,1.324890838664829,2.6497816773296580
126,0.07092200215172709,1,1.324890838664829,2.6497816773296580
4,0.0709083904883,0,0E-15,1.3248908386648290
6,0.0706530614105095,0,0E-15,1.3248908386648290
175,0.070509628154125,4,5.299563354659316,6.6244541933241450
86,0.07045503311238,0,0E-15,1.3248908386648290
70,0.07041150150344722,1,1.324890838664829,2.6497816773296580
133,0.07036308481933103,3,3.974672515994487,5.2995633546593160
6,0.07034544077106676,1,1.324890838664829,2.6497816773296580
165,0.07025949185791999,1,1.324890838664829,2.6497816773296580
201,0.07006665348415324,0,0E-15,1.3248908386648290
53,0.07005391705539402,1,1.324890838664829,2.6497816773296580
50,0.06990515673974194,0,0E-15,1.3248908386648290
150,0.0696819998172294,4,5.299563354659316,6.6244541933241450
206,0.06963945290224652,3,3.974672515994487,5.2995633546593160
9,0.06922679220447255,0,0E-15,1.3248908386648290
188,0.0691577926978125,2,2.649781677329658,3.9746725159944870
86,0.06914575585936143,4,5.299563354659316,6.6244541933241450
35,0.06861736813794375,2,2.649781677329658,3.9746725159944870
94,0.0685921748853264,0,0E-15,1.3248908386648290
227,0.06843585238498973,0,0E-15,1.3248908386648290
198,0.0684092854994729,0,0E-15,1.3248908386648290
199,0.06832994054457402,1,1.324890838664829,2.6497816773296580
18,0.06827802154427759,0,0E-15,1.3248908386648290
206,0.06806268103472858,4,5.299563354659316,6.6244541933241450
70,0.06801155475383054,3,3.974672515994487,5.2995633546593160
52,0.06798967685900001,1,1.324890838664829,2.6497816773296580
118,0.06794210287873334,1,1.324890838664829,2.6497816773296580
129,0.06793629348451828,0,0E-15,1.3248908386648290
133,0.06760771542973085,0,0E-15,1.3248908386648290
99,0.0675725822154275,0,0E-15,1.3248908386648290
90,0.06756888076465,0,0E-15,1.3248908386648290
155,0.06712376282314919,1,1.324890838664829,2.6497816773296580
70,0.06699070629882015,4,5.299563354659316,6.6244541933241450
13,0.06692749068783654,0,0E-15,1.3248908386648290
65,0.06675434662569119,4,5.299563354659316,6.6244541933241450
227,0.06668925509019716,3,3.974672515994487,5.2995633546593160
194,0.06664838178833334,2,2.649781677329658,3.9746725159944870
133,0.06604446648823434,1,1.324890838664829,2.6497816773296580
6,0.06603826379573702,3,3.974672515994487,5.2995633546593160
72,0.06587561383386564,2,2.649781677329658,3.9746725159944870
6,0.06576511087082682,4,5.299563354659316,6.6244541933241450
227,0.0657375146479839,4,5.299563354659316,6.6244541933241450
74,0.0656079739542691,3,3.974672515994487,5.2995633546593160
55,0.065495891484051,0,0E-15,1.3248908386648290
178,0.06533890796281316,1,1.324890838664829,2.6497816773296580
6,0.06520837992334909,2,2.649781677329658,3.9746725159944870
70,0.0651530854296261,0,0E-15,1.3248908386648290
53,0.06510700278309091,4,5.299563354659316,6.6244541933241450
18,0.06505692869427675,1,1.324890838664829,2.6497816773296580
94,0.06499975652881539,2,2.649781677329658,3.9746725159944870
245,0.06487890955185562,2,2.649781677329658,3.9746725159944870
227,0.06479056606892775,1,1.324890838664829,2.6497816773296580
132,0.06473361689879807,1,1.324890838664829,2.6497816773296580
150,0.06430007984274252,0,0E-15,1.3248908386648290
103,0.06400966183583333,3,3.974672515994487,5.2995633546593160
126,0.06400357487959361,0,0E-15,1.3248908386648290
7,0.06397283971375435,0,0E-15,1.3248908386648290
203,0.06376595579639809,0,0E-15,1.3248908386648290
126,0.06374943085436585,4,5.299563354659316,6.6244541933241450
178,0.0632121000142657,0,0E-15,1.3248908386648290
193,0.06314555533208925,3,3.974672515994487,5.2995633546593160
222,0.06306082343247307,0,0E-15,1.3248908386648290
29,0.0626161278335,1,1.324890838664829,2.6497816773296580
58,0.062155517182669436,0,0E-15,1.3248908386648290
227,0.061930880602212815,2,2.649781677329658,3.9746725159944870
122,0.06185278522219999,2,2.649781677329658,3.9746725159944870
159,0.0618104889733093,0,0E-15,1.3248908386648290
198,0.06171406992998572,4,5.299563354659316,6.6244541933241450
35,0.061383061383175,3,3.974672515994487,5.2995633546593160
25,0.06095956807340123,1,1.324890838664829,2.6497816773296580
58,0.060784520153077545,1,1.324890838664829,2.6497816773296580
26,0.060224089635928575,1,1.324890838664829,2.6497816773296580
249,0.06020221999722778,1,1.324890838664829,2.6497816773296580
256,0.060150375939942866,4,5.299563354659316,6.6244541933241450
162,0.06008862136058333,3,3.974672515994487,5.2995633546593160
201,0.05998326816662296,1,1.324890838664829,2.6497816773296580
175,0.05994311365946261,0,0E-15,1.3248908386648290
86,0.05967647475558226,3,3.974672515994487,5.2995633546593160
198,0.0595745849495,2,2.649781677329658,3.9746725159944870
249,0.05951612903233334,2,2.649781677329658,3.9746725159944870
152,0.05916196839874296,0,0E-15,1.3248908386648290
91,0.05911569360164516,4,5.299563354659316,6.6244541933241450
62,0.05891627250846667,1,1.324890838664829,2.6497816773296580
126,0.0587808284089747,2,2.649781677329658,3.9746725159944870
71,0.058683226411724604,2,2.649781677329658,3.9746725159944870
67,0.05860629148265001,0,0E-15,1.3248908386648290
9,0.058351001629103706,1,1.324890838664829,2.6497816773296580
125,0.05829228243023077,0,0E-15,1.3248908386648290
94,0.05809196767558681,1,1.324890838664829,2.6497816773296580
188,0.057992728461833634,1,1.324890838664829,2.6497816773296580
150,0.05796316777037129,3,3.974672515994487,5.2995633546593160
53,0.05792153514902063,3,3.974672515994487,5.2995633546593160
223,0.05769230769225,3,3.974672515994487,5.2995633546593160
198,0.05745499637294896,3,3.974672515994487,5.2995633546593160
178,0.0574515124108,4,5.299563354659316,6.6244541933241450
156,0.057149824424545456,0,0E-15,1.3248908386648290
17,0.057129905452714284,3,3.974672515994487,5.2995633546593160
147,0.05706414012164707,1,1.324890838664829,2.6497816773296580
212,0.05701803048169385,0,0E-15,1.3248908386648290
0,0.056674816625899994,1,1.324890838664829,2.6497816773296580
109,0.056410256410299994,2,2.649781677329658,3.9746725159944870
91,0.056330397055719454,2,2.649781677329658,3.9746725159944870
199,0.056291159388155,4,5.299563354659316,6.6244541933241450
95,0.05624277312361291,0,0E-15,1.3248908386648290
52,0.056101779926563726,0,0E-15,1.3248908386648290
134,0.055953606782950006,0,0E-15,1.3248908386648290
17,0.055555555555666665,2,2.649781677329658,3.9746725159944870
88,0.055555555555666665,4,5.299563354659316,6.6244541933241450
98,0.055555555555666665,0,0E-15,1.3248908386648290
208,0.055555555555666665,3,3.974672515994487,5.2995633546593160
103,0.055555555555666665,4,5.299563354659316,6.6244541933241450
73,0.055555555555666665,1,1.324890838664829,2.6497816773296580
112,0.055555555555666665,1,1.324890838664829,2.6497816773296580
177,0.055555555555666665,1,1.324890838664829,2.6497816773296580
156,0.055555555555666665,1,1.324890838664829,2.6497816773296580
242,0.05549263873166666,2,2.649781677329658,3.9746725159944870
38,0.055466204792000005,0,0E-15,1.3248908386648290
258,0.0553709856035,0,0E-15,1.3248908386648290
-1,0.05526928425218,6,7.949345031988974,9.2742358706538030
95,0.05521684530682001,1,1.324890838664829,2.6497816773296580
94,0.05518689272902745,4,5.299563354659316,6.6244541933241450
135,0.054969216433588236,2,2.649781677329658,3.9746725159944870
23,0.05493095422745185,3,3.974672515994487,5.2995633546593160
26,0.054237311237014085,0,0E-15,1.3248908386648290
97,0.054135676940214594,0,0E-15,1.3248908386648290
126,0.05412760253017742,3,3.974672515994487,5.2995633546593160
199,0.054094847791452384,2,2.649781677329658,3.9746725159944870
52,0.05360833164645,2,2.649781677329658,3.9746725159944870
25,0.053539145380793615,3,3.974672515994487,5.2995633546593160
150,0.05348260509069394,2,2.649781677329658,3.9746725159944870
163,0.0533333333334,4,5.299563354659316,6.6244541933241450
130,0.05333009033765655,0,0E-15,1.3248908386648290
93,0.053221028377632734,0,0E-15,1.3248908386648290
118,0.05243600330314286,2,2.649781677329658,3.9746725159944870
23,0.05236566047912444,1,1.324890838664829,2.6497816773296580
58,0.05235237233078947,4,5.299563354659316,6.6244541933241450
55,0.052286686062589696,1,1.324890838664829,2.6497816773296580
88,0.052084821216124996,3,3.974672515994487,5.2995633546593160
53,0.0515391972105,2,2.649781677329658,3.9746725159944870
222,0.0514226945492,1,1.324890838664829,2.6497816773296580
147,0.05094021881457067,0,0E-15,1.3248908386648290
120,0.05078097184568571,0,0E-15,1.3248908386648290
247,0.05076293598534444,1,1.324890838664829,2.6497816773296580
229,0.05060728744933333,6,7.949345031988974,9.2742358706538030
151,0.05057358243202222,4,5.299563354659316,6.6244541933241450
194,0.05048083523872388,0,0E-15,1.3248908386648290
198,0.05034371670032557,1,1.324890838664829,2.6497816773296580
175,0.050262086581714285,2,2.649781677329658,3.9746725159944870
73,0.05008559651911629,0,0E-15,1.3248908386648290
230,0.049971767363,2,2.649781677329658,3.9746725159944870
0,0.04993812677632826,0,0E-15,1.3248908386648290
181,0.04992692059356924,1,1.324890838664829,2.6497816773296580
58,0.049893278930950004,3,3.974672515994487,5.2995633546593160
237,0.04985447988141058,0,0E-15,1.3248908386648290
91,0.049700483499328076,0,0E-15,1.3248908386648290
216,0.04930329620293714,1,1.324890838664829,2.6497816773296580
122,0.0492610837438,4,5.299563354659316,6.6244541933241450
56,0.049173207528133346,3,3.974672515994487,5.2995633546593160
242,0.04911846265609032,0,0E-15,1.3248908386648290
6,0.0490966221524,6,7.949345031988974,9.2742358706538030
256,0.04858288892947166,0,0E-15,1.3248908386648290
259,0.04819818870703251,0,0E-15,1.3248908386648290
188,0.048058697957020065,0,0E-15,1.3248908386648290
93,0.047854433019000005,4,5.299563354659316,6.6244541933241450
129,0.04782677757437501,3,3.974672515994487,5.2995633546593160
129,0.0477074649488,1,1.324890838664829,2.6497816773296580
54,0.047612760446142856,0,0E-15,1.3248908386648290
91,0.04745419880749032,3,3.974672515994487,5.2995633546593160
155,0.04696362786268863,0,0E-15,1.3248908386648290
56,0.046332219848528304,1,1.324890838664829,2.6497816773296580
201,0.04632648758214166,2,2.649781677329658,3.9746725159944870
188,0.046319939423369996,3,3.974672515994487,5.2995633546593160
9,0.04629465568131538,2,2.649781677329658,3.9746725159944870
132,0.04620880456794575,2,2.649781677329658,3.9746725159944870
5,0.0461538461538,0,0E-15,1.3248908386648290
57,0.046035406486918756,0,0E-15,1.3248908386648290
259,0.045954782856270575,2,2.649781677329658,3.9746725159944870
147,0.045842001849375,3,3.974672515994487,5.2995633546593160
162,0.045790639364115905,0,0E-15,1.3248908386648290
161,0.04567364925427696,1,1.324890838664829,2.6497816773296580
162,0.04553990610333334,1,1.324890838664829,2.6497816773296580
58,0.04545582334386206,2,2.649781677329658,3.9746725159944870
155,0.04520032742642105,3,3.974672515994487,5.2995633546593160
244,0.04510195973591171,0,0E-15,1.3248908386648290
160,0.04500000000006667,3,3.974672515994487,5.2995633546593160
163,0.04489402697502,2,2.649781677329658,3.9746725159944870
212,0.04480783906264833,1,1.324890838664829,2.6497816773296580
161,0.0445914043471411,2,2.649781677329658,3.9746725159944870
259,0.04446417365699706,1,1.324890838664829,2.6497816773296580
99,0.04444444444433333,3,3.974672515994487,5.2995633546593160
20,0.044321832489766656,0,0E-15,1.3248908386648290
239,0.04360554699542,6,7.949345031988974,9.2742358706538030
259,0.042925694002469414,3,3.974672515994487,5.2995633546593160
155,0.0419444444445,4,5.299563354659316,6.6244541933241450
135,0.04188425815964628,0,0E-15,1.3248908386648290
23,0.0418803418804,4,5.299563354659316,6.6244541933241450
161,0.04174725300819592,3,3.974672515994487,5.2995633546593160
109,0.04166666666675,4,5.299563354659316,6.6244541933241450
237,0.04166666666675,4,5.299563354659316,6.6244541933241450
125,0.04166666666675,1,1.324890838664829,2.6497816773296580
59,0.04163787145825,0,0E-15,1.3248908386648290
23,0.041064234838290276,0,0E-15,1.3248908386648290
2,0.0409276944065,2,2.649781677329658,3.9746725159944870
119,0.040888278388285716,2,2.649781677329658,3.9746725159944870
79,0.040662182016274064,0,0E-15,1.3248908386648290
259,0.040591111007687794,4,5.299563354659316,6.6244541933241450
46,0.04048445143607301,0,0E-15,1.3248908386648290
177,0.040318799812512504,0,0E-15,1.3248908386648290
29,0.039951865222600004,3,3.974672515994487,5.2995633546593160
91,0.03982889706118865,1,1.324890838664829,2.6497816773296580
118,0.03973038452002182,0,0E-15,1.3248908386648290
127,0.039546276769863206,0,0E-15,1.3248908386648290
247,0.03930748992297,0,0E-15,1.3248908386648290
55,0.039202841755321814,3,3.974672515994487,5.2995633546593160
144,0.039108814531553994,3,3.974672515994487,5.2995633546593160
35,0.03896465676106532,1,1.324890838664829,2.6497816773296580
56,0.038880963929415556,0,0E-15,1.3248908386648290
195,0.03784166394425,0,0E-15,1.3248908386648290
133,0.037819043841986665,2,2.649781677329658,3.9746725159944870
181,0.03741666089492857,3,3.974672515994487,5.2995633546593160
216,0.037335117700825,2,2.649781677329658,3.9746725159944870
230,0.037200214175209294,0,0E-15,1.3248908386648290
175,0.0370042208135,1,1.324890838664829,2.6497816773296580
161,0.03695491593305161,0,0E-15,1.3248908386648290
127,0.036483941252608725,4,5.299563354659316,6.6244541933241450
127,0.03631406830968414,1,1.324890838664829,2.6497816773296580
79,0.03627690939656098,2,2.649781677329658,3.9746725159944870
46,0.036077521198956526,1,1.324890838664829,2.6497816773296580
222,0.03568295380866667,3,3.974672515994487,5.2995633546593160
37,0.03565169411808823,0,0E-15,1.3248908386648290
249,0.0356250000000375,3,3.974672515994487,5.2995633546593160
249,0.03558343905227736,0,0E-15,1.3248908386648290
161,0.03557311392629032,4,5.299563354659316,6.6244541933241450
79,0.035442325216867854,1,1.324890838664829,2.6497816773296580
234,0.035441650548063634,1,1.324890838664829,2.6497816773296580
127,0.0353914596137266,3,3.974672515994487,5.2995633546593160
135,0.03509387547053278,1,1.324890838664829,2.6497816773296580
144,0.03507281622087695,0,0E-15,1.3248908386648290
79,0.0350223423886755,3,3.974672515994487,5.2995633546593160
216,0.035,3,3.974672515994487,5.2995633546593160
71,0.03490449982195606,4,5.299563354659316,6.6244541933241450
160,0.03426034657111896,0,0E-15,1.3248908386648290
29,0.03420571883603449,0,0E-15,1.3248908386648290
69,0.033806626098666664,2,2.649781677329658,3.9746725159944870
17,0.03335527759483333,1,1.324890838664829,2.6497816773296580
160,0.0333333333334,4,5.299563354659316,6.6244541933241450
19,0.0333333333334,4,5.299563354659316,6.6244541933241450
147,0.0333333333334,4,5.299563354659316,6.6244541933241450
238,0.0333333333334,4,5.299563354659316,6.6244541933241450
237,0.0333333333334,2,2.649781677329658,3.9746725159944870
208,0.0333333333334,2,2.649781677329658,3.9746725159944870
99,0.03333333333333333,1,1.324890838664829,2.6497816773296580
181,0.03328637534927762,0,0E-15,1.3248908386648290
19,0.0330708661418,2,2.649781677329658,3.9746725159944870
127,0.03294780353953309,2,2.649781677329658,3.9746725159944870
26,0.031984964188363635,3,3.974672515994487,5.2995633546593160
182,0.03189183387274074,0,0E-15,1.3248908386648290
181,0.031749419073363636,2,2.649781677329658,3.9746725159944870
93,0.0316289443338875,1,1.324890838664829,2.6497816773296580
151,0.03133616138273247,0,0E-15,1.3248908386648290
38,0.0312891113892,3,3.974672515994487,5.2995633546593160
216,0.030989618055319103,0,0E-15,1.3248908386648290
144,0.030889751478024544,2,2.649781677329658,3.9746725159944870
203,0.030721966205857144,3,3.974672515994487,5.2995633546593160
135,0.030490470268066668,4,5.299563354659316,6.6244541933241450
237,0.030170940170958335,1,1.324890838664829,2.6497816773296580
144,0.029899265924740855,1,1.324890838664829,2.6497816773296580
63,0.029680415524079413,1,1.324890838664829,2.6497816773296580
155,0.02960231562612353,2,2.649781677329658,3.9746725159944870
163,0.029584068031164246,0,0E-15,1.3248908386648290
184,0.029506178550875,0,0E-15,1.3248908386648290
238,0.029287261065623377,0,0E-15,1.3248908386648290
152,0.028698602710393185,1,1.324890838664829,2.6497816773296580
66,0.028490028490033334,0,0E-15,1.3248908386648290
93,0.028164372257750002,2,2.649781677329658,3.9746725159944870
151,0.028133544680037145,1,1.324890838664829,2.6497816773296580
158,0.028102746362351615,1,1.324890838664829,2.6497816773296580
162,0.027781745464999997,4,5.299563354659316,6.6244541933241450
73,0.027777777777833332,2,2.649781677329658,3.9746725159944870
208,0.02776240546016667,1,1.324890838664829,2.6497816773296580
238,0.0272687609075,3,3.974672515994487,5.2995633546593160
121,0.0271007361636,0,0E-15,1.3248908386648290
79,0.026996475459032797,4,5.299563354659316,6.6244541933241450
82,0.026200873362400002,0,0E-15,1.3248908386648290
134,0.025799191995857142,3,3.974672515994487,5.2995633546593160
69,0.025348542458833334,3,3.974672515994487,5.2995633546593160
148,0.025331847198300003,0,0E-15,1.3248908386648290
55,0.02497956480257838,4,5.299563354659316,6.6244541933241450
158,0.024655707853105252,0,0E-15,1.3248908386648290
118,0.024022912486982354,3,3.974672515994487,5.2995633546593160
144,0.02384320939012,4,5.299563354659316,6.6244541933241450
230,0.023815301417857145,1,1.324890838664829,2.6497816773296580
-1,0.02380952380957143,5,6.624454193324145,7.9493450319889740
134,0.02360361487418611,1,1.324890838664829,2.6497816773296580
118,0.0230769230769,4,5.299563354659316,6.6244541933241450
57,0.022727272727275,3,3.974672515994487,5.2995633546593160
46,0.022222222222266667,3,3.974672515994487,5.2995633546593160
163,0.022197944073166668,1,1.324890838664829,2.6497816773296580
89,0.021391634967264705,0,0E-15,1.3248908386648290
158,0.02120840676936667,3,3.974672515994487,5.2995633546593160
158,0.020809739524375,2,2.649781677329658,3.9746725159944870
7,0.0204582651391,3,3.974672515994487,5.2995633546593160
135,0.01979678950645,3,3.974672515994487,5.2995633546593160
12,0.01973554371423077,0,0E-15,1.3248908386648290
47,0.01948435936065926,0,0E-15,1.3248908386648290
237,0.01942120397828571,3,3.974672515994487,5.2995633546593160
134,0.018950914791071426,2,2.649781677329658,3.9746725159944870
63,0.018630751964085455,2,2.649781677329658,3.9746725159944870
130,0.017670501541427273,1,1.324890838664829,2.6497816773296580
234,0.017659599841592592,0,0E-15,1.3248908386648290
238,0.017338435380409092,1,1.324890838664829,2.6497816773296580
56,0.0171370967741875,4,5.299563354659316,6.6244541933241450
252,0.01675208321470912,0,0E-15,1.3248908386648290
130,0.01654298082872143,3,3.974672515994487,5.2995633546593160
5,0.016307893020233333,3,3.974672515994487,5.2995633546593160
90,0.016142050040366666,1,1.324890838664829,2.6497816773296580
151,0.01562500000003125,3,3.974672515994487,5.2995633546593160
194,0.014285714285714287,1,1.324890838664829,2.6497816773296580
151,0.013888888888916666,2,2.649781677329658,3.9746725159944870
55,0.013437703848685716,2,2.649781677329658,3.9746725159944870
93,0.0134046238422,3,3.974672515994487,5.2995633546593160
160,0.012821885319461539,2,2.649781677329658,3.9746725159944870
175,0.01011904761905,3,3.974672515994487,5.2995633546593160
56,0.00985221674877,2,2.649781677329658,3.9746725159944870
160,0.009507417424809525,1,1.324890838664829,2.6497816773296580
103,0.00832535885165,1,1.324890838664829,2.6497816773296580
107,0.00553097345133,0,0E-15,1.3248908386648290
115,0.004675081813933333,0,0E-15,1.3248908386648290
50,0.003998720409475,1,1.324890838664829,2.6497816773296580
13,4.957858205255E-4,3,3.974672515994487,5.2995633546593160
89,3.3158069253000003E-4,1,1.324890838664829,2.6497816773296580
81,0.0,0,0E-15,1.3248908386648290
241,0.0,4,5.299563354659316,6.6244541933241450
169,0.0,0,0E-15,1.3248908386648290
216,0.0,4,5.299563354659316,6.6244541933241450
225,0.0,0,0E-15,1.3248908386648290
223,0.0,2,2.649781677329658,3.9746725159944870
210,0.0,1,1.324890838664829,2.6497816773296580
52,0.0,4,5.299563354659316,6.6244541933241450
29,0.0,4,5.299563354659316,6.6244541933241450
69,0.0,4,5.299563354659316,6.6244541933241450
223,0.0,4,5.299563354659316,6.6244541933241450
76,0.0,2,2.649781677329658,3.9746725159944870
125,0.0,4,5.299563354659316,6.6244541933241450
189,0.0,3,3.974672515994487,5.2995633546593160
121,0.0,3,3.974672515994487,5.2995633546593160
48,0.0,3,3.974672515994487,5.2995633546593160
246,0.0,0,0E-15,1.3248908386648290
224,0.0,2,2.649781677329658,3.9746725159944870
0,0.0,2,2.649781677329658,3.9746725159944870
205,0.0,2,2.649781677329658,3.9746725159944870
78,0.0,3,3.974672515994487,5.2995633546593160
103,0.0,2,2.649781677329658,3.9746725159944870
73,0.0,4,5.299563354659316,6.6244541933241450
189,0.0,0,0E-15,1.3248908386648290
83,0.0,4,5.299563354659316,6.6244541933241450
184,0.0,1,1.324890838664829,2.6497816773296580
203,0.0,1,1.324890838664829,2.6497816773296580
44,0.0,1,1.324890838664829,2.6497816773296580
129,0.0,2,2.649781677329658,3.9746725159944870
234,0.0,4,5.299563354659316,6.6244541933241450
137,0.0,6,7.949345031988974,9.2742358706538030
28,0.0,3,3.974672515994487,5.2995633546593160
184,0.0,3,3.974672515994487,5.2995633546593160
241,0.0,3,3.974672515994487,5.2995633546593160
57,0.0,4,5.299563354659316,6.6244541933241450
244,0.0,1,1.324890838664829,2.6497816773296580
145,0.0,6,7.949345031988974,9.2742358706538030
222,0.0,2,2.649781677329658,3.9746725159944870
148,0.0,1,1.324890838664829,2.6497816773296580
244,0.0,3,3.974672515994487,5.2995633546593160
170,0.0,3,3.974672515994487,5.2995633546593160
37,0.0,1,1.324890838664829,2.6497816773296580
241,0.0,2,2.649781677329658,3.9746725159944870
249,0.0,4,5.299563354659316,6.6244541933241450
147,0.0,2,2.649781677329658,3.9746725159944870
252,0.0,2,2.649781677329658,3.9746725159944870
95,0.0,3,3.974672515994487,5.2995633546593160
202,0.0,2,2.649781677329658,3.9746725159944870
252,0.0,4,5.299563354659316,6.6244541933241450
34,0.0,4,5.299563354659316,6.6244541933241450
200,0.0,0,0E-15,1.3248908386648290
257,0.0,2,2.649781677329658,3.9746725159944870
34,0.0,2,2.649781677329658,3.9746725159944870
54,0.0,4,5.299563354659316,6.6244541933241450
251,0.0,2,2.649781677329658,3.9746725159944870
246,0.0,1,1.324890838664829,2.6497816773296580
50,0.0,3,3.974672515994487,5.2995633546593160
90,0.0,2,2.649781677329658,3.9746725159944870
80,0.0,0,0E-15,1.3248908386648290
159,0.0,2,2.649781677329658,3.9746725159944870
146,0.0,1,1.324890838664829,2.6497816773296580
195,0.0,2,2.649781677329658,3.9746725159944870
78,0.0,4,5.299563354659316,6.6244541933241450
102,0.0,3,3.974672515994487,5.2995633546593160
156,0.0,3,3.974672515994487,5.2995633546593160
0,0.0,4,5.299563354659316,6.6244541933241450
205,0.0,0,0E-15,1.3248908386648290
257,0.0,3,3.974672515994487,5.2995633546593160
131,0.0,5,6.624454193324145,7.9493450319889740
54,0.0,3,3.974672515994487,5.2995633546593160
142,0.0,1,1.324890838664829,2.6497816773296580
14,0.0,2,2.649781677329658,3.9746725159944870
163,0.0,3,3.974672515994487,5.2995633546593160
54,0.0,1,1.324890838664829,2.6497816773296580
59,0.0,1,1.324890838664829,2.6497816773296580
162,0.0,2,2.649781677329658,3.9746725159944870
182,0.0,2,2.649781677329658,3.9746725159944870
12,0.0,1,1.324890838664829,2.6497816773296580
112,0.0,2,2.649781677329658,3.9746725159944870
252,0.0,3,3.974672515994487,5.2995633546593160
158,0.0,4,5.299563354659316,6.6244541933241450
234,0.0,3,3.974672515994487,5.2995633546593160
225,0.0,1,1.324890838664829,2.6497816773296580
182,0.0,3,3.974672515994487,5.2995633546593160
20,0.0,3,3.974672515994487,5.2995633546593160
159,0.0,1,1.324890838664829,2.6497816773296580
73,0.0,3,3.974672515994487,5.2995633546593160
211,0.0,0,0E-15,1.3248908386648290
26,0.0,4,5.299563354659316,6.6244541933241450
90,0.0,3,3.974672515994487,5.2995633546593160
230,0.0,3,3.974672515994487,5.2995633546593160
34,0.0,3,3.974672515994487,5.2995633546593160
215,0.0,5,6.624454193324145,7.9493450319889740
77,0.0,4,5.299563354659316,6.6244541933241450
146,0.0,0,0E-15,1.3248908386648290
176,0.0,0,0E-15,1.3248908386648290
247,0.0,2,2.649781677329658,3.9746725159944870
257,0.0,1,1.324890838664829,2.6497816773296580
241,0.0,1,1.324890838664829,2.6497816773296580
202,0.0,1,1.324890838664829,2.6497816773296580
208,0.0,4,5.299563354659316,6.6244541933241450
125,0.0,3,3.974672515994487,5.2995633546593160
85,0.0,6,7.949345031988974,9.2742358706538030
207,0.0,0,0E-15,1.3248908386648290
41,0.0,6,7.949345031988974,9.2742358706538030
84,0.0,2,2.649781677329658,3.9746725159944870
28,0.0,4,5.299563354659316,6.6244541933241450
182,0.0,4,5.299563354659316,6.6244541933241450
154,0.0,5,6.624454193324145,7.9493450319889740
81,0.0,2,2.649781677329658,3.9746725159944870
82,0.0,2,2.649781677329658,3.9746725159944870
257,0.0,4,5.299563354659316,6.6244541933241450
13,0.0,4,5.299563354659316,6.6244541933241450
37,0.0,3,3.974672515994487,5.2995633546593160
242,0.0,1,1.324890838664829,2.6497816773296580
182,0.0,1,1.324890838664829,2.6497816773296580
177,0.0,2,2.649781677329658,3.9746725159944870
0,0.0,3,3.974672515994487,5.2995633546593160
24,0.0,0,0E-15,1.3248908386648290
167,0.0,2,2.649781677329658,3.9746725159944870
48,0.0,0,0E-15,1.3248908386648290
67,0.0,1,1.324890838664829,2.6497816773296580
174,0.0,3,3.974672515994487,5.2995633546593160
125,0.0,2,2.649781677329658,3.9746725159944870
47,0.0,2,2.649781677329658,3.9746725159944870
18,0.0,3,3.974672515994487,5.2995633546593160
112,0.0,3,3.974672515994487,5.2995633546593160
140,0.0,0,0E-15,1.3248908386648290
203,0.0,4,5.299563354659316,6.6244541933241450
205,0.0,1,1.324890838664829,2.6497816773296580
107,0.0,3,3.974672515994487,5.2995633546593160
242,0.0,3,3.974672515994487,5.2995633546593160
251,0.0,4,5.299563354659316,6.6244541933241450
76,0.0,4,5.299563354659316,6.6244541933241450
137,0.0,5,6.624454193324145,7.9493450319889740
234,0.0,2,2.649781677329658,3.9746725159944870
244,0.0,2,2.649781677329658,3.9746725159944870
