pickup_zone,avg_tip_amount,bkt_passenger_count,val_start,val_end
82,222.1,1,1.324890838664829,2.6497816773296580
123,189.2,0,0E-15,1.3248908386648290
5,92.52333333333333,1,1.324890838664829,2.6497816773296580
21,66.0,0,0E-15,1.3248908386648290
14,65.58500000000001,1,1.324890838664829,2.6497816773296580
183,49.36,1,1.324890838664829,2.6497816773296580
32,49.0125,0,0E-15,1.3248908386648290
1,30.401666666666667,0,0E-15,1.3248908386648290
241,30.14423076923077,0,0E-15,1.3248908386648290
210,24.671,0,0E-15,1.3248908386648290
190,21.05,0,0E-15,1.3248908386648290
131,20.119999999999997,6,7.949345031988974,9.2742358706538030
83,17.5,1,1.324890838664829,2.6497816773296580
183,17.119999999999997,0,0E-15,1.3248908386648290
2,16.0,0,0E-15,1.3248908386648290
124,15.67,0,0E-15,1.3248908386648290
170,15.345,0,0E-15,1.3248908386648290
8,15.16,5,6.624454193324145,7.9493450319889740
69,13.745714285714287,0,0E-15,1.3248908386648290
88,13.403571428571428,2,2.649781677329658,3.9746725159944870
159,12.57,4,5.299563354659316,6.6244541933241450
31,12.101052631578947,2,2.649781677329658,3.9746725159944870
78,11.86,1,1.324890838664829,2.6497816773296580
44,11.83,4,5.299563354659316,6.6244541933241450
186,11.67,1,1.324890838664829,2.6497816773296580
78,11.141363636363636,0,0E-15,1.3248908386648290
31,10.238653846153845,1,1.324890838664829,2.6497816773296580
149,10.0,0,0E-15,1.3248908386648290
16,10.0,1,1.324890838664829,2.6497816773296580
224,10.0,0,0E-15,1.3248908386648290
196,9.966666666666667,3,3.974672515994487,5.2995633546593160
186,9.647142857142857,0,0E-15,1.3248908386648290
75,9.0,6,7.949345031988974,9.2742358706538030
13,8.9475,1,1.324890838664829,2.6497816773296580
83,8.43,0,0E-15,1.3248908386648290
122,8.046875,1,1.324890838664829,2.6497816773296580
142,8.0,2,2.649781677329658,3.9746725159944870
25,7.665217391304348,2,2.649781677329658,3.9746725159944870
50,7.32,2,2.649781677329658,3.9746725159944870
92,7.236530612244898,1,1.324890838664829,2.6497816773296580
219,7.150178571428573,4,5.299563354659316,6.6244541933241450
92,7.096652452025586,0,0E-15,1.3248908386648290
102,7.093333333333334,0,0E-15,1.3248908386648290
178,7.074736842105264,1,1.324890838664829,2.6497816773296580
72,7.0,5,6.624454193324145,7.9493450319889740
196,6.9523529411764695,1,1.324890838664829,2.6497816773296580
154,6.885714285714286,6,7.949345031988974,9.2742358706538030
44,6.846666666666667,0,0E-15,1.3248908386648290
28,6.8,1,1.324890838664829,2.6497816773296580
251,6.666666666666667,1,1.324890838664829,2.6497816773296580
179,6.666666666666667,0,0E-15,1.3248908386648290
146,6.66,3,3.974672515994487,5.2995633546593160
196,6.609999999999999,0,0E-15,1.3248908386648290
219,6.580662251655626,1,1.324890838664829,2.6497816773296580
199,6.339921259842519,1,1.324890838664829,2.6497816773296580
196,6.327692307692307,4,5.299563354659316,6.6244541933241450
97,6.314,2,2.649781677329658,3.9746725159944870
92,6.2632,2,2.649781677329658,3.9746725159944870
10,6.052222222222222,0,0E-15,1.3248908386648290
131,5.976864133134617,4,5.299563354659316,6.6244541933241450
219,5.967320724980303,0,0E-15,1.3248908386648290
131,5.934562632999168,0,0E-15,1.3248908386648290
142,5.924444444444443,0,0E-15,1.3248908386648290
219,5.825446428571428,3,3.974672515994487,5.2995633546593160
131,5.776337063375766,3,3.974672515994487,5.2995633546593160
128,5.744050139275772,0,0E-15,1.3248908386648290
174,5.726666666666667,1,1.324890838664829,2.6497816773296580
131,5.657193096475935,1,1.324890838664829,2.6497816773296580
219,5.649024390243903,2,2.649781677329658,3.9746725159944870
217,5.611666666666667,0,0E-15,1.3248908386648290
238,5.55,2,2.649781677329658,3.9746725159944870
152,5.55,4,5.299563354659316,6.6244541933241450
34,5.548571428571429,1,1.324890838664829,2.6497816773296580
137,5.452179847760239,0,0E-15,1.3248908386648290
128,5.417746478873237,1,1.324890838664829,2.6497816773296580
78,5.385714285714286,2,2.649781677329658,3.9746725159944870
208,5.351818181818182,0,0E-15,1.3248908386648290
247,5.333333333333333,3,3.974672515994487,5.2995633546593160
92,5.308518518518518,4,5.299563354659316,6.6244541933241450
131,5.290071774975734,2,2.649781677329658,3.9746725159944870
137,5.263771747310576,3,3.974672515994487,5.2995633546593160
221,5.258666666666667,2,2.649781677329658,3.9746725159944870
137,5.253251284246569,4,5.299563354659316,6.6244541933241450
137,5.195943895087587,1,1.324890838664829,2.6497816773296580
17,5.178392857142858,0,0E-15,1.3248908386648290
13,5.175,2,2.649781677329658,3.9746725159944870
54,5.130000000000001,0,0E-15,1.3248908386648290
137,5.0447767052084345,2,2.649781677329658,3.9746725159944870
128,5.0404,4,5.299563354659316,6.6244541933241450
92,5.010363636363636,3,3.974672515994487,5.2995633546593160
258,5.0,0,0E-15,1.3248908386648290
229,5.0,6,7.949345031988974,9.2742358706538030
6,5.0,6,7.949345031988974,9.2742358706538030
148,5.0,0,0E-15,1.3248908386648290
76,5.0,3,3.974672515994487,5.2995633546593160
251,4.992241379310345,0,0E-15,1.3248908386648290
223,4.981428571428571,0,0E-15,1.3248908386648290
14,4.9025,0,0E-15,1.3248908386648290
128,4.881666666666666,3,3.974672515994487,5.2995633546593160
194,4.86,2,2.649781677329658,3.9746725159944870
196,4.833333333333333,2,2.649781677329658,3.9746725159944870
174,4.785,2,2.649781677329658,3.9746725159944870
84,4.772,1,1.324890838664829,2.6497816773296580
221,4.742380952380953,3,3.974672515994487,5.2995633546593160
34,4.7389743589743585,0,0E-15,1.3248908386648290
25,4.642668329177055,0,0E-15,1.3248908386648290
221,4.629723756906078,0,0E-15,1.3248908386648290
88,4.6066666666666665,1,1.324890838664829,2.6497816773296580
47,4.52125,1,1.324890838664829,2.6497816773296580
128,4.512674418604652,2,2.649781677329658,3.9746725159944870
67,4.504166666666666,0,0E-15,1.3248908386648290
38,4.483333333333333,0,0E-15,1.3248908386648290
77,4.456666666666667,0,0E-15,1.3248908386648290
221,4.224,4,5.299563354659316,6.6244541933241450
156,4.21,2,2.649781677329658,3.9746725159944870
7,4.128,1,1.324890838664829,2.6497816773296580
19,4.107142857142857,3,3.974672515994487,5.2995633546593160
122,4.032115384615385,0,0E-15,1.3248908386648290
25,3.981250000000001,4,5.299563354659316,6.6244541933241450
181,3.9659999999999997,4,5.299563354659316,6.6244541933241450
221,3.9602439024390237,1,1.324890838664829,2.6497816773296580
17,3.8825,4,5.299563354659316,6.6244541933241450
240,3.875,5,6.624454193324145,7.9493450319889740
212,3.791818181818182,2,2.649781677329658,3.9746725159944870
199,3.7878643578643563,0,0E-15,1.3248908386648290
20,3.7616666666666667,0,0E-15,1.3248908386648290
35,3.748571428571428,4,5.299563354659316,6.6244541933241450
71,3.719685534591196,1,1.324890838664829,2.6497816773296580
74,3.63258064516129,2,2.649781677329658,3.9746725159944870
178,3.6093749999999996,3,3.974672515994487,5.2995633546593160
109,3.573157894736842,1,1.324890838664829,2.6497816773296580
-1,3.57,6,7.949345031988974,9.2742358706538030
184,3.56,2,2.649781677329658,3.9746725159944870
156,3.5533333333333332,1,1.324890838664829,2.6497816773296580
95,3.485,2,2.649781677329658,3.9746725159944870
20,3.48,1,1.324890838664829,2.6497816773296580
195,3.475,0,0E-15,1.3248908386648290
202,3.455714285714286,0,0E-15,1.3248908386648290
204,3.44,0,0E-15,1.3248908386648290
117,3.3666666666666667,6,7.949345031988974,9.2742358706538030
0,3.345,1,1.324890838664829,2.6497816773296580
99,3.3333333333333335,3,3.974672515994487,5.2995633546593160
4,3.3333333333333335,0,0E-15,1.3248908386648290
99,3.33,2,2.649781677329658,3.9746725159944870
191,3.327137254901961,2,2.649781677329658,3.9746725159944870
175,3.3150000000000004,4,5.299563354659316,6.6244541933241450
103,3.2957142857142854,0,0E-15,1.3248908386648290
133,3.283333333333333,4,5.299563354659316,6.6244541933241450
70,3.276394891944991,1,1.324890838664829,2.6497816773296580
25,3.2479268292682923,1,1.324890838664829,2.6497816773296580
199,3.2323809523809524,2,2.649781677329658,3.9746725159944870
31,3.232,4,5.299563354659316,6.6244541933241450
71,3.23,2,2.649781677329658,3.9746725159944870
25,3.2180851063829787,3,3.974672515994487,5.2995633546593160
178,3.216666666666667,2,2.649781677329658,3.9746725159944870
156,3.1990909090909088,0,0E-15,1.3248908386648290
228,3.1954697742170453,0,0E-15,1.3248908386648290
122,3.192,3,3.974672515994487,5.2995633546593160
199,3.18867469879518,3,3.974672515994487,5.2995633546593160
194,3.16,4,5.299563354659316,6.6244541933241450
97,3.085,4,5.299563354659316,6.6244541933241450
150,3.0644864864864867,1,1.324890838664829,2.6497816773296580
59,3.0125,0,0E-15,1.3248908386648290
222,3.0,1,1.324890838664829,2.6497816773296580
2,3.0,2,2.649781677329658,3.9746725159944870
178,2.98497005988024,0,0E-15,1.3248908386648290
31,2.959009287925697,0,0E-15,1.3248908386648290
168,2.953333333333333,0,0E-15,1.3248908386648290
52,2.9457142857142853,1,1.324890838664829,2.6497816773296580
188,2.9415789473684213,4,5.299563354659316,6.6244541933241450
50,2.8877419354838714,0,0E-15,1.3248908386648290
26,2.86,2,2.649781677329658,3.9746725159944870
9,2.8453947368421053,0,0E-15,1.3248908386648290
9,2.8442857142857143,4,5.299563354659316,6.6244541933241450
208,2.8200000000000003,3,3.974672515994487,5.2995633546593160
70,2.818026755852843,2,2.649781677329658,3.9746725159944870
134,2.8155555555555556,4,5.299563354659316,6.6244541933241450
77,2.78,1,1.324890838664829,2.6497816773296580
174,2.747586206896552,0,0E-15,1.3248908386648290
70,2.741952529452529,0,0E-15,1.3248908386648290
199,2.7365000000000004,4,5.299563354659316,6.6244541933241450
19,2.735555555555555,1,1.324890838664829,2.6497816773296580
251,2.73,3,3.974672515994487,5.2995633546593160
28,2.7183333333333333,0,0E-15,1.3248908386648290
165,2.7175000000000002,3,3.974672515994487,5.2995633546593160
252,2.7125,1,1.324890838664829,2.6497816773296580
13,2.6941818181818182,0,0E-15,1.3248908386648290
255,2.6933333333333334,2,2.649781677329658,3.9746725159944870
58,2.6857894736842107,4,5.299563354659316,6.6244541933241450
256,2.678076923076923,1,1.324890838664829,2.6497816773296580
256,2.6733333333333333,2,2.649781677329658,3.9746725159944870
129,2.67,4,5.299563354659316,6.6244541933241450
255,2.663243243243243,3,3.974672515994487,5.2995633546593160
51,2.6606382978723406,4,5.299563354659316,6.6244541933241450
133,2.6456716417910444,1,1.324890838664829,2.6497816773296580
76,2.6,0,0E-15,1.3248908386648290
74,2.5951704545454546,0,0E-15,1.3248908386648290
184,2.58,4,5.299563354659316,6.6244541933241450
58,2.572564766839378,0,0E-15,1.3248908386648290
88,2.566936416184971,0,0E-15,1.3248908386648290
130,2.56,4,5.299563354659316,6.6244541933241450
58,2.559310344827586,2,2.649781677329658,3.9746725159944870
4,2.55,1,1.324890838664829,2.6497816773296580
74,2.546923076923077,4,5.299563354659316,6.6244541933241450
17,2.5385714285714287,3,3.974672515994487,5.2995633546593160
58,2.534494382022472,1,1.324890838664829,2.6497816773296580
208,2.5083333333333333,1,1.324890838664829,2.6497816773296580
60,2.49,1,1.324890838664829,2.6497816773296580
242,2.4499999999999997,2,2.649781677329658,3.9746725159944870
228,2.4206250000000002,2,2.649781677329658,3.9746725159944870
85,2.3833970117312444,0,0E-15,1.3248908386648290
117,2.37,5,6.624454193324145,7.9493450319889740
18,2.3606896551724135,0,0E-15,1.3248908386648290
99,2.36,4,5.299563354659316,6.6244541933241450
150,2.353133187772925,0,0E-15,1.3248908386648290
85,2.3500033624747805,4,5.299563354659316,6.6244541933241450
8,2.3416029411764834,0,0E-15,1.3248908386648290
63,2.341176470588235,3,3.974672515994487,5.2995633546593160
222,2.3407692307692307,0,0E-15,1.3248908386648290
175,2.3404672897196264,0,0E-15,1.3248908386648290
95,2.3375,4,5.299563354659316,6.6244541933241450
94,2.3212371134020615,3,3.974672515994487,5.2995633546593160
84,2.3211764705882354,0,0E-15,1.3248908386648290
139,2.3,1,1.324890838664829,2.6497816773296580
9,2.2958064516129033,3,3.974672515994487,5.2995633546593160
158,2.2943125,0,0E-15,1.3248908386648290
192,2.293529411764706,4,5.299563354659316,6.6244541933241450
133,2.286060606060606,0,0E-15,1.3248908386648290
35,2.279375,2,2.649781677329658,3.9746725159944870
85,2.269983827067966,1,1.324890838664829,2.6497816773296580
194,2.268,3,3.974672515994487,5.2995633546593160
30,2.26625759416768,3,3.974672515994487,5.2995633546593160
30,2.2649999999999997,2,2.649781677329658,3.9746725159944870
51,2.2630769230769228,3,3.974672515994487,5.2995633546593160
70,2.251008130081301,3,3.974672515994487,5.2995633546593160
122,2.25,2,2.649781677329658,3.9746725159944870
197,2.2465860215053763,0,0E-15,1.3248908386648290
197,2.2464705882352938,1,1.324890838664829,2.6497816773296580
74,2.245604395604396,1,1.324890838664829,2.6497816773296580
51,2.2433771929824555,2,2.649781677329658,3.9746725159944870
206,2.236907216494845,1,1.324890838664829,2.6497816773296580
97,2.2360714285714285,1,1.324890838664829,2.6497816773296580
8,2.2350576854174093,1,1.324890838664829,2.6497816773296580
8,2.235053329489766,4,5.299563354659316,6.6244541933241450
35,2.2317370892018777,0,0E-15,1.3248908386648290
51,2.2306537186167685,0,0E-15,1.3248908386648290
70,2.229496124031008,4,5.299563354659316,6.6244541933241450
212,2.229,4,5.299563354659316,6.6244541933241450
255,2.2275675675675677,1,1.324890838664829,2.6497816773296580
30,2.217395534489206,0,0E-15,1.3248908386648290
36,2.2167065868263474,4,5.299563354659316,6.6244541933241450
60,2.2155555555555555,0,0E-15,1.3248908386648290
64,2.212659574468085,4,5.299563354659316,6.6244541933241450
85,2.2105343069915384,3,3.974672515994487,5.2995633546593160
64,2.206695652173913,2,2.649781677329658,3.9746725159944870
228,2.189516616314199,1,1.324890838664829,2.6497816773296580
220,2.1857471264367816,2,2.649781677329658,3.9746725159944870
64,2.175156739811912,0,0E-15,1.3248908386648290
8,2.1707145596318558,3,3.974672515994487,5.2995633546593160
-1,2.165714285714286,5,6.624454193324145,7.9493450319889740
74,2.1541818181818186,3,3.974672515994487,5.2995633546593160
36,2.1536846578835482,0,0E-15,1.3248908386648290
103,2.1533333333333333,4,5.299563354659316,6.6244541933241450
63,2.1518433179723497,0,0E-15,1.3248908386648290
-1,2.1497117152356786,1,1.324890838664829,2.6497816773296580
51,2.1427500000000004,1,1.324890838664829,2.6497816773296580
23,2.1315384615384616,2,2.649781677329658,3.9746725159944870
64,2.1131707317073167,3,3.974672515994487,5.2995633546593160
-1,2.112794069023282,0,0E-15,1.3248908386648290
220,2.108023952095808,3,3.974672515994487,5.2995633546593160
161,2.1072602739726025,2,2.649781677329658,3.9746725159944870
201,2.1060000000000003,3,3.974672515994487,5.2995633546593160
201,2.105714285714286,4,5.299563354659316,6.6244541933241450
85,2.0991977461765505,2,2.649781677329658,3.9746725159944870
228,2.0984444444444446,4,5.299563354659316,6.6244541933241450
191,2.0979831932773116,1,1.324890838664829,2.6497816773296580
71,2.0944444444444446,3,3.974672515994487,5.2995633546593160
197,2.0935135135135137,2,2.649781677329658,3.9746725159944870
52,2.0833333333333335,3,3.974672515994487,5.2995633546593160
36,2.0807962016070123,1,1.324890838664829,2.6497816773296580
215,2.08,6,7.949345031988974,9.2742358706538030
234,2.069090909090909,1,1.324890838664829,2.6497816773296580
69,2.063,1,1.324890838664829,2.6497816773296580
86,2.062434017595308,1,1.324890838664829,2.6497816773296580
178,2.052,4,5.299563354659316,6.6244541933241450
68,2.0475916988417,1,1.324890838664829,2.6497816773296580
86,2.0377647058823527,2,2.649781677329658,3.9746725159944870
152,2.0344444444444445,3,3.974672515994487,5.2995633546593160
8,2.0322352099236647,2,2.649781677329658,3.9746725159944870
212,2.0230434782608695,3,3.974672515994487,5.2995633546593160
36,2.022732026143791,3,3.974672515994487,5.2995633546593160
-1,2.021350015446402,2,2.649781677329658,3.9746725159944870
113,2.0177719033232626,1,1.324890838664829,2.6497816773296580
30,2.0093250327653984,1,1.324890838664829,2.6497816773296580
112,2.009,0,0E-15,1.3248908386648290
90,2.00875,0,0E-15,1.3248908386648290
7,2.0052173913043476,0,0E-15,1.3248908386648290
46,2.0,4,5.299563354659316,6.6244541933241450
12,2.0,0,0E-15,1.3248908386648290
12,2.0,4,5.299563354659316,6.6244541933241450
38,2.0,3,3.974672515994487,5.2995633546593160
30,1.9960287081339712,4,5.299563354659316,6.6244541933241450
57,1.991875,0,0E-15,1.3248908386648290
245,1.9886243386243394,1,1.324890838664829,2.6497816773296580
191,1.9885955056179774,4,5.299563354659316,6.6244541933241450
165,1.9849999999999999,4,5.299563354659316,6.6244541933241450
232,1.9722222222222223,3,3.974672515994487,5.2995633546593160
243,1.972,4,5.299563354659316,6.6244541933241450
220,1.9671521035598702,1,1.324890838664829,2.6497816773296580
36,1.953786191536749,2,2.649781677329658,3.9746725159944870
17,1.9533333333333334,2,2.649781677329658,3.9746725159944870
41,1.95,5,6.624454193324145,7.9493450319889740
162,1.945,4,5.299563354659316,6.6244541933241450
73,1.9422222222222223,1,1.324890838664829,2.6497816773296580
180,1.9390219780219793,1,1.324890838664829,2.6497816773296580
113,1.9386816720257234,3,3.974672515994487,5.2995633546593160
126,1.937598253275109,1,1.324890838664829,2.6497816773296580
-1,1.9180896991387968,3,3.974672515994487,5.2995633546593160
91,1.9117976031957387,0,0E-15,1.3248908386648290
133,1.9079310344827585,3,3.974672515994487,5.2995633546593160
-1,1.9054816921436182,4,5.299563354659316,6.6244541933241450
53,1.9034771573604061,0,0E-15,1.3248908386648290
245,1.9017894736842105,3,3.974672515994487,5.2995633546593160
193,1.9004411764705884,2,2.649781677329658,3.9746725159944870
97,1.8958333333333333,3,3.974672515994487,5.2995633546593160
68,1.8937224764700804,0,0E-15,1.3248908386648290
29,1.89,2,2.649781677329658,3.9746725159944870
255,1.8886666666666667,4,5.299563354659316,6.6244541933241450
135,1.8882352941176472,2,2.649781677329658,3.9746725159944870
49,1.887170474516696,1,1.324890838664829,2.6497816773296580
109,1.8868421052631579,3,3.974672515994487,5.2995633546593160
191,1.8858530245746703,0,0E-15,1.3248908386648290
62,1.8804347826086953,0,0E-15,1.3248908386648290
235,1.8793303427155925,0,0E-15,1.3248908386648290
64,1.8778571428571424,1,1.324890838664829,2.6497816773296580
91,1.8777419354838711,3,3.974672515994487,5.2995633546593160
220,1.8766448230668413,0,0E-15,1.3248908386648290
180,1.8738949671772434,2,2.649781677329658,3.9746725159944870
150,1.8734653465346531,3,3.974672515994487,5.2995633546593160
235,1.8697597012502039,4,5.299563354659316,6.6244541933241450
253,1.867808715195405,1,1.324890838664829,2.6497816773296580
105,1.8657466063348416,3,3.974672515994487,5.2995633546593160
91,1.8619148936170216,1,1.324890838664829,2.6497816773296580
18,1.86,4,5.299563354659316,6.6244541933241450
123,1.86,1,1.324890838664829,2.6497816773296580
255,1.8583737024221452,0,0E-15,1.3248908386648290
68,1.857019230769231,4,5.299563354659316,6.6244541933241450
180,1.8554570637119105,4,5.299563354659316,6.6244541933241450
206,1.8511713665943599,0,0E-15,1.3248908386648290
71,1.849060022650056,0,0E-15,1.3248908386648290
145,1.84891114920363,1,1.324890838664829,2.6497816773296580
109,1.8474257425742575,0,0E-15,1.3248908386648290
93,1.8466666666666667,4,5.299563354659316,6.6244541933241450
91,1.8455555555555554,2,2.649781677329658,3.9746725159944870
86,1.8400547730829422,0,0E-15,1.3248908386648290
235,1.8339991639113764,1,1.324890838664829,2.6497816773296580
155,1.833220338983051,1,1.324890838664829,2.6497816773296580
22,1.8329493087557605,3,3.974672515994487,5.2995633546593160
133,1.8259999999999998,2,2.649781677329658,3.9746725159944870
220,1.824931506849315,4,5.299563354659316,6.6244541933241450
212,1.8243333333333334,1,1.324890838664829,2.6497816773296580
198,1.8206122448979594,4,5.299563354659316,6.6244541933241450
198,1.8172481040086679,0,0E-15,1.3248908386648290
29,1.8133333333333335,1,1.324890838664829,2.6497816773296580
22,1.8108460076045636,1,1.324890838664829,2.6497816773296580
235,1.8089238336562765,3,3.974672515994487,5.2995633546593160
33,1.8077777777777781,2,2.649781677329658,3.9746725159944870
22,1.8013991769547315,2,2.649781677329658,3.9746725159944870
58,1.8007142857142857,3,3.974672515994487,5.2995633546593160
145,1.7994198129546246,4,5.299563354659316,6.6244541933241450
61,1.795740458015267,1,1.324890838664829,2.6497816773296580
208,1.7920000000000003,2,2.649781677329658,3.9746725159944870
145,1.7907753487617286,0,0E-15,1.3248908386648290
94,1.7900289855072469,0,0E-15,1.3248908386648290
99,1.7850000000000001,1,1.324890838664829,2.6497816773296580
180,1.7828209876543182,0,0E-15,1.3248908386648290
68,1.7785606060606063,3,3.974672515994487,5.2995633546593160
99,1.7755000000000003,0,0E-15,1.3248908386648290
22,1.773202475685233,0,0E-15,1.3248908386648290
245,1.7726092667781201,0,0E-15,1.3248908386648290
33,1.7712780103422803,0,0E-15,1.3248908386648290
129,1.771219512195122,0,0E-15,1.3248908386648290
26,1.7707142857142857,1,1.324890838664829,2.6497816773296580
230,1.77,2,2.649781677329658,3.9746725159944870
150,1.768787878787879,2,2.649781677329658,3.9746725159944870
253,1.7678207150368026,3,3.974672515994487,5.2995633546593160
61,1.767008727053867,0,0E-15,1.3248908386648290
253,1.757700934579439,2,2.649781677329658,3.9746725159944870
245,1.750770975056689,4,5.299563354659316,6.6244541933241450
105,1.747967980295566,0,0E-15,1.3248908386648290
52,1.7468131868131873,0,0E-15,1.3248908386648290
113,1.7434033613445377,4,5.299563354659316,6.6244541933241450
147,1.7374999999999998,3,3.974672515994487,5.2995633546593160
243,1.7358536585365854,1,1.324890838664829,2.6497816773296580
113,1.7350533751962325,0,0E-15,1.3248908386648290
134,1.7343367346938776,0,0E-15,1.3248908386648290
145,1.7332341498559074,3,3.974672515994487,5.2995633546593160
33,1.729878048780488,3,3.974672515994487,5.2995633546593160
243,1.7289999999999999,2,2.649781677329658,3.9746725159944870
105,1.7286400000000002,2,2.649781677329658,3.9746725159944870
145,1.7282205791743694,2,2.649781677329658,3.9746725159944870
180,1.7281572481572476,3,3.974672515994487,5.2995633546593160
22,1.7271861471861472,4,5.299563354659316,6.6244541933241450
172,1.7271315570358043,1,1.324890838664829,2.6497816773296580
60,1.725,3,3.974672515994487,5.2995633546593160
235,1.7248729884293135,2,2.649781677329658,3.9746725159944870
172,1.7237749388595704,0,0E-15,1.3248908386648290
105,1.7197560975609758,4,5.299563354659316,6.6244541933241450
132,1.7186666666666666,4,5.299563354659316,6.6244541933241450
253,1.717979492099666,0,0E-15,1.3248908386648290
157,1.7175004160426026,1,1.324890838664829,2.6497816773296580
126,1.7162921348314604,0,0E-15,1.3248908386648290
253,1.7160026385224274,4,5.299563354659316,6.6244541933241450
125,1.715,1,1.324890838664829,2.6497816773296580
191,1.7111777777777777,3,3.974672515994487,5.2995633546593160
228,1.70875,3,3.974672515994487,5.2995633546593160
113,1.7048579545454543,2,2.649781677329658,3.9746725159944870
215,1.704666778624959,0,0E-15,1.3248908386648290
75,1.6997626406419002,1,1.324890838664829,2.6497816773296580
172,1.6990337524818,4,5.299563354659316,6.6244541933241450
48,1.6983333333333335,4,5.299563354659316,6.6244541933241450
94,1.6953275109170307,1,1.324890838664829,2.6497816773296580
197,1.6934,3,3.974672515994487,5.2995633546593160
45,1.6931564245810053,0,0E-15,1.3248908386648290
45,1.692551390568319,4,5.299563354659316,6.6244541933241450
31,1.6888461538461537,3,3.974672515994487,5.2995633546593160
68,1.680745233968804,2,2.649781677329658,3.9746725159944870
33,1.680011086474501,1,1.324890838664829,2.6497816773296580
245,1.678466819221968,2,2.649781677329658,3.9746725159944870
171,1.6762675127740227,1,1.324890838664829,2.6497816773296580
157,1.675758642765685,3,3.974672515994487,5.2995633546593160
248,1.6755373312831137,1,1.324890838664829,2.6497816773296580
157,1.6726806670784442,4,5.299563354659316,6.6244541933241450
171,1.6723201034305626,0,0E-15,1.3248908386648290
197,1.6705263157894736,4,5.299563354659316,6.6244541933241450
69,1.6666666666666667,2,2.649781677329658,3.9746725159944870
164,1.6619230663853837,1,1.324890838664829,2.6497816773296580
94,1.6615686274509807,4,5.299563354659316,6.6244541933241450
75,1.6589295352323832,3,3.974672515994487,5.2995633546593160
171,1.6584830053667254,4,5.299563354659316,6.6244541933241450
87,1.6569230769230763,4,5.299563354659316,6.6244541933241450
61,1.6543548387096776,3,3.974672515994487,5.2995633546593160
143,1.650699638118214,3,3.974672515994487,5.2995633546593160
75,1.6462499503659789,0,0E-15,1.3248908386648290
75,1.6460595070186055,4,5.299563354659316,6.6244541933241450
87,1.645788254592706,0,0E-15,1.3248908386648290
0,1.6456521739130436,0,0E-15,1.3248908386648290
215,1.6455133991537392,4,5.299563354659316,6.6244541933241450
215,1.6432301889106962,1,1.324890838664829,2.6497816773296580
105,1.642561983471074,1,1.324890838664829,2.6497816773296580
157,1.6407077182887226,0,0E-15,1.3248908386648290
164,1.6386531949259833,0,0E-15,1.3248908386648290
248,1.63675027159617,0,0E-15,1.3248908386648290
120,1.6357142857142857,0,0E-15,1.3248908386648290
18,1.63375,2,2.649781677329658,3.9746725159944870
143,1.6336342752124968,1,1.324890838664829,2.6497816773296580
126,1.6326829268292682,4,5.299563354659316,6.6244541933241450
163,1.6320000000000001,2,2.649781677329658,3.9746725159944870
75,1.630696690982132,2,2.649781677329658,3.9746725159944870
212,1.6302307692307692,0,0E-15,1.3248908386648290
87,1.6295116558706004,1,1.324890838664829,2.6497816773296580
248,1.6208310842990938,4,5.299563354659316,6.6244541933241450
215,1.6183361823361797,3,3.974672515994487,5.2995633546593160
49,1.6167096536477523,0,0E-15,1.3248908386648290
171,1.6157976849521904,3,3.974672515994487,5.2995633546593160
141,1.612409017713366,1,1.324890838664829,2.6497816773296580
172,1.6104676258992803,3,3.974672515994487,5.2995633546593160
164,1.6100616038236855,4,5.299563354659316,6.6244541933241450
226,1.609809637120762,1,1.324890838664829,2.6497816773296580
97,1.609375,0,0E-15,1.3248908386648290
248,1.6075067922797326,3,3.974672515994487,5.2995633546593160
171,1.6059717964438989,2,2.649781677329658,3.9746725159944870
164,1.6048956693912724,3,3.974672515994487,5.2995633546593160
192,1.6036444444444444,0,0E-15,1.3248908386648290
163,1.6019999999999999,4,5.299563354659316,6.6244541933241450
198,1.5980487804878047,1,1.324890838664829,2.6497816773296580
106,1.5975301277054998,1,1.324890838664829,2.6497816773296580
206,1.5943478260869564,2,2.649781677329658,3.9746725159944870
95,1.594,1,1.324890838664829,2.6497816773296580
43,1.5916967237751711,1,1.324890838664829,2.6497816773296580
154,1.5912142405238041,0,0E-15,1.3248908386648290
96,1.5902443729903541,1,1.324890838664829,2.6497816773296580
243,1.589442060085837,0,0E-15,1.3248908386648290
206,1.5852380952380951,4,5.299563354659316,6.6244541933241450
248,1.5851582221690463,2,2.649781677329658,3.9746725159944870
157,1.5831913801949715,2,2.649781677329658,3.9746725159944870
114,1.5806834877036084,1,1.324890838664829,2.6497816773296580
106,1.5791300469654823,0,0E-15,1.3248908386648290
52,1.57375,2,2.649781677329658,3.9746725159944870
106,1.5721731123388607,4,5.299563354659316,6.6244541933241450
132,1.5721462829736212,0,0E-15,1.3248908386648290
45,1.5703719912472647,3,3.974672515994487,5.2995633546593160
226,1.5696149358226377,4,5.299563354659316,6.6244541933241450
229,1.5688623018203165,4,5.299563354659316,6.6244541933241450
87,1.5685007626933969,3,3.974672515994487,5.2995633546593160
119,1.5675757575757576,1,1.324890838664829,2.6497816773296580
45,1.5667773892773893,1,1.324890838664829,2.6497816773296580
154,1.561868372551724,1,1.324890838664829,2.6497816773296580
143,1.5610626702997275,2,2.649781677329658,3.9746725159944870
229,1.5607506197288863,0,0E-15,1.3248908386648290
106,1.5588367047786567,3,3.974672515994487,5.2995633546593160
165,1.5576691729323306,0,0E-15,1.3248908386648290
193,1.5567053571428573,0,0E-15,1.3248908386648290
41,1.5556232223406024,0,0E-15,1.3248908386648290
15,1.5549763872491147,0,0E-15,1.3248908386648290
41,1.552138313065336,1,1.324890838664829,2.6497816773296580
114,1.5521183084195727,4,5.299563354659316,6.6244541933241450
141,1.5519238095238082,0,0E-15,1.3248908386648290
154,1.5518782159925555,4,5.299563354659316,6.6244541933241450
114,1.5499457614120964,0,0E-15,1.3248908386648290
192,1.549642857142857,2,2.649781677329658,3.9746725159944870
96,1.5462586926286506,3,3.974672515994487,5.2995633546593160
43,1.545672603784045,0,0E-15,1.3248908386648290
141,1.544994882292733,2,2.649781677329658,3.9746725159944870
164,1.5445302693830238,2,2.649781677329658,3.9746725159944870
118,1.542121212121212,0,0E-15,1.3248908386648290
119,1.5419075144508672,0,0E-15,1.3248908386648290
65,1.5414611872146118,2,2.649781677329658,3.9746725159944870
141,1.5408651911468814,4,5.299563354659316,6.6244541933241450
87,1.5400323442553787,2,2.649781677329658,3.9746725159944870
49,1.538158844765343,3,3.974672515994487,5.2995633546593160
215,1.537094542659492,2,2.649781677329658,3.9746725159944870
53,1.5360317460317459,3,3.974672515994487,5.2995633546593160
172,1.5352958579881653,2,2.649781677329658,3.9746725159944870
94,1.5344230769230767,2,2.649781677329658,3.9746725159944870
126,1.5325333333333333,2,2.649781677329658,3.9746725159944870
114,1.532097977722505,2,2.649781677329658,3.9746725159944870
33,1.5296808510638293,4,5.299563354659316,6.6244541933241450
106,1.5285684257108099,2,2.649781677329658,3.9746725159944870
41,1.5266851738865077,4,5.299563354659316,6.6244541933241450
9,1.5266666666666664,1,1.324890838664829,2.6497816773296580
96,1.5260461939649799,0,0E-15,1.3248908386648290
226,1.5256155831182907,0,0E-15,1.3248908386648290
247,1.5222,0,0E-15,1.3248908386648290
193,1.520736842105263,1,1.324890838664829,2.6497816773296580
114,1.5199819798872285,3,3.974672515994487,5.2995633546593160
61,1.5190666666666663,4,5.299563354659316,6.6244541933241450
15,1.5185582112567462,1,1.324890838664829,2.6497816773296580
26,1.5173239436619719,0,0E-15,1.3248908386648290
153,1.5166666666666666,0,0E-15,1.3248908386648290
154,1.5149850866751962,3,3.974672515994487,5.2995633546593160
117,1.510971988618404,1,1.324890838664829,2.6497816773296580
229,1.5091449568945257,1,1.324890838664829,2.6497816773296580
236,1.5053989488772104,0,0E-15,1.3248908386648290
159,1.5051162790697674,0,0E-15,1.3248908386648290
136,1.5043303819387728,1,1.324890838664829,2.6497816773296580
226,1.5000664635834944,3,3.974672515994487,5.2995633546593160
248,1.5,6,7.949345031988974,9.2742358706538030
240,1.5,6,7.949345031988974,9.2742358706538030
41,1.499688260468254,3,3.974672515994487,5.2995633546593160
117,1.4973468881213237,0,0E-15,1.3248908386648290
19,1.4959504132231407,0,0E-15,1.3248908386648290
49,1.4917117117117118,4,5.299563354659316,6.6244541933241450
192,1.4912871287128713,1,1.324890838664829,2.6497816773296580
236,1.4904347826086957,2,2.649781677329658,3.9746725159944870
15,1.4900529100529099,2,2.649781677329658,3.9746725159944870
143,1.4867620567375892,0,0E-15,1.3248908386648290
117,1.485606319385134,4,5.299563354659316,6.6244541933241450
96,1.484245810055866,4,5.299563354659316,6.6244541933241450
236,1.481461187214612,3,3.974672515994487,5.2995633546593160
136,1.4782021290576957,4,5.299563354659316,6.6244541933241450
136,1.4780309371258062,0,0E-15,1.3248908386648290
45,1.4778657968313138,2,2.649781677329658,3.9746725159944870
238,1.4754545454545456,1,1.324890838664829,2.6497816773296580
154,1.4723348411529593,2,2.649781677329658,3.9746725159944870
201,1.4722950819672131,1,1.324890838664829,2.6497816773296580
203,1.4711538461538463,0,0E-15,1.3248908386648290
41,1.4708843572534884,2,2.649781677329658,3.9746725159944870
43,1.4690845959595946,3,3.974672515994487,5.2995633546593160
53,1.4665811965811966,1,1.324890838664829,2.6497816773296580
222,1.465,4,5.299563354659316,6.6244541933241450
152,1.465,2,2.649781677329658,3.9746725159944870
132,1.4617142857142855,3,3.974672515994487,5.2995633546593160
229,1.4596980381520674,3,3.974672515994487,5.2995633546593160
136,1.459122766167996,3,3.974672515994487,5.2995633546593160
49,1.458263888888889,2,2.649781677329658,3.9746725159944870
15,1.4582011331444762,3,3.974672515994487,5.2995633546593160
117,1.4580433004570628,3,3.974672515994487,5.2995633546593160
230,1.455581395348837,0,0E-15,1.3248908386648290
43,1.4553510716925362,4,5.299563354659316,6.6244541933241450
236,1.453973214285714,1,1.324890838664829,2.6497816773296580
143,1.4531328545780973,4,5.299563354659316,6.6244541933241450
256,1.4485714285714286,3,3.974672515994487,5.2995633546593160
226,1.4477347161572052,2,2.649781677329658,3.9746725159944870
136,1.4464203499079198,2,2.649781677329658,3.9746725159944870
65,1.4452574197456085,0,0E-15,1.3248908386648290
103,1.4433333333333334,3,3.974672515994487,5.2995633546593160
152,1.442962962962963,0,0E-15,1.3248908386648290
96,1.441811926605505,2,2.649781677329658,3.9746725159944870
65,1.4334538878842675,3,3.974672515994487,5.2995633546593160
244,1.4329166666666666,0,0E-15,1.3248908386648290
238,1.432,4,5.299563354659316,6.6244541933241450
86,1.4301428571428574,4,5.299563354659316,6.6244541933241450
117,1.4240683790809334,2,2.649781677329658,3.9746725159944870
43,1.4208471074380171,2,2.649781677329658,3.9746725159944870
193,1.4164583333333332,4,5.299563354659316,6.6244541933241450
181,1.4123076923076923,1,1.324890838664829,2.6497816773296580
141,1.4099245283018869,3,3.974672515994487,5.2995633546593160
240,1.4087799370563396,1,1.324890838664829,2.6497816773296580
227,1.4070411216551213,0,0E-15,1.3248908386648290
139,1.4068181818181817,0,0E-15,1.3248908386648290
240,1.4052547305264314,0,0E-15,1.3248908386648290
132,1.397674418604651,1,1.324890838664829,2.6497816773296580
229,1.3976540847983414,2,2.649781677329658,3.9746725159944870
15,1.3959695817490494,4,5.299563354659316,6.6244541933241450
240,1.3943568464730254,4,5.299563354659316,6.6244541933241450
19,1.392,4,5.299563354659316,6.6244541933241450
61,1.3907103825136613,2,2.649781677329658,3.9746725159944870
203,1.3866666666666667,2,2.649781677329658,3.9746725159944870
213,1.3861904761904762,0,0E-15,1.3248908386648290
240,1.3857819939093374,3,3.974672515994487,5.2995633546593160
39,1.37473795286669,4,5.299563354659316,6.6244541933241450
65,1.3721415094339624,1,1.324890838664829,2.6497816773296580
240,1.3708928300359255,2,2.649781677329658,3.9746725159944870
201,1.3690796019900497,0,0E-15,1.3248908386648290
239,1.3660543562669456,0,0E-15,1.3248908386648290
239,1.3645961244971,1,1.324890838664829,2.6497816773296580
37,1.3605882352941177,0,0E-15,1.3248908386648290
257,1.354159292035398,0,0E-15,1.3248908386648290
192,1.3521739130434782,3,3.974672515994487,5.2995633546593160
39,1.34972928324008,0,0E-15,1.3248908386648290
239,1.346716238518947,4,5.299563354659316,6.6244541933241450
239,1.3457351441669343,3,3.974672515994487,5.2995633546593160
239,1.335391858116212,2,2.649781677329658,3.9746725159944870
206,1.3353488372093023,3,3.974672515994487,5.2995633546593160
201,1.3345833333333335,2,2.649781677329658,3.9746725159944870
66,1.3333333333333333,0,0E-15,1.3248908386648290
227,1.3297091273821464,1,1.324890838664829,2.6497816773296580
39,1.3261284828989077,1,1.324890838664829,2.6497816773296580
95,1.3161290322580643,0,0E-15,1.3248908386648290
109,1.316,2,2.649781677329658,3.9746725159944870
198,1.3146875000000002,2,2.649781677329658,3.9746725159944870
55,1.308605341246291,0,0E-15,1.3248908386648290
177,1.3075,0,0E-15,1.3248908386648290
88,1.294375,3,3.974672515994487,5.2995633546593160
73,1.2933333333333332,2,2.649781677329658,3.9746725159944870
118,1.288888888888889,1,1.324890838664829,2.6497816773296580
126,1.2848387096774192,3,3.974672515994487,5.2995633546593160
116,1.2845624532535524,1,1.324890838664829,2.6497816773296580
46,1.284368932038835,0,0E-15,1.3248908386648290
35,1.2833333333333334,3,3.974672515994487,5.2995633546593160
175,1.2826923076923076,1,1.324890838664829,2.6497816773296580
6,1.2821470316825594,1,1.324890838664829,2.6497816773296580
93,1.2794170403587444,0,0E-15,1.3248908386648290
6,1.2762917023096643,0,0E-15,1.3248908386648290
227,1.2740809443507588,2,2.649781677329658,3.9746725159944870
65,1.273119658119658,4,5.299563354659316,6.6244541933241450
256,1.2729133858267716,0,0E-15,1.3248908386648290
130,1.2709016393442625,0,0E-15,1.3248908386648290
39,1.269394252280157,3,3.974672515994487,5.2995633546593160
236,1.267,4,5.299563354659316,6.6244541933241450
227,1.2581500872600349,3,3.974672515994487,5.2995633546593160
35,1.2576595744680852,1,1.324890838664829,2.6497816773296580
86,1.2527419354838711,3,3.974672515994487,5.2995633546593160
198,1.2519791666666664,3,3.974672515994487,5.2995633546593160
204,1.25,2,2.649781677329658,3.9746725159944870
238,1.25,3,3.974672515994487,5.2995633546593160
6,1.2403057757644391,2,2.649781677329658,3.9746725159944870
39,1.2379155506538506,2,2.649781677329658,3.9746725159944870
116,1.2369006606161699,0,0E-15,1.3248908386648290
73,1.2334883720930234,0,0E-15,1.3248908386648290
227,1.2332031249999997,4,5.299563354659316,6.6244541933241450
223,1.2275,1,1.324890838664829,2.6497816773296580
155,1.2268421052631577,3,3.974672515994487,5.2995633546593160
129,1.22,3,3.974672515994487,5.2995633546593160
175,1.22,2,2.649781677329658,3.9746725159944870
249,1.2177777777777778,1,1.324890838664829,2.6497816773296580
116,1.2131584905660382,4,5.299563354659316,6.6244541933241450
243,1.2074074074074073,3,3.974672515994487,5.2995633546593160
132,1.2025,2,2.649781677329658,3.9746725159944870
155,1.2016285714285717,0,0E-15,1.3248908386648290
82,1.2,0,0E-15,1.3248908386648290
116,1.1993754243041412,2,2.649781677329658,3.9746725159944870
116,1.1993013809910635,3,3.974672515994487,5.2995633546593160
161,1.1988847583643123,1,1.324890838664829,2.6497816773296580
160,1.1976923076923076,2,2.649781677329658,3.9746725159944870
125,1.1892307692307693,0,0E-15,1.3248908386648290
184,1.1881249999999999,0,0E-15,1.3248908386648290
193,1.1790322580645163,3,3.974672515994487,5.2995633546593160
6,1.1774369040942232,3,3.974672515994487,5.2995633546593160
72,1.1535434736014925,0,0E-15,1.3248908386648290
147,1.152,4,5.299563354659316,6.6244541933241450
162,1.1506666666666665,1,1.324890838664829,2.6497816773296580
72,1.1493676072671024,1,1.324890838664829,2.6497816773296580
151,1.1466666666666667,2,2.649781677329658,3.9746725159944870
53,1.1436363636363636,4,5.299563354659316,6.6244541933241450
56,1.1424528301886794,1,1.324890838664829,2.6497816773296580
237,1.1401923076923075,0,0E-15,1.3248908386648290
72,1.1363950398582818,4,5.299563354659316,6.6244541933241450
144,1.1352857142857142,1,1.324890838664829,2.6497816773296580
55,1.1311450381679389,1,1.324890838664829,2.6497816773296580
213,1.13,3,3.974672515994487,5.2995633546593160
91,1.1290322580645162,4,5.299563354659316,6.6244541933241450
72,1.1234431561085967,3,3.974672515994487,5.2995633546593160
6,1.122319526627219,4,5.299563354659316,6.6244541933241450
150,1.1209803921568628,4,5.299563354659316,6.6244541933241450
62,1.1183333333333334,2,2.649781677329658,3.9746725159944870
242,1.1109677419354838,0,0E-15,1.3248908386648290
181,1.0963636363636362,2,2.649781677329658,3.9746725159944870
222,1.0955555555555554,3,3.974672515994487,5.2995633546593160
161,1.0793877551020408,3,3.974672515994487,5.2995633546593160
159,1.0766666666666669,3,3.974672515994487,5.2995633546593160
248,1.075,5,6.624454193324145,7.9493450319889740
216,1.07,2,2.649781677329658,3.9746725159944870
135,1.0672491909385113,0,0E-15,1.3248908386648290
93,1.0625,2,2.649781677329658,3.9746725159944870
162,1.052121212121212,0,0E-15,1.3248908386648290
239,1.05,5,6.624454193324145,7.9493450319889740
63,1.0458823529411765,1,1.324890838664829,2.6497816773296580
109,1.04,4,5.299563354659316,6.6244541933241450
72,1.0247531185031187,2,2.649781677329658,3.9746725159944870
79,1.0222549591598602,0,0E-15,1.3248908386648290
177,1.02,1,1.324890838664829,2.6497816773296580
53,1.0199999999999998,2,2.649781677329658,3.9746725159944870
17,1.0133333333333334,1,1.324890838664829,2.6497816773296580
23,1.004888888888889,1,1.324890838664829,2.6497816773296580
7,1.0,3,3.974672515994487,5.2995633546593160
107,1.0,0,0E-15,1.3248908386648290
122,1.0,4,5.299563354659316,6.6244541933241450
165,0.9971428571428571,2,2.649781677329658,3.9746725159944870
71,0.9839393939393939,4,5.299563354659316,6.6244541933241450
230,0.9814285714285714,1,1.324890838664829,2.6497816773296580
18,0.9765116279069767,1,1.324890838664829,2.6497816773296580
119,0.9700000000000001,3,3.974672515994487,5.2995633546593160
144,0.9638000000000001,3,3.974672515994487,5.2995633546593160
79,0.9558536585365853,2,2.649781677329658,3.9746725159944870
144,0.9547904191616766,0,0E-15,1.3248908386648290
182,0.9485185185185185,0,0E-15,1.3248908386648290
151,0.9431443298969072,0,0E-15,1.3248908386648290
259,0.9406875000000002,1,1.324890838664829,2.6497816773296580
63,0.93,4,5.299563354659316,6.6244541933241450
46,0.9288888888888889,2,2.649781677329658,3.9746725159944870
259,0.9253204674220972,0,0E-15,1.3248908386648290
188,0.9193776824034336,0,0E-15,1.3248908386648290
158,0.91875,2,2.649781677329658,3.9746725159944870
161,0.9139184268026219,0,0E-15,1.3248908386648290
56,0.9112121212121213,3,3.974672515994487,5.2995633546593160
79,0.9065985401459854,1,1.324890838664829,2.6497816773296580
161,0.9062903225806451,4,5.299563354659316,6.6244541933241450
127,0.9031528046421664,1,1.324890838664829,2.6497816773296580
112,0.8866666666666667,1,1.324890838664829,2.6497816773296580
188,0.8825000000000001,2,2.649781677329658,3.9746725159944870
249,0.8818867924528302,0,0E-15,1.3248908386648290
165,0.8724000000000001,1,1.324890838664829,2.6497816773296580
234,0.8707407407407407,0,0E-15,1.3248908386648290
188,0.8608849557522124,1,1.324890838664829,2.6497816773296580
9,0.8546153846153846,2,2.649781677329658,3.9746725159944870
259,0.8505610561056106,4,5.299563354659316,6.6244541933241450
29,0.8479310344827586,0,0E-15,1.3248908386648290
181,0.8470629370629369,0,0E-15,1.3248908386648290
249,0.84,2,2.649781677329658,3.9746725159944870
26,0.8309090909090909,3,3.974672515994487,5.2995633546593160
259,0.8274957698815567,3,3.974672515994487,5.2995633546593160
127,0.8264290563475902,0,0E-15,1.3248908386648290
194,0.8233720930232556,0,0E-15,1.3248908386648290
259,0.8219540229885056,2,2.649781677329658,3.9746725159944870
121,0.8177777777777778,0,0E-15,1.3248908386648290
144,0.8099999999999999,4,5.299563354659316,6.6244541933241450
79,0.8083112582781458,3,3.974672515994487,5.2995633546593160
188,0.7939999999999999,3,3.974672515994487,5.2995633546593160
216,0.7886206896551724,0,0E-15,1.3248908386648290
23,0.7885639686684073,0,0E-15,1.3248908386648290
98,0.7866666666666666,0,0E-15,1.3248908386648290
216,0.7864285714285716,3,3.974672515994487,5.2995633546593160
216,0.7854285714285715,1,1.324890838664829,2.6497816773296580
163,0.7819811320754717,0,0E-15,1.3248908386648290
7,0.78,4,5.299563354659316,6.6244541933241450
67,0.7799999999999999,3,3.974672515994487,5.2995633546593160
129,0.779,1,1.324890838664829,2.6497816773296580
155,0.7766666666666667,4,5.299563354659316,6.6244541933241450
147,0.7764000000000001,0,0E-15,1.3248908386648290
223,0.7725,3,3.974672515994487,5.2995633546593160
46,0.7639130434782608,1,1.324890838664829,2.6497816773296580
210,0.76,4,5.299563354659316,6.6244541933241450
147,0.758235294117647,1,1.324890838664829,2.6497816773296580
155,0.7558823529411764,2,2.649781677329658,3.9746725159944870
56,0.7499662162162163,0,0E-15,1.3248908386648290
118,0.7452941176470588,3,3.974672515994487,5.2995633546593160
79,0.7364596273291926,4,5.299563354659316,6.6244541933241450
134,0.727857142857143,3,3.974672515994487,5.2995633546593160
57,0.72,3,3.974672515994487,5.2995633546593160
93,0.6835,1,1.324890838664829,2.6497816773296580
23,0.6799999999999999,3,3.974672515994487,5.2995633546593160
69,0.6666666666666666,3,3.974672515994487,5.2995633546593160
90,0.6666666666666666,1,1.324890838664829,2.6497816773296580
5,0.6666666666666666,3,3.974672515994487,5.2995633546593160
29,0.6639999999999999,3,3.974672515994487,5.2995633546593160
151,0.6622222222222223,4,5.299563354659316,6.6244541933241450
127,0.6602013422818792,4,5.299563354659316,6.6244541933241450
127,0.6467340067340067,3,3.974672515994487,5.2995633546593160
89,0.6447058823529412,0,0E-15,1.3248908386648290
163,0.6352380952380953,1,1.324890838664829,2.6497816773296580
237,0.635,3,3.974672515994487,5.2995633546593160
50,0.625,1,1.324890838664829,2.6497816773296580
160,0.6221551724137931,0,0E-15,1.3248908386648290
247,0.6166666666666667,1,1.324890838664829,2.6497816773296580
238,0.6133766233766235,0,0E-15,1.3248908386648290
127,0.6077443609022557,2,2.649781677329658,3.9746725159944870
135,0.5966666666666667,4,5.299563354659316,6.6244541933241450
162,0.5950000000000001,3,3.974672515994487,5.2995633546593160
256,0.5885714285714286,4,5.299563354659316,6.6244541933241450
5,0.588,0,0E-15,1.3248908386648290
55,0.5870909090909092,3,3.974672515994487,5.2995633546593160
130,0.58,2,2.649781677329658,3.9746725159944870
181,0.579047619047619,3,3.974672515994487,5.2995633546593160
118,0.5771428571428572,2,2.649781677329658,3.9746725159944870
135,0.5760000000000001,3,3.974672515994487,5.2995633546593160
134,0.57,1,1.324890838664829,2.6497816773296580
144,0.5372727272727272,2,2.649781677329658,3.9746725159944870
237,0.532,2,2.649781677329658,3.9746725159944870
249,0.52,3,3.974672515994487,5.2995633546593160
158,0.5009677419354839,1,1.324890838664829,2.6497816773296580
62,0.5,1,1.324890838664829,2.6497816773296580
135,0.48836065573770493,1,1.324890838664829,2.6497816773296580
239,0.48200000000000004,6,7.949345031988974,9.2742358706538030
160,0.468,3,3.974672515994487,5.2995633546593160
158,0.4653333333333334,3,3.974672515994487,5.2995633546593160
237,0.45458333333333334,1,1.324890838664829,2.6497816773296580
119,0.43142857142857144,2,2.649781677329658,3.9746725159944870
134,0.42857142857142855,2,2.649781677329658,3.9746725159944870
88,0.42,4,5.299563354659316,6.6244541933241450
23,0.41866666666666663,4,5.299563354659316,6.6244541933241450
130,0.4090909090909091,1,1.324890838664829,2.6497816773296580
152,0.3736363636363636,1,1.324890838664829,2.6497816773296580
160,0.372,4,5.299563354659316,6.6244541933241450
47,0.37074074074074076,0,0E-15,1.3248908386648290
103,0.348,1,1.324890838664829,2.6497816773296580
115,0.3333333333333333,0,0E-15,1.3248908386648290
63,0.33181818181818185,2,2.649781677329658,3.9746725159944870
55,0.3254054054054054,4,5.299563354659316,6.6244541933241450
252,0.3144117647058824,0,0E-15,1.3248908386648290
46,0.3013333333333333,3,3.974672515994487,5.2995633546593160
237,0.29,4,5.299563354659316,6.6244541933241450
203,0.2857142857142857,3,3.974672515994487,5.2995633546593160
151,0.25942857142857145,1,1.324890838664829,2.6497816773296580
130,0.23285714285714285,3,3.974672515994487,5.2995633546593160
175,0.2125,3,3.974672515994487,5.2995633546593160
19,0.21000000000000002,2,2.649781677329658,3.9746725159944870
56,0.2,2,2.649781677329658,3.9746725159944870
151,0.19,3,3.974672515994487,5.2995633546593160
194,0.17500000000000002,1,1.324890838664829,2.6497816773296580
118,0.174,4,5.299563354659316,6.6244541933241450
56,0.16625,4,5.299563354659316,6.6244541933241450
93,0.1625,3,3.974672515994487,5.2995633546593160
55,0.14628571428571427,2,2.649781677329658,3.9746725159944870
160,0.11047619047619046,1,1.324890838664829,2.6497816773296580
89,0.023333333333333334,1,1.324890838664829,2.6497816773296580
13,0.02,3,3.974672515994487,5.2995633546593160
81,0.0,0,0E-15,1.3248908386648290
241,0.0,4,5.299563354659316,6.6244541933241450
169,0.0,0,0E-15,1.3248908386648290
216,0.0,4,5.299563354659316,6.6244541933241450
225,0.0,0,0E-15,1.3248908386648290
223,0.0,2,2.649781677329658,3.9746725159944870
210,0.0,1,1.324890838664829,2.6497816773296580
52,0.0,4,5.299563354659316,6.6244541933241450
29,0.0,4,5.299563354659316,6.6244541933241450
69,0.0,4,5.299563354659316,6.6244541933241450
223,0.0,4,5.299563354659316,6.6244541933241450
76,0.0,2,2.649781677329658,3.9746725159944870
125,0.0,4,5.299563354659316,6.6244541933241450
189,0.0,3,3.974672515994487,5.2995633546593160
121,0.0,3,3.974672515994487,5.2995633546593160
48,0.0,3,3.974672515994487,5.2995633546593160
246,0.0,0,0E-15,1.3248908386648290
224,0.0,2,2.649781677329658,3.9746725159944870
0,0.0,2,2.649781677329658,3.9746725159944870
205,0.0,2,2.649781677329658,3.9746725159944870
78,0.0,3,3.974672515994487,5.2995633546593160
103,0.0,2,2.649781677329658,3.9746725159944870
73,0.0,4,5.299563354659316,6.6244541933241450
189,0.0,0,0E-15,1.3248908386648290
83,0.0,4,5.299563354659316,6.6244541933241450
184,0.0,1,1.324890838664829,2.6497816773296580
203,0.0,1,1.324890838664829,2.6497816773296580
44,0.0,1,1.324890838664829,2.6497816773296580
129,0.0,2,2.649781677329658,3.9746725159944870
234,0.0,4,5.299563354659316,6.6244541933241450
137,0.0,6,7.949345031988974,9.2742358706538030
28,0.0,3,3.974672515994487,5.2995633546593160
184,0.0,3,3.974672515994487,5.2995633546593160
241,0.0,3,3.974672515994487,5.2995633546593160
57,0.0,4,5.299563354659316,6.6244541933241450
244,0.0,1,1.324890838664829,2.6497816773296580
145,0.0,6,7.949345031988974,9.2742358706538030
222,0.0,2,2.649781677329658,3.9746725159944870
148,0.0,1,1.324890838664829,2.6497816773296580
244,0.0,3,3.974672515994487,5.2995633546593160
170,0.0,3,3.974672515994487,5.2995633546593160
37,0.0,1,1.324890838664829,2.6497816773296580
241,0.0,2,2.649781677329658,3.9746725159944870
249,0.0,4,5.299563354659316,6.6244541933241450
147,0.0,2,2.649781677329658,3.9746725159944870
252,0.0,2,2.649781677329658,3.9746725159944870
95,0.0,3,3.974672515994487,5.2995633546593160
202,0.0,2,2.649781677329658,3.9746725159944870
252,0.0,4,5.299563354659316,6.6244541933241450
34,0.0,4,5.299563354659316,6.6244541933241450
200,0.0,0,0E-15,1.3248908386648290
257,0.0,2,2.649781677329658,3.9746725159944870
34,0.0,2,2.649781677329658,3.9746725159944870
54,0.0,4,5.299563354659316,6.6244541933241450
251,0.0,2,2.649781677329658,3.9746725159944870
246,0.0,1,1.324890838664829,2.6497816773296580
50,0.0,3,3.974672515994487,5.2995633546593160
90,0.0,2,2.649781677329658,3.9746725159944870
80,0.0,0,0E-15,1.3248908386648290
159,0.0,2,2.649781677329658,3.9746725159944870
146,0.0,1,1.324890838664829,2.6497816773296580
195,0.0,2,2.649781677329658,3.9746725159944870
78,0.0,4,5.299563354659316,6.6244541933241450
102,0.0,3,3.974672515994487,5.2995633546593160
156,0.0,3,3.974672515994487,5.2995633546593160
0,0.0,4,5.299563354659316,6.6244541933241450
205,0.0,0,0E-15,1.3248908386648290
257,0.0,3,3.974672515994487,5.2995633546593160
131,0.0,5,6.624454193324145,7.9493450319889740
54,0.0,3,3.974672515994487,5.2995633546593160
142,0.0,1,1.324890838664829,2.6497816773296580
14,0.0,2,2.649781677329658,3.9746725159944870
163,0.0,3,3.974672515994487,5.2995633546593160
54,0.0,1,1.324890838664829,2.6497816773296580
59,0.0,1,1.324890838664829,2.6497816773296580
162,0.0,2,2.649781677329658,3.9746725159944870
182,0.0,2,2.649781677329658,3.9746725159944870
12,0.0,1,1.324890838664829,2.6497816773296580
112,0.0,2,2.649781677329658,3.9746725159944870
252,0.0,3,3.974672515994487,5.2995633546593160
158,0.0,4,5.299563354659316,6.6244541933241450
234,0.0,3,3.974672515994487,5.2995633546593160
225,0.0,1,1.324890838664829,2.6497816773296580
182,0.0,3,3.974672515994487,5.2995633546593160
20,0.0,3,3.974672515994487,5.2995633546593160
159,0.0,1,1.324890838664829,2.6497816773296580
73,0.0,3,3.974672515994487,5.2995633546593160
211,0.0,0,0E-15,1.3248908386648290
26,0.0,4,5.299563354659316,6.6244541933241450
90,0.0,3,3.974672515994487,5.2995633546593160
230,0.0,3,3.974672515994487,5.2995633546593160
34,0.0,3,3.974672515994487,5.2995633546593160
215,0.0,5,6.624454193324145,7.9493450319889740
77,0.0,4,5.299563354659316,6.6244541933241450
146,0.0,0,0E-15,1.3248908386648290
176,0.0,0,0E-15,1.3248908386648290
247,0.0,2,2.649781677329658,3.9746725159944870
257,0.0,1,1.324890838664829,2.6497816773296580
241,0.0,1,1.324890838664829,2.6497816773296580
202,0.0,1,1.324890838664829,2.6497816773296580
208,0.0,4,5.299563354659316,6.6244541933241450
125,0.0,3,3.974672515994487,5.2995633546593160
85,0.0,6,7.949345031988974,9.2742358706538030
207,0.0,0,0E-15,1.3248908386648290
41,0.0,6,7.949345031988974,9.2742358706538030
84,0.0,2,2.649781677329658,3.9746725159944870
28,0.0,4,5.299563354659316,6.6244541933241450
182,0.0,4,5.299563354659316,6.6244541933241450
154,0.0,5,6.624454193324145,7.9493450319889740
81,0.0,2,2.649781677329658,3.9746725159944870
82,0.0,2,2.649781677329658,3.9746725159944870
257,0.0,4,5.299563354659316,6.6244541933241450
13,0.0,4,5.299563354659316,6.6244541933241450
37,0.0,3,3.974672515994487,5.2995633546593160
242,0.0,1,1.324890838664829,2.6497816773296580
182,0.0,1,1.324890838664829,2.6497816773296580
177,0.0,2,2.649781677329658,3.9746725159944870
0,0.0,3,3.974672515994487,5.2995633546593160
24,0.0,0,0E-15,1.3248908386648290
167,0.0,2,2.649781677329658,3.9746725159944870
48,0.0,0,0E-15,1.3248908386648290
67,0.0,1,1.324890838664829,2.6497816773296580
174,0.0,3,3.974672515994487,5.2995633546593160
125,0.0,2,2.649781677329658,3.9746725159944870
47,0.0,2,2.649781677329658,3.9746725159944870
18,0.0,3,3.974672515994487,5.2995633546593160
112,0.0,3,3.974672515994487,5.2995633546593160
140,0.0,0,0E-15,1.3248908386648290
203,0.0,4,5.299563354659316,6.6244541933241450
205,0.0,1,1.324890838664829,2.6497816773296580
107,0.0,3,3.974672515994487,5.2995633546593160
242,0.0,3,3.974672515994487,5.2995633546593160
251,0.0,4,5.299563354659316,6.6244541933241450
76,0.0,4,5.299563354659316,6.6244541933241450
137,0.0,5,6.624454193324145,7.9493450319889740
234,0.0,2,2.649781677329658,3.9746725159944870
244,0.0,2,2.649781677329658,3.9746725159944870
