pickup_zone,avg_total_amount,bkt_passenger_count,val_start,val_end
82,503.7733333333333,1,1.324890838664829,2.6497816773296580
5,383.3833333333334,1,1.324890838664829,2.6497816773296580
183,296.16,1,1.324890838664829,2.6497816773296580
123,280.0,0,0E-15,1.3248908386648290
14,230.96499999999997,1,1.324890838664829,2.6497816773296580
107,180.8,0,0E-15,1.3248908386648290
82,176.55,2,2.649781677329658,3.9746725159944870
32,130.7575,0,0E-15,1.3248908386648290
183,128.76000000000002,0,0E-15,1.3248908386648290
131,120.71000000000001,6,7.949345031988974,9.2742358706538030
109,116.56599999999999,2,2.649781677329658,3.9746725159944870
21,115.3,0,0E-15,1.3248908386648290
2,113.8,0,0E-15,1.3248908386648290
6,101.84,6,7.949345031988974,9.2742358706538030
137,98.84,6,7.949345031988974,9.2742358706538030
16,94.14,1,1.324890838664829,2.6497816773296580
124,94.125,0,0E-15,1.3248908386648290
142,93.3,2,2.649781677329658,3.9746725159944870
137,92.34,5,6.624454193324145,7.9493450319889740
190,91.35,0,0E-15,1.3248908386648290
8,90.96,5,6.624454193324145,7.9493450319889740
258,90.3,0,0E-15,1.3248908386648290
78,89.03200000000001,1,1.324890838664829,2.6497816773296580
155,88.6029411764706,2,2.649781677329658,3.9746725159944870
83,87.77000000000001,0,0E-15,1.3248908386648290
148,86.16000000000001,0,0E-15,1.3248908386648290
178,83.48466666666668,2,2.649781677329658,3.9746725159944870
1,82.715,0,0E-15,1.3248908386648290
225,82.3,1,1.324890838664829,2.6497816773296580
149,81.88,0,0E-15,1.3248908386648290
78,81.01714285714286,2,2.649781677329658,3.9746725159944870
41,80.55,6,7.949345031988974,9.2742358706538030
195,80.3,2,2.649781677329658,3.9746725159944870
195,78.815,0,0E-15,1.3248908386648290
5,77.35333333333334,3,3.974672515994487,5.2995633546593160
83,75.84,1,1.324890838664829,2.6497816773296580
215,75.8,5,6.624454193324145,7.9493450319889740
159,75.41,4,5.299563354659316,6.6244541933241450
2,73.3,2,2.649781677329658,3.9746725159944870
205,70.8,1,1.324890838664829,2.6497816773296580
186,70.01,1,1.324890838664829,2.6497816773296580
131,70.0,5,6.624454193324145,7.9493450319889740
142,69.55000000000001,1,1.324890838664829,2.6497816773296580
92,65.6615306122449,1,1.324890838664829,2.6497816773296580
178,65.53315789473683,1,1.324890838664829,2.6497816773296580
221,65.11066666666667,2,2.649781677329658,3.9746725159944870
199,64.61803149606303,1,1.324890838664829,2.6497816773296580
219,64.18529801324507,1,1.324890838664829,2.6497816773296580
25,64.03478260869565,2,2.649781677329658,3.9746725159944870
38,63.92,3,3.974672515994487,5.2995633546593160
14,63.3475,0,0E-15,1.3248908386648290
196,63.25266666666667,3,3.974672515994487,5.2995633546593160
229,63.06666666666666,6,7.949345031988974,9.2742358706538030
78,62.269545454545465,0,0E-15,1.3248908386648290
88,60.714999999999996,2,2.649781677329658,3.9746725159944870
78,59.800000000000004,3,3.974672515994487,5.2995633546593160
44,59.150000000000006,4,5.299563354659316,6.6244541933241450
196,59.03047058823528,1,1.324890838664829,2.6497816773296580
-1,58.48571428571428,5,6.624454193324145,7.9493450319889740
222,58.34,1,1.324890838664829,2.6497816773296580
-1,58.28866666666667,6,7.949345031988974,9.2742358706538030
92,58.25327272727272,3,3.974672515994487,5.2995633546593160
221,58.248000000000005,4,5.299563354659316,6.6244541933241450
219,57.942321428571425,4,5.299563354659316,6.6244541933241450
92,57.79718550106614,0,0E-15,1.3248908386648290
131,57.17119680339157,1,1.324890838664829,2.6497816773296580
196,56.2,4,5.299563354659316,6.6244541933241450
131,55.94470126091014,2,2.649781677329658,3.9746725159944870
131,55.88449173812971,3,3.974672515994487,5.2995633546593160
131,55.69020864381446,4,5.299563354659316,6.6244541933241450
128,55.5341079812207,1,1.324890838664829,2.6497816773296580
196,55.44444444444445,2,2.649781677329658,3.9746725159944870
219,55.33992119779338,0,0E-15,1.3248908386648290
131,55.16920842395189,0,0E-15,1.3248908386648290
178,54.883125,3,3.974672515994487,5.2995633546593160
219,54.779268292682936,2,2.649781677329658,3.9746725159944870
219,54.51330357142858,3,3.974672515994487,5.2995633546593160
145,54.449999999999996,6,7.949345031988974,9.2742358706538030
241,54.13653846153847,0,0E-15,1.3248908386648290
128,54.0584,4,5.299563354659316,6.6244541933241450
128,54.01616279069768,2,2.649781677329658,3.9746725159944870
90,53.48749999999999,0,0E-15,1.3248908386648290
128,53.231364902506854,0,0E-15,1.3248908386648290
92,52.9988,2,2.649781677329658,3.9746725159944870
208,52.71981818181817,0,0E-15,1.3248908386648290
128,52.66466666666671,3,3.974672515994487,5.2995633546593160
50,52.31,3,3.974672515994487,5.2995633546593160
222,51.8,2,2.649781677329658,3.9746725159944870
196,51.50134969325158,0,0E-15,1.3248908386648290
170,51.445,0,0E-15,1.3248908386648290
189,51.38,3,3.974672515994487,5.2995633546593160
125,50.8,3,3.974672515994487,5.2995633546593160
221,50.36110497237572,0,0E-15,1.3248908386648290
213,50.18,3,3.974672515994487,5.2995633546593160
221,50.06365853658537,1,1.324890838664829,2.6497816773296580
194,49.673333333333325,2,2.649781677329658,3.9746725159944870
34,49.06285714285714,1,1.324890838664829,2.6497816773296580
154,48.449999999999996,5,6.624454193324145,7.9493450319889740
13,48.2525,1,1.324890838664829,2.6497816773296580
14,48.21666666666666,2,2.649781677329658,3.9746725159944870
82,48.199999999999996,0,0E-15,1.3248908386648290
92,47.99962962962964,4,5.299563354659316,6.6244541933241450
50,47.99250000000001,1,1.324890838664829,2.6497816773296580
174,47.53666666666666,1,1.324890838664829,2.6497816773296580
10,47.083333333333336,0,0E-15,1.3248908386648290
67,47.0575,0,0E-15,1.3248908386648290
186,46.97571428571429,0,0E-15,1.3248908386648290
122,46.75812500000001,1,1.324890838664829,2.6497816773296580
90,46.63333333333333,1,1.324890838664829,2.6497816773296580
122,46.58403846153846,0,0E-15,1.3248908386648290
221,46.55952380952382,3,3.974672515994487,5.2995633546593160
34,44.88717948717949,0,0E-15,1.3248908386648290
77,44.125,0,0E-15,1.3248908386648290
97,43.97035714285714,1,1.324890838664829,2.6497816773296580
223,43.8,4,5.299563354659316,6.6244541933241450
84,43.8,2,2.649781677329658,3.9746725159944870
199,43.73809523809524,2,2.649781677329658,3.9746725159944870
34,42.7,3,3.974672515994487,5.2995633546593160
178,42.65616766467067,0,0E-15,1.3248908386648290
25,42.23625,4,5.299563354659316,6.6244541933241450
31,41.99473684210526,2,2.649781677329658,3.9746725159944870
189,41.88,0,0E-15,1.3248908386648290
137,41.67633335096107,1,1.324890838664829,2.6497816773296580
137,41.651562533148564,2,2.649781677329658,3.9746725159944870
50,41.62,2,2.649781677329658,3.9746725159944870
31,41.49442307692308,1,1.324890838664829,2.6497816773296580
251,41.483103448275855,0,0E-15,1.3248908386648290
25,41.466807980049936,0,0E-15,1.3248908386648290
69,41.355000000000004,3,3.974672515994487,5.2995633546593160
97,41.32599999999999,2,2.649781677329658,3.9746725159944870
204,41.32,0,0E-15,1.3248908386648290
137,41.178388877562725,0,0E-15,1.3248908386648290
137,41.07965868342907,3,3.974672515994487,5.2995633546593160
99,40.86666666666667,3,3.974672515994487,5.2995633546593160
248,40.775,5,6.624454193324145,7.9493450319889740
137,40.70010380993101,4,5.299563354659316,6.6244541933241450
208,39.974999999999994,1,1.324890838664829,2.6497816773296580
146,39.96,3,3.974672515994487,5.2995633546593160
152,39.958,4,5.299563354659316,6.6244541933241450
7,39.736,1,1.324890838664829,2.6497816773296580
34,39.63333333333333,2,2.649781677329658,3.9746725159944870
20,39.53750000000001,0,0E-15,1.3248908386648290
4,39.49333333333333,0,0E-15,1.3248908386648290
102,39.39333333333334,0,0E-15,1.3248908386648290
176,39.3,0,0E-15,1.3248908386648290
205,39.23333333333333,0,0E-15,1.3248908386648290
17,38.846666666666664,1,1.324890838664829,2.6497816773296580
25,38.576808510638294,3,3.974672515994487,5.2995633546593160
154,38.25714285714286,6,7.949345031988974,9.2742358706538030
25,37.9801219512195,1,1.324890838664829,2.6497816773296580
142,37.90555555555556,0,0E-15,1.3248908386648290
78,37.8,4,5.299563354659316,6.6244541933241450
178,37.760000000000005,4,5.299563354659316,6.6244541933241450
54,37.644285714285715,0,0E-15,1.3248908386648290
217,37.404999999999994,0,0E-15,1.3248908386648290
199,37.02750000000001,4,5.299563354659316,6.6244541933241450
256,36.808076923076925,1,1.324890838664829,2.6497816773296580
0,36.57,2,2.649781677329658,3.9746725159944870
122,36.408,3,3.974672515994487,5.2995633546593160
76,36.32,4,5.299563354659316,6.6244541933241450
74,36.15322580645161,2,2.649781677329658,3.9746725159944870
210,35.975,0,0E-15,1.3248908386648290
129,35.24,4,5.299563354659316,6.6244541933241450
122,35.046,2,2.649781677329658,3.9746725159944870
109,34.83578947368421,1,1.324890838664829,2.6497816773296580
247,34.81333333333333,3,3.974672515994487,5.2995633546593160
13,34.32,3,3.974672515994487,5.2995633546593160
44,34.31333333333333,0,0E-15,1.3248908386648290
71,34.17514285714286,2,2.649781677329658,3.9746725159944870
257,34.13333333333333,1,1.324890838664829,2.6497816773296580
4,34.099999999999994,1,1.324890838664829,2.6497816773296580
13,34.015,2,2.649781677329658,3.9746725159944870
199,33.96838383838384,0,0E-15,1.3248908386648290
20,33.78,1,1.324890838664829,2.6497816773296580
117,33.666666666666664,6,7.949345031988974,9.2742358706538030
13,33.636,0,0E-15,1.3248908386648290
156,33.52,1,1.324890838664829,2.6497816773296580
84,33.188,1,1.324890838664829,2.6497816773296580
35,32.896875,2,2.649781677329658,3.9746725159944870
17,32.821071428571436,0,0E-15,1.3248908386648290
74,32.678571428571416,1,1.324890838664829,2.6497816773296580
115,32.63333333333333,0,0E-15,1.3248908386648290
181,32.482000000000006,4,5.299563354659316,6.6244541933241450
156,32.26,2,2.649781677329658,3.9746725159944870
174,32.105,2,2.649781677329658,3.9746725159944870
69,31.940952380952368,0,0E-15,1.3248908386648290
70,31.625685618729133,2,2.649781677329658,3.9746725159944870
151,31.61333333333334,2,2.649781677329658,3.9746725159944870
174,31.34,3,3.974672515994487,5.2995633546593160
38,31.31,0,0E-15,1.3248908386648290
246,31.299999999999997,0,0E-15,1.3248908386648290
89,31.156666666666666,1,1.324890838664829,2.6497816773296580
88,30.74571428571429,1,1.324890838664829,2.6497816773296580
77,30.58,1,1.324890838664829,2.6497816773296580
156,30.275454545454544,0,0E-15,1.3248908386648290
179,29.922222222222224,0,0E-15,1.3248908386648290
28,29.6,1,1.324890838664829,2.6497816773296580
70,29.59207269155203,1,1.324890838664829,2.6497816773296580
35,29.554285714285715,4,5.299563354659316,6.6244541933241450
57,29.5409375,0,0E-15,1.3248908386648290
150,29.528054054054046,1,1.324890838664829,2.6497816773296580
133,29.282222222222224,4,5.299563354659316,6.6244541933241450
252,29.2725,1,1.324890838664829,2.6497816773296580
199,29.256867469879513,3,3.974672515994487,5.2995633546593160
216,29.1975,2,2.649781677329658,3.9746725159944870
238,29.17,1,1.324890838664829,2.6497816773296580
7,29.090000000000003,3,3.974672515994487,5.2995633546593160
175,29.057500000000005,4,5.299563354659316,6.6244541933241450
238,29.05,2,2.649781677329658,3.9746725159944870
223,28.971071428571435,0,0E-15,1.3248908386648290
169,28.8,0,0E-15,1.3248908386648290
37,28.73470588235294,0,0E-15,1.3248908386648290
99,28.636999999999993,0,0E-15,1.3248908386648290
208,28.62,3,3.974672515994487,5.2995633546593160
58,28.489655172413794,2,2.649781677329658,3.9746725159944870
251,28.03,3,3.974672515994487,5.2995633546593160
242,27.916666666666668,2,2.649781677329658,3.9746725159944870
175,27.877142857142854,2,2.649781677329658,3.9746725159944870
70,27.80738911988943,0,0E-15,1.3248908386648290
28,27.799999999999997,4,5.299563354659316,6.6244541933241450
52,27.709999999999997,1,1.324890838664829,2.6497816773296580
67,27.41333333333333,3,3.974672515994487,5.2995633546593160
52,27.383333333333333,3,3.974672515994487,5.2995633546593160
12,27.383076923076924,0,0E-15,1.3248908386648290
240,27.345000000000002,5,6.624454193324145,7.9493450319889740
194,27.294999999999998,1,1.324890838664829,2.6497816773296580
177,27.294999999999998,0,0E-15,1.3248908386648290
29,27.101034482758624,0,0E-15,1.3248908386648290
63,26.91,4,5.299563354659316,6.6244541933241450
203,26.9,1,1.324890838664829,2.6497816773296580
12,26.8,4,5.299563354659316,6.6244541933241450
182,26.799999999999997,1,1.324890838664829,2.6497816773296580
19,26.704444444444444,1,1.324890838664829,2.6497816773296580
224,26.65,0,0E-15,1.3248908386648290
244,26.60041666666667,0,0E-15,1.3248908386648290
184,26.54125,0,0E-15,1.3248908386648290
74,26.49345454545455,3,3.974672515994487,5.2995633546593160
63,26.408235294117645,3,3.974672515994487,5.2995633546593160
58,26.399775280898872,1,1.324890838664829,2.6497816773296580
71,26.36798742138363,1,1.324890838664829,2.6497816773296580
58,26.346071428571435,3,3.974672515994487,5.2995633546593160
230,26.232857142857142,1,1.324890838664829,2.6497816773296580
74,26.042307692307695,4,5.299563354659316,6.6244541933241450
103,25.937252747252735,0,0E-15,1.3248908386648290
63,25.89882352941177,1,1.324890838664829,2.6497816773296580
47,25.88875,1,1.324890838664829,2.6497816773296580
58,25.873290155440447,0,0E-15,1.3248908386648290
133,25.76379310344828,3,3.974672515994487,5.2995633546593160
26,25.630909090909096,3,3.974672515994487,5.2995633546593160
208,25.592,2,2.649781677329658,3.9746725159944870
59,25.562499999999996,0,0E-15,1.3248908386648290
133,25.500666666666667,2,2.649781677329658,3.9746725159944870
20,25.466666666666665,3,3.974672515994487,5.2995633546593160
31,25.386000000000003,4,5.299563354659316,6.6244541933241450
95,25.305,2,2.649781677329658,3.9746725159944870
57,25.3,4,5.299563354659316,6.6244541933241450
89,25.24411764705882,0,0E-15,1.3248908386648290
230,25.215000000000003,2,2.649781677329658,3.9746725159944870
109,25.1,4,5.299563354659316,6.6244541933241450
28,25.095000000000002,0,0E-15,1.3248908386648290
133,25.09223880597014,1,1.324890838664829,2.6497816773296580
251,25.07,2,2.649781677329658,3.9746725159944870
44,24.966666666666665,1,1.324890838664829,2.6497816773296580
212,24.962727272727275,2,2.649781677329658,3.9746725159944870
238,24.932,4,5.299563354659316,6.6244541933241450
150,24.88501091703061,0,0E-15,1.3248908386648290
91,24.821388888888894,2,2.649781677329658,3.9746725159944870
52,24.748749999999998,2,2.649781677329658,3.9746725159944870
99,24.675,1,1.324890838664829,2.6497816773296580
95,24.6375,4,5.299563354659316,6.6244541933241450
91,24.549440745672495,0,0E-15,1.3248908386648290
223,24.5375,1,1.324890838664829,2.6497816773296580
91,24.513687943262394,1,1.324890838664829,2.6497816773296580
24,24.466666666666665,0,0E-15,1.3248908386648290
9,24.385185185185183,1,1.324890838664829,2.6497816773296580
86,24.35635294117646,2,2.649781677329658,3.9746725159944870
133,24.32988980716257,0,0E-15,1.3248908386648290
63,24.27622119815667,0,0E-15,1.3248908386648290
120,24.192857142857143,0,0E-15,1.3248908386648290
150,24.07333333333333,2,2.649781677329658,3.9746725159944870
251,24.05666666666667,1,1.324890838664829,2.6497816773296580
74,23.994943181818233,0,0E-15,1.3248908386648290
26,23.60928571428571,1,1.324890838664829,2.6497816773296580
257,23.466666666666665,2,2.649781677329658,3.9746725159944870
26,23.316478873239436,0,0E-15,1.3248908386648290
238,23.31,3,3.974672515994487,5.2995633546593160
256,23.30666666666667,2,2.649781677329658,3.9746725159944870
37,23.299999999999997,1,1.324890838664829,2.6497816773296580
159,23.299534883720927,0,0E-15,1.3248908386648290
150,23.298118811881185,3,3.974672515994487,5.2995633546593160
88,23.280693641618477,0,0E-15,1.3248908386648290
125,23.265,1,1.324890838664829,2.6497816773296580
0,23.195,1,1.324890838664829,2.6497816773296580
91,23.127741935483872,3,3.974672515994487,5.2995633546593160
58,23.123684210526317,4,5.299563354659316,6.6244541933241450
50,23.112903225806452,0,0E-15,1.3248908386648290
191,22.990666666666687,2,2.649781677329658,3.9746725159944870
70,22.961976744186035,4,5.299563354659316,6.6244541933241450
94,22.89176470588236,4,5.299563354659316,6.6244541933241450
70,22.838325203252086,3,3.974672515994487,5.2995633546593160
97,22.780763888888877,0,0E-15,1.3248908386648290
202,22.767142857142858,0,0E-15,1.3248908386648290
175,22.646448598130835,0,0E-15,1.3248908386648290
66,22.636666666666667,0,0E-15,1.3248908386648290
9,22.55,3,3.974672515994487,5.2995633546593160
244,22.549999999999997,3,3.974672515994487,5.2995633546593160
228,22.516041666666652,2,2.649781677329658,3.9746725159944870
249,22.466666666666665,4,5.299563354659316,6.6244541933241450
35,22.39276595744681,1,1.324890838664829,2.6497816773296580
234,22.307407407407407,0,0E-15,1.3248908386648290
76,22.3,2,2.649781677329658,3.9746725159944870
134,22.237602040816345,0,0E-15,1.3248908386648290
35,22.23333333333333,3,3.974672515994487,5.2995633546593160
198,22.206326530612248,4,5.299563354659316,6.6244541933241450
198,22.041341463414614,1,1.324890838664829,2.6497816773296580
152,21.945555555555554,3,3.974672515994487,5.2995633546593160
230,21.939767441860468,0,0E-15,1.3248908386648290
109,21.92252475247524,0,0E-15,1.3248908386648290
9,21.911677631578957,0,0E-15,1.3248908386648290
99,21.88,2,2.649781677329658,3.9746725159944870
125,21.873846153846156,0,0E-15,1.3248908386648290
35,21.817652582159603,0,0E-15,1.3248908386648290
52,21.76186813186812,0,0E-15,1.3248908386648290
222,21.68846153846154,0,0E-15,1.3248908386648290
69,21.63333333333333,2,2.649781677329658,3.9746725159944870
53,21.590512820512807,1,1.324890838664829,2.6497816773296580
234,21.550909090909094,1,1.324890838664829,2.6497816773296580
29,21.503333333333334,1,1.324890838664829,2.6497816773296580
197,21.488725490196074,1,1.324890838664829,2.6497816773296580
94,21.4259793814433,3,3.974672515994487,5.2995633546593160
212,21.375999999999998,1,1.324890838664829,2.6497816773296580
184,21.36,2,2.649781677329658,3.9746725159944870
90,21.3,3,3.974672515994487,5.2995633546593160
97,21.134999999999998,4,5.299563354659316,6.6244541933241450
206,21.088865979381442,1,1.324890838664829,2.6497816773296580
23,21.088461538461537,2,2.649781677329658,3.9746725159944870
53,21.04684210526316,2,2.649781677329658,3.9746725159944870
212,20.99599999999998,0,0E-15,1.3248908386648290
129,20.979000000000003,1,1.324890838664829,2.6497816773296580
53,20.945761421319833,0,0E-15,1.3248908386648290
181,20.923846153846153,1,1.324890838664829,2.6497816773296580
29,20.863999999999997,3,3.974672515994487,5.2995633546593160
73,20.853333333333335,1,1.324890838664829,2.6497816773296580
222,20.848888888888887,3,3.974672515994487,5.2995633546593160
94,20.846812227074224,1,1.324890838664829,2.6497816773296580
162,20.834999999999997,4,5.299563354659316,6.6244541933241450
198,20.8302816901409,0,0E-15,1.3248908386648290
129,20.830000000000002,0,0E-15,1.3248908386648290
9,20.804285714285715,4,5.299563354659316,6.6244541933241450
77,20.8,4,5.299563354659316,6.6244541933241450
97,20.699166666666667,3,3.974672515994487,5.2995633546593160
177,20.653333333333332,1,1.324890838664829,2.6497816773296580
147,20.642500000000002,3,3.974672515994487,5.2995633546593160
174,20.597241379310347,0,0E-15,1.3248908386648290
53,20.58545454545455,4,5.299563354659316,6.6244541933241450
228,20.554712990936583,1,1.324890838664829,2.6497816773296580
94,20.509038461538463,2,2.649781677329658,3.9746725159944870
255,20.496666666666666,4,5.299563354659316,6.6244541933241450
161,20.48945205479452,2,2.649781677329658,3.9746725159944870
-1,20.398095458758515,2,2.649781677329658,3.9746725159944870
247,20.390200000000004,0,0E-15,1.3248908386648290
194,20.375999999999998,3,3.974672515994487,5.2995633546593160
60,20.353333333333335,0,0E-15,1.3248908386648290
212,20.331,4,5.299563354659316,6.6244541933241450
103,20.32,2,2.649781677329658,3.9746725159944870
122,20.3,4,5.299563354659316,6.6244541933241450
34,20.3,4,5.299563354659316,6.6244541933241450
126,20.25270742358077,1,1.324890838664829,2.6497816773296580
-1,20.21744494425813,1,1.324890838664829,2.6497816773296580
228,20.200466132556407,0,0E-15,1.3248908386648290
85,20.197783913848365,1,1.324890838664829,2.6497816773296580
249,20.0511320754717,0,0E-15,1.3248908386648290
51,20.049063829787222,4,5.299563354659316,6.6244541933241450
134,20.043333333333337,1,1.324890838664829,2.6497816773296580
197,20.03190860215056,0,0E-15,1.3248908386648290
85,20.02922326832554,4,5.299563354659316,6.6244541933241450
23,20.01155555555556,1,1.324890838664829,2.6497816773296580
168,20.003333333333334,0,0E-15,1.3248908386648290
85,19.960505386451565,3,3.974672515994487,5.2995633546593160
255,19.946666666666665,2,2.649781677329658,3.9746725159944870
85,19.912140412448366,0,0E-15,1.3248908386648290
134,19.887857142857143,3,3.974672515994487,5.2995633546593160
228,19.843777777777778,4,5.299563354659316,6.6244541933241450
234,19.8,2,2.649781677329658,3.9746725159944870
245,19.770634920634865,1,1.324890838664829,2.6497816773296580
94,19.744420289855064,0,0E-15,1.3248908386648290
118,19.721764705882354,3,3.974672515994487,5.2995633546593160
86,19.68697947214077,1,1.324890838664829,2.6497816773296580
132,19.607500000000005,2,2.649781677329658,3.9746725159944870
245,19.594959064327547,3,3.974672515994487,5.2995633546593160
197,19.560000000000002,2,2.649781677329658,3.9746725159944870
216,19.55,4,5.299563354659316,6.6244541933241450
85,19.53844915481657,2,2.649781677329658,3.9746725159944870
249,19.5125,3,3.974672515994487,5.2995633546593160
198,19.409687499999993,3,3.974672515994487,5.2995633546593160
17,19.4075,4,5.299563354659316,6.6244541933241450
213,19.400476190476194,0,0E-15,1.3248908386648290
256,19.348661417322834,0,0E-15,1.3248908386648290
95,19.302,1,1.324890838664829,2.6497816773296580
7,19.298043478260873,0,0E-15,1.3248908386648290
245,19.289130434782642,2,2.649781677329658,3.9746725159944870
158,19.28125,2,2.649781677329658,3.9746725159944870
201,19.27918032786885,1,1.324890838664829,2.6497816773296580
206,19.237245119305875,0,0E-15,1.3248908386648290
134,19.175555555555555,4,5.299563354659316,6.6244541933241450
155,19.159322033898302,1,1.324890838664829,2.6497816773296580
228,19.13902777777777,3,3.974672515994487,5.2995633546593160
31,19.133869969040266,0,0E-15,1.3248908386648290
201,19.126888888888892,3,3.974672515994487,5.2995633546593160
237,19.11642857142857,3,3.974672515994487,5.2995633546593160
73,19.093333333333334,2,2.649781677329658,3.9746725159944870
53,19.09253968253968,3,3.974672515994487,5.2995633546593160
126,19.06535868625756,0,0E-15,1.3248908386648290
255,19.063243243243242,3,3.974672515994487,5.2995633546593160
160,19.053333333333335,1,1.324890838664829,2.6497816773296580
8,18.999957721247707,1,1.324890838664829,2.6497816773296580
86,18.98725352112676,0,0E-15,1.3248908386648290
132,18.965891472868215,1,1.324890838664829,2.6497816773296580
194,18.96,4,5.299563354659316,6.6244541933241450
126,18.937599999999996,2,2.649781677329658,3.9746725159944870
118,18.931696969696954,0,0E-15,1.3248908386648290
256,18.897142857142857,3,3.974672515994487,5.2995633546593160
95,18.845806451612905,0,0E-15,1.3248908386648290
8,18.841255272913504,3,3.974672515994487,5.2995633546593160
201,18.834285714285716,4,5.299563354659316,6.6244541933241450
8,18.831616666665468,0,0E-15,1.3248908386648290
30,18.814504950495063,2,2.649781677329658,3.9746725159944870
64,18.771913043478254,2,2.649781677329658,3.9746725159944870
206,18.742173913043477,2,2.649781677329658,3.9746725159944870
-1,18.675729726164146,0,0E-15,1.3248908386648290
30,18.610583232077808,3,3.974672515994487,5.2995633546593160
139,18.597727272727273,0,0E-15,1.3248908386648290
17,18.586666666666666,2,2.649781677329658,3.9746725159944870
163,18.556,4,5.299563354659316,6.6244541933241450
30,18.53294374454328,0,0E-15,1.3248908386648290
129,18.525000000000002,3,3.974672515994487,5.2995633546593160
197,18.504200000000004,3,3.974672515994487,5.2995633546593160
245,18.47061858132366,0,0E-15,1.3248908386648290
197,18.470526315789474,4,5.299563354659316,6.6244541933241450
242,18.465806451612906,0,0E-15,1.3248908386648290
69,18.463,1,1.324890838664829,2.6497816773296580
103,18.453333333333333,4,5.299563354659316,6.6244541933241450
153,18.427777777777777,0,0E-15,1.3248908386648290
160,18.423846153846153,2,2.649781677329658,3.9746725159944870
143,18.410234321157592,1,1.324890838664829,2.6497816773296580
84,18.409411764705883,0,0E-15,1.3248908386648290
191,18.372773109243745,1,1.324890838664829,2.6497816773296580
8,18.352822138944738,4,5.299563354659316,6.6244541933241450
161,18.314721189591054,1,1.324890838664829,2.6497816773296580
216,18.30071428571429,3,3.974672515994487,5.2995633546593160
130,18.299999999999997,1,1.324890838664829,2.6497816773296580
135,18.222459016393437,1,1.324890838664829,2.6497816773296580
36,18.21502994011975,4,5.299563354659316,6.6244541933241450
8,18.20972089694634,2,2.649781677329658,3.9746725159944870
117,18.17,5,6.624454193324145,7.9493450319889740
152,18.14,2,2.649781677329658,3.9746725159944870
206,18.135348837209307,3,3.974672515994487,5.2995633546593160
203,18.135192307692304,0,0E-15,1.3248908386648290
255,18.085945945945948,1,1.324890838664829,2.6497816773296580
165,18.085,3,3.974672515994487,5.2995633546593160
68,18.068204633204513,1,1.324890838664829,2.6497816773296580
73,18.06744186046512,0,0E-15,1.3248908386648290
112,18.05,3,3.974672515994487,5.2995633546593160
144,18.041428571428572,4,5.299563354659316,6.6244541933241450
63,18.04090909090909,2,2.649781677329658,3.9746725159944870
143,18.006594005449656,2,2.649781677329658,3.9746725159944870
64,17.999869383489997,0,0E-15,1.3248908386648290
19,17.978571428571428,3,3.974672515994487,5.2995633546593160
109,17.978421052631578,3,3.974672515994487,5.2995633546593160
30,17.97803827751197,4,5.299563354659316,6.6244541933241450
0,17.96666666666667,3,3.974672515994487,5.2995633546593160
51,17.954346281383003,0,0E-15,1.3248908386648290
245,17.9188888888889,4,5.299563354659316,6.6244541933241450
161,17.91673469387755,3,3.974672515994487,5.2995633546593160
132,17.88666666666667,4,5.299563354659316,6.6244541933241450
252,17.880294117647065,0,0E-15,1.3248908386648290
18,17.871249999999996,2,2.649781677329658,3.9746725159944870
191,17.847808988764033,4,5.299563354659316,6.6244541933241450
146,17.8,1,1.324890838664829,2.6497816773296580
223,17.7725,3,3.974672515994487,5.2995633546593160
155,17.765789473684215,3,3.974672515994487,5.2995633546593160
31,17.75846153846154,3,3.974672515994487,5.2995633546593160
64,17.754796747967465,3,3.974672515994487,5.2995633546593160
68,17.74429064847671,0,0E-15,1.3248908386648290
64,17.71114285714287,1,1.324890838664829,2.6497816773296580
28,17.708,3,3.974672515994487,5.2995633546593160
36,17.681726873495055,0,0E-15,1.3248908386648290
71,17.66636363636364,4,5.299563354659316,6.6244541933241450
51,17.663125,3,3.974672515994487,5.2995633546593160
30,17.660740498034045,1,1.324890838664829,2.6497816773296580
71,17.653952434881155,0,0E-15,1.3248908386648290
212,17.650000000000002,3,3.974672515994487,5.2995633546593160
220,17.568505747126437,2,2.649781677329658,3.9746725159944870
192,17.564117647058826,4,5.299563354659316,6.6244541933241450
220,17.530898203592805,3,3.974672515994487,5.2995633546593160
-1,17.521186668158354,3,3.974672515994487,5.2995633546593160
79,17.513658536585357,2,2.649781677329658,3.9746725159944870
121,17.511111111111113,0,0E-15,1.3248908386648290
51,17.505850000000038,1,1.324890838664829,2.6497816773296580
19,17.492,4,5.299563354659316,6.6244541933241450
243,17.479,2,2.649781677329658,3.9746725159944870
68,17.474019230769255,4,5.299563354659316,6.6244541933241450
68,17.451178509532095,2,2.649781677329658,3.9746725159944870
191,17.440955555555565,3,3.974672515994487,5.2995633546593160
47,17.394444444444446,0,0E-15,1.3248908386648290
51,17.38346491228069,2,2.649781677329658,3.9746725159944870
79,17.36748344370859,3,3.974672515994487,5.2995633546593160
71,17.362698412698414,3,3.974672515994487,5.2995633546593160
126,17.36146341463415,4,5.299563354659316,6.6244541933241450
152,17.35909090909091,1,1.324890838664829,2.6497816773296580
135,17.34266666666667,3,3.974672515994487,5.2995633546593160
158,17.342187499999987,0,0E-15,1.3248908386648290
68,17.32242424242431,3,3.974672515994487,5.2995633546593160
132,17.314592326139152,0,0E-15,1.3248908386648290
191,17.3007703213608,0,0E-15,1.3248908386648290
59,17.3,1,1.324890838664829,2.6497816773296580
177,17.3,2,2.649781677329658,3.9746725159944870
182,17.279629629629632,0,0E-15,1.3248908386648290
91,17.271612903225805,4,5.299563354659316,6.6244541933241450
147,17.252000000000002,4,5.299563354659316,6.6244541933241450
243,17.222,4,5.299563354659316,6.6244541933241450
144,17.200714285714287,1,1.324890838664829,2.6497816773296580
181,17.191188811188802,0,0E-15,1.3248908386648290
64,17.182872340425533,4,5.299563354659316,6.6244541933241450
198,17.180000000000003,2,2.649781677329658,3.9746725159944870
36,17.163703433162908,1,1.324890838664829,2.6497816773296580
26,17.16,2,2.649781677329658,3.9746725159944870
33,17.1443295019157,2,2.649781677329658,3.9746725159944870
152,17.133333333333322,0,0E-15,1.3248908386648290
86,17.086612903225802,3,3.974672515994487,5.2995633546593160
227,17.06927783350041,1,1.324890838664829,2.6497816773296580
62,17.049130434782608,0,0E-15,1.3248908386648290
61,17.031068702290124,1,1.324890838664829,2.6497816773296580
18,17.019137931034486,0,0E-15,1.3248908386648290
216,17.016758620689643,0,0E-15,1.3248908386648290
175,17.0125,3,3.974672515994487,5.2995633546593160
227,17.008178752107955,2,2.649781677329658,3.9746725159944870
143,17.004817048652864,3,3.974672515994487,5.2995633546593160
201,16.969583333333336,2,2.649781677329658,3.9746725159944870
220,16.94333333333334,1,1.324890838664829,2.6497816773296580
79,16.926890510948958,1,1.324890838664829,2.6497816773296580
93,16.841500000000003,3,3.974672515994487,5.2995633546593160
135,16.83764705882353,2,2.649781677329658,3.9746725159944870
125,16.8,4,5.299563354659316,6.6244541933241450
55,16.790285714285716,2,2.649781677329658,3.9746725159944870
135,16.783268608414254,0,0E-15,1.3248908386648290
193,16.778958333333335,4,5.299563354659316,6.6244541933241450
143,16.75659784560151,4,5.299563354659316,6.6244541933241450
227,16.74930409506787,0,0E-15,1.3248908386648290
238,16.748311688311688,0,0E-15,1.3248908386648290
103,16.743333333333336,3,3.974672515994487,5.2995633546593160
243,16.704146341463417,1,1.324890838664829,2.6497816773296580
36,16.70207126948776,2,2.649781677329658,3.9746725159944870
203,16.7,2,2.649781677329658,3.9746725159944870
46,16.671941747572813,0,0E-15,1.3248908386648290
118,16.66755555555556,1,1.324890838664829,2.6497816773296580
22,16.62455526083106,0,0E-15,1.3248908386648290
255,16.612387543252584,0,0E-15,1.3248908386648290
180,16.602647702407005,2,2.649781677329658,3.9746725159944870
181,16.599999999999998,2,2.649781677329658,3.9746725159944870
175,16.584230769230768,1,1.324890838664829,2.6497816773296580
65,16.554611872146104,2,2.649781677329658,3.9746725159944870
252,16.549999999999997,3,3.974672515994487,5.2995633546593160
126,16.54306451612903,3,3.974672515994487,5.2995633546593160
36,16.54050980392161,3,3.974672515994487,5.2995633546593160
193,16.539857142857215,0,0E-15,1.3248908386648290
55,16.533129770992357,1,1.324890838664829,2.6497816773296580
180,16.518445054944994,1,1.324890838664829,2.6497816773296580
55,16.517220573689492,0,0E-15,1.3248908386648290
45,16.484714452214238,1,1.324890838664829,2.6497816773296580
181,16.476190476190474,3,3.974672515994487,5.2995633546593160
192,16.474642857142857,2,2.649781677329658,3.9746725159944870
156,16.466666666666665,3,3.974672515994487,5.2995633546593160
113,16.46128617363347,3,3.974672515994487,5.2995633546593160
193,16.44139784946237,3,3.974672515994487,5.2995633546593160
201,16.424527363184094,0,0E-15,1.3248908386648290
45,16.421422319474807,3,3.974672515994487,5.2995633546593160
247,16.421111111111113,1,1.324890838664829,2.6497816773296580
0,16.398695652173917,0,0E-15,1.3248908386648290
188,16.37736842105263,4,5.299563354659316,6.6244541933241450
96,16.363004587155974,2,2.649781677329658,3.9746725159944870
55,16.362727272727273,3,3.974672515994487,5.2995633546593160
237,16.34394230769231,0,0E-15,1.3248908386648290
113,16.336448863636356,2,2.649781677329658,3.9746725159944870
147,16.322941176470593,1,1.324890838664829,2.6497816773296580
29,16.3,4,5.299563354659316,6.6244541933241450
184,16.3,3,3.974672515994487,5.2995633546593160
194,16.287558139534884,0,0E-15,1.3248908386648290
103,16.275,1,1.324890838664829,2.6497816773296580
79,16.266654025670682,0,0E-15,1.3248908386648290
243,16.25424892703861,0,0E-15,1.3248908386648290
227,16.240305410122247,3,3.974672515994487,5.2995633546593160
180,16.238083538083583,3,3.974672515994487,5.2995633546593160
93,16.206666666666667,4,5.299563354659316,6.6244541933241450
22,16.198963878327056,1,1.324890838664829,2.6497816773296580
46,16.194347826086958,1,1.324890838664829,2.6497816773296580
162,16.167727272727262,0,0E-15,1.3248908386648290
151,16.166958762886587,0,0E-15,1.3248908386648290
22,16.155852534562218,3,3.974672515994487,5.2995633546593160
249,16.143333333333334,2,2.649781677329658,3.9746725159944870
145,16.134718948645872,1,1.324890838664829,2.6497816773296580
193,16.097500000000004,2,2.649781677329658,3.9746725159944870
61,16.09266666666666,4,5.299563354659316,6.6244541933241450
253,16.08883506055716,1,1.324890838664829,2.6497816773296580
113,16.080664652567993,1,1.324890838664829,2.6497816773296580
180,16.05545706371191,4,5.299563354659316,6.6244541933241450
45,16.048875453446247,4,5.299563354659316,6.6244541933241450
188,16.037403433476413,0,0E-15,1.3248908386648290
61,16.03673788745088,0,0E-15,1.3248908386648290
45,16.02773343974561,0,0E-15,1.3248908386648290
143,16.02296134751671,0,0E-15,1.3248908386648290
65,16.003254972875247,3,3.974672515994487,5.2995633546593160
33,15.989656319290528,1,1.324890838664829,2.6497816773296580
144,15.98943113772455,0,0E-15,1.3248908386648290
96,15.98225312934636,3,3.974672515994487,5.2995633546593160
132,15.971142857142864,3,3.974672515994487,5.2995633546593160
227,15.960828125000043,4,5.299563354659316,6.6244541933241450
15,15.931957671957681,2,2.649781677329658,3.9746725159944870
220,15.907378768020966,0,0E-15,1.3248908386648290
45,15.905638397017771,2,2.649781677329658,3.9746725159944870
216,15.899714285714289,1,1.324890838664829,2.6497816773296580
43,15.89853621881591,1,1.324890838664829,2.6497816773296580
93,15.897000000000002,1,1.324890838664829,2.6497816773296580
144,15.884600000000004,3,3.974672515994487,5.2995633546593160
22,15.862469135802456,2,2.649781677329658,3.9746725159944870
163,15.842000000000002,2,2.649781677329658,3.9746725159944870
236,15.840365296803638,3,3.974672515994487,5.2995633546593160
206,15.815714285714288,4,5.299563354659316,6.6244541933241450
105,15.811809954751118,3,3.974672515994487,5.2995633546593160
223,15.8,2,2.649781677329658,3.9746725159944870
184,15.8,1,1.324890838664829,2.6497816773296580
73,15.8,3,3.974672515994487,5.2995633546593160
119,15.795491329479757,0,0E-15,1.3248908386648290
22,15.793419913419898,4,5.299563354659316,6.6244541933241450
192,15.786844444444464,0,0E-15,1.3248908386648290
96,15.784231511254033,1,1.324890838664829,2.6497816773296580
236,15.77486607142859,1,1.324890838664829,2.6497816773296580
163,15.76875,3,3.974672515994487,5.2995633546593160
222,15.765,4,5.299563354659316,6.6244541933241450
180,15.76475061728427,0,0E-15,1.3248908386648290
235,15.74877589024405,1,1.324890838664829,2.6497816773296580
61,15.742387096774177,3,3.974672515994487,5.2995633546593160
141,15.738628454452464,2,2.649781677329658,3.9746725159944870
236,15.735891065456196,0,0E-15,1.3248908386648290
61,15.70054644808742,2,2.649781677329658,3.9746725159944870
141,15.672518518518359,1,1.324890838664829,2.6497816773296580
96,15.669720670391056,4,5.299563354659316,6.6244541933241450
145,15.667309919901701,2,2.649781677329658,3.9746725159944870
193,15.659684210526303,1,1.324890838664829,2.6497816773296580
43,15.656787190082573,2,2.649781677329658,3.9746725159944870
86,15.65271428571429,4,5.299563354659316,6.6244541933241450
253,15.638819663511878,3,3.974672515994487,5.2995633546593160
33,15.626392514158843,0,0E-15,1.3248908386648290
253,15.592084112149454,2,2.649781677329658,3.9746725159944870
229,15.58570798196929,1,1.324890838664829,2.6497816773296580
49,15.583935018050525,3,3.974672515994487,5.2995633546593160
-1,15.582083185211385,4,5.299563354659316,6.6244541933241450
145,15.580734941100106,0,0E-15,1.3248908386648290
113,15.579033613445366,4,5.299563354659316,6.6244541933241450
155,15.569885714285698,0,0E-15,1.3248908386648290
145,15.568809077810508,3,3.974672515994487,5.2995633546593160
220,15.566027397260276,4,5.299563354659316,6.6244541933241450
158,15.561333333333332,3,3.974672515994487,5.2995633546593160
145,15.55586595081384,4,5.299563354659316,6.6244541933241450
95,15.55,3,3.974672515994487,5.2995633546593160
43,15.547004419191742,3,3.974672515994487,5.2995633546593160
119,15.544848484848485,1,1.324890838664829,2.6497816773296580
235,15.494973761565872,0,0E-15,1.3248908386648290
112,15.484,0,0E-15,1.3248908386648290
135,15.483333333333333,4,5.299563354659316,6.6244541933241450
235,15.4731562080794,3,3.974672515994487,5.2995633546593160
210,15.466666666666669,1,1.324890838664829,2.6497816773296580
6,15.443657984145018,2,2.649781677329658,3.9746725159944870
96,15.42609462312213,0,0E-15,1.3248908386648290
253,15.420514511873403,4,5.299563354659316,6.6244541933241450
113,15.378521193092716,0,0E-15,1.3248908386648290
43,15.378289902279198,0,0E-15,1.3248908386648290
192,15.370891089108907,1,1.324890838664829,2.6497816773296580
65,15.358931960427833,0,0E-15,1.3248908386648290
236,15.356231884057964,2,2.649781677329658,3.9746725159944870
6,15.351673331282488,1,1.324890838664829,2.6497816773296580
105,15.350619834710768,1,1.324890838664829,2.6497816773296580
235,15.327554196036884,2,2.649781677329658,3.9746725159944870
253,15.322812640540851,0,0E-15,1.3248908386648290
235,15.321930508199275,4,5.299563354659316,6.6244541933241450
105,15.320159999999998,2,2.649781677329658,3.9746725159944870
157,15.318332501248081,1,1.324890838664829,2.6497816773296580
52,15.3,4,5.299563354659316,6.6244541933241450
200,15.3,0,0E-15,1.3248908386648290
229,15.29840486039396,2,2.649781677329658,3.9746725159944870
105,15.278078817733856,0,0E-15,1.3248908386648290
60,15.275,3,3.974672515994487,5.2995633546593160
130,15.268852459016392,0,0E-15,1.3248908386648290
33,15.260744680851051,4,5.299563354659316,6.6244541933241450
157,15.254151728552975,3,3.974672515994487,5.2995633546593160
33,15.247032520325215,3,3.974672515994487,5.2995633546593160
157,15.172322421247703,4,5.299563354659316,6.6244541933241450
118,15.16285714285714,2,2.649781677329658,3.9746725159944870
49,15.16159722222222,2,2.649781677329658,3.9746725159944870
43,15.154020694752461,4,5.299563354659316,6.6244541933241450
188,15.122500000000002,2,2.649781677329658,3.9746725159944870
229,15.120405328028621,3,3.974672515994487,5.2995633546593160
130,15.11,4,5.299563354659316,6.6244541933241450
105,15.093414634146345,4,5.299563354659316,6.6244541933241450
229,15.083329418673582,4,5.299563354659316,6.6244541933241450
65,15.060641025641011,4,5.299563354659316,6.6244541933241450
15,15.036106399383216,1,1.324890838664829,2.6497816773296580
259,15.032593750000078,1,1.324890838664829,2.6497816773296580
151,15.017777777777777,4,5.299563354659316,6.6244541933241450
141,14.99455345911953,3,3.974672515994487,5.2995633546593160
158,14.99258064516129,1,1.324890838664829,2.6497816773296580
56,14.983333333333334,3,3.974672515994487,5.2995633546593160
15,14.95615702479353,0,0E-15,1.3248908386648290
157,14.944456154614672,0,0E-15,1.3248908386648290
6,14.939500841278747,3,3.974672515994487,5.2995633546593160
6,14.929682955518647,0,0E-15,1.3248908386648290
165,14.929097744360897,0,0E-15,1.3248908386648290
65,14.928339622641571,1,1.324890838664829,2.6497816773296580
141,14.906338028169015,4,5.299563354659316,6.6244541933241450
237,14.902083333333335,1,1.324890838664829,2.6497816773296580
236,14.900777777777781,4,5.299563354659316,6.6244541933241450
141,14.895138528139109,0,0E-15,1.3248908386648290
259,14.874196175637241,0,0E-15,1.3248908386648290
15,14.8612606232295,3,3.974672515994487,5.2995633546593160
49,14.859185703758163,0,0E-15,1.3248908386648290
164,14.854431628262322,1,1.324890838664829,2.6497816773296580
112,14.853333333333333,1,1.324890838664829,2.6497816773296580
215,14.83732672963582,1,1.324890838664829,2.6497816773296580
172,14.832968359700397,1,1.324890838664829,2.6497816773296580
163,14.82650943396226,0,0E-15,1.3248908386648290
54,14.8,1,1.324890838664829,2.6497816773296580
182,14.8,2,2.649781677329658,3.9746725159944870
49,14.792355008787366,1,1.324890838664829,2.6497816773296580
157,14.763335043612043,2,2.649781677329658,3.9746725159944870
98,14.753333333333336,0,0E-15,1.3248908386648290
127,14.751654135338345,2,2.649781677329658,3.9746725159944870
117,14.751397281058296,1,1.324890838664829,2.6497816773296580
19,14.750165289256195,0,0E-15,1.3248908386648290
192,14.750000000000002,3,3.974672515994487,5.2995633546593160
161,14.72164603059,0,0E-15,1.3248908386648290
150,14.697058823529416,4,5.299563354659316,6.6244541933241450
49,14.696216216216218,4,5.299563354659316,6.6244541933241450
75,14.688383703046497,1,1.324890838664829,2.6497816773296580
17,14.681428571428569,3,3.974672515994487,5.2995633546593160
127,14.627046979865767,4,5.299563354659316,6.6244541933241450
154,14.58285991824078,1,1.324890838664829,2.6497816773296580
229,14.558163952251995,0,0E-15,1.3248908386648290
161,14.54629032258065,4,5.299563354659316,6.6244541933241450
259,14.528240270727597,3,3.974672515994487,5.2995633546593160
215,14.52072238050093,3,3.974672515994487,5.2995633546593160
172,14.511330244870994,4,5.299563354659316,6.6244541933241450
116,14.500723367881584,1,1.324890838664829,2.6497816773296580
259,14.484818481848166,4,5.299563354659316,6.6244541933241450
56,14.47013513513511,0,0E-15,1.3248908386648290
188,14.470000000000002,3,3.974672515994487,5.2995633546593160
6,14.455928994082893,4,5.299563354659316,6.6244541933241450
215,14.453517146413535,0,0E-15,1.3248908386648290
56,14.435283018867928,1,1.324890838664829,2.6497816773296580
75,14.427805264828052,2,2.649781677329658,3.9746725159944870
248,14.417504698442592,1,1.324890838664829,2.6497816773296580
172,14.415186960998168,0,0E-15,1.3248908386648290
215,14.398259580542744,2,2.649781677329658,3.9746725159944870
93,14.353721973094155,0,0E-15,1.3248908386648290
75,14.34186296851546,3,3.974672515994487,5.2995633546593160
163,14.340000000000002,1,1.324890838664829,2.6497816773296580
55,14.317837837837837,4,5.299563354659316,6.6244541933241450
121,14.3,3,3.974672515994487,5.2995633546593160
182,14.3,3,3.974672515994487,5.2995633546593160
47,14.3,2,2.649781677329658,3.9746725159944870
117,14.299675728070707,2,2.649781677329658,3.9746725159944870
215,14.295248236953366,4,5.299563354659316,6.6244541933241450
172,14.253970669617965,3,3.974672515994487,5.2995633546593160
151,14.232000000000003,1,1.324890838664829,2.6497816773296580
226,14.216902141582345,1,1.324890838664829,2.6497816773296580
164,14.184268162665218,3,3.974672515994487,5.2995633546593160
164,14.183696050980373,2,2.649781677329658,3.9746725159944870
172,14.178500986193255,2,2.649781677329658,3.9746725159944870
99,14.16,4,5.299563354659316,6.6244541933241450
171,14.138902258118154,1,1.324890838664829,2.6497816773296580
75,14.13313318557394,4,5.299563354659316,6.6244541933241450
117,14.127761366368594,3,3.974672515994487,5.2995633546593160
154,14.103341836731062,2,2.649781677329658,3.9746725159944870
127,14.096924643584321,0,0E-15,1.3248908386648290
248,14.092197762757262,2,2.649781677329658,3.9746725159944870
75,14.091693480087656,0,0E-15,1.3248908386648290
119,14.064999999999998,3,3.974672515994487,5.2995633546593160
23,14.06292428198434,0,0E-15,1.3248908386648290
114,14.055442060334027,1,1.324890838664829,2.6497816773296580
41,14.033669378691735,1,1.324890838664829,2.6497816773296580
116,13.984355057705208,2,2.649781677329658,3.9746725159944870
114,13.9781312858227,2,2.649781677329658,3.9746725159944870
154,13.97531940511174,3,3.974672515994487,5.2995633546593160
116,13.972238017871364,3,3.974672515994487,5.2995633546593160
164,13.966980280479996,0,0E-15,1.3248908386648290
248,13.924878797502332,3,3.974672515994487,5.2995633546593160
154,13.917662627982422,0,0E-15,1.3248908386648290
249,13.908888888888887,1,1.324890838664829,2.6497816773296580
248,13.898480711224492,4,5.299563354659316,6.6244541933241450
154,13.863941489927143,4,5.299563354659316,6.6244541933241450
164,13.859587891662407,4,5.299563354659316,6.6244541933241450
106,13.82390730859088,1,1.324890838664829,2.6497816773296580
41,13.8232268972625,2,2.649781677329658,3.9746725159944870
116,13.81764905660368,4,5.299563354659316,6.6244541933241450
171,13.813954629061797,2,2.649781677329658,3.9746725159944870
116,13.810270626245043,0,0E-15,1.3248908386648290
117,13.809676712110985,0,0E-15,1.3248908386648290
117,13.803383326217764,4,5.299563354659316,6.6244541933241450
248,13.783407197404372,0,0E-15,1.3248908386648290
171,13.744302969300241,3,3.974672515994487,5.2995633546593160
259,13.736130268199213,2,2.649781677329658,3.9746725159944870
226,13.708704784130724,4,5.299563354659316,6.6244541933241450
72,13.700676459219824,1,1.324890838664829,2.6497816773296580
87,13.693602265234455,1,1.324890838664829,2.6497816773296580
79,13.68043478260869,4,5.299563354659316,6.6244541933241450
18,13.67279069767442,1,1.324890838664829,2.6497816773296580
165,13.6724,1,1.324890838664829,2.6497816773296580
171,13.665788908765563,4,5.299563354659316,6.6244541933241450
171,13.650735525917344,0,0E-15,1.3248908386648290
41,13.629364493297626,3,3.974672515994487,5.2995633546593160
114,13.606949369296858,3,3.974672515994487,5.2995633546593160
83,13.59,4,5.299563354659316,6.6244541933241450
114,13.587917465184551,4,5.299563354659316,6.6244541933241450
136,13.578511451628367,1,1.324890838664829,2.6497816773296580
9,13.577692307692306,2,2.649781677329658,3.9746725159944870
252,13.55,2,2.649781677329658,3.9746725159944870
226,13.548291484716172,2,2.649781677329658,3.9746725159944870
226,13.545682732594042,0,0E-15,1.3248908386648290
41,13.514484746796827,4,5.299563354659316,6.6244541933241450
72,13.497280825791675,3,3.974672515994487,5.2995633546593160
41,13.496128095430656,0,0E-15,1.3248908386648290
127,13.494177949709874,1,1.324890838664829,2.6497816773296580
226,13.475330933259317,3,3.974672515994487,5.2995633546593160
147,13.463600000000003,0,0E-15,1.3248908386648290
114,13.459869876871274,0,0E-15,1.3248908386648290
106,13.453801305454318,2,2.649781677329658,3.9746725159944870
23,13.452,4,5.299563354659316,6.6244541933241450
106,13.45021577250148,3,3.974672515994487,5.2995633546593160
106,13.430168201350472,4,5.299563354659316,6.6244541933241450
48,13.415,4,5.299563354659316,6.6244541933241450
72,13.37020504393412,0,0E-15,1.3248908386648290
87,13.360282315622346,4,5.299563354659316,6.6244541933241450
130,13.354285714285714,3,3.974672515994487,5.2995633546593160
87,13.328243566305664,2,2.649781677329658,3.9746725159944870
243,13.322222222222221,3,3.974672515994487,5.2995633546593160
87,13.314712440292132,0,0E-15,1.3248908386648290
15,13.313840304182495,4,5.299563354659316,6.6244541933241450
87,13.304894312486928,3,3.974672515994487,5.2995633546593160
54,13.3,4,5.299563354659316,6.6244541933241450
106,13.299521122322332,0,0E-15,1.3248908386648290
72,13.287110187109965,2,2.649781677329658,3.9746725159944870
39,13.285439235537224,1,1.324890838664829,2.6497816773296580
136,13.283817909760714,2,2.649781677329658,3.9746725159944870
88,13.253125,3,3.974672515994487,5.2995633546593160
129,13.216666666666669,2,2.649781677329658,3.9746725159944870
159,13.21,3,3.974672515994487,5.2995633546593160
81,13.195,0,0E-15,1.3248908386648290
136,13.161483788346983,3,3.974672515994487,5.2995633546593160
127,13.154814814814797,3,3.974672515994487,5.2995633546593160
188,13.153185840707962,1,1.324890838664829,2.6497816773296580
240,13.136535486970308,1,1.324890838664829,2.6497816773296580
257,13.107522123893801,0,0E-15,1.3248908386648290
56,13.09125,4,5.299563354659316,6.6244541933241450
72,13.08387658694994,4,5.299563354659316,6.6244541933241450
136,13.02324878433419,4,5.299563354659316,6.6244541933241450
136,12.994888399200523,0,0E-15,1.3248908386648290
240,12.985986446102778,3,3.974672515994487,5.2995633546593160
118,12.978,4,5.299563354659316,6.6244541933241450
240,12.957917826239752,2,2.649781677329658,3.9746725159944870
39,12.937470981357455,4,5.299563354659316,6.6244541933241450
39,12.932972810187952,3,3.974672515994487,5.2995633546593160
151,12.927499999999998,3,3.974672515994487,5.2995633546593160
39,12.9263147943908,2,2.649781677329658,3.9746725159944870
165,12.91,4,5.299563354659316,6.6244541933241450
39,12.892550279772028,0,0E-15,1.3248908386648290
184,12.88,4,5.299563354659316,6.6244541933241450
239,12.850583684049354,1,1.324890838664829,2.6497816773296580
240,12.799578341597574,0,0E-15,1.3248908386648290
162,12.777333333333335,1,1.324890838664829,2.6497816773296580
232,12.77222222222222,3,3.974672515994487,5.2995633546593160
239,12.765481905020248,2,2.649781677329658,3.9746725159944870
240,12.761890433218335,4,5.299563354659316,6.6244541933241450
56,12.75,2,2.649781677329658,3.9746725159944870
160,12.725,0,0E-15,1.3248908386648290
239,12.661356668520174,3,3.974672515994487,5.2995633546593160
93,12.583750000000002,2,2.649781677329658,3.9746725159944870
239,12.581400129143132,0,0E-15,1.3248908386648290
239,12.521978508895483,4,5.299563354659316,6.6244541933241450
244,12.304999999999998,1,1.324890838664829,2.6497816773296580
76,12.3,3,3.974672515994487,5.2995633546593160
144,12.291818181818183,2,2.649781677329658,3.9746725159944870
155,12.243333333333334,4,5.299563354659316,6.6244541933241450
240,12.175,6,7.949345031988974,9.2742358706538030
165,12.154285714285717,2,2.649781677329658,3.9746725159944870
76,11.84,0,0E-15,1.3248908386648290
162,11.811666666666667,3,3.974672515994487,5.2995633546593160
241,11.8,4,5.299563354659316,6.6244541933241450
48,11.799999999999999,0,0E-15,1.3248908386648290
256,11.745714285714286,4,5.299563354659316,6.6244541933241450
23,11.665185185185187,3,3.974672515994487,5.2995633546593160
147,11.633333333333335,2,2.649781677329658,3.9746725159944870
46,11.617777777777778,2,2.649781677329658,3.9746725159944870
139,11.6,1,1.324890838664829,2.6497816773296580
26,11.583333333333334,4,5.299563354659316,6.6244541933241450
46,11.568,3,3.974672515994487,5.2995633546593160
224,11.3,2,2.649781677329658,3.9746725159944870
46,11.3,4,5.299563354659316,6.6244541933241450
18,11.16,4,5.299563354659316,6.6244541933241450
123,11.16,1,1.324890838664829,2.6497816773296580
5,11.128,0,0E-15,1.3248908386648290
134,11.0,2,2.649781677329658,3.9746725159944870
242,10.925,3,3.974672515994487,5.2995633546593160
0,10.8,4,5.299563354659316,6.6244541933241450
257,10.8,3,3.974672515994487,5.2995633546593160
81,10.8,2,2.649781677329658,3.9746725159944870
244,10.8,2,2.649781677329658,3.9746725159944870
60,10.79,1,1.324890838664829,2.6497816773296580
248,10.6,6,7.949345031988974,9.2742358706538030
160,10.494666666666665,3,3.974672515994487,5.2995633546593160
215,10.38,6,7.949345031988974,9.2742358706538030
158,10.3,4,5.299563354659316,6.6244541933241450
247,10.3,2,2.649781677329658,3.9746725159944870
242,10.3,1,1.324890838664829,2.6497816773296580
62,10.299999999999999,1,1.324890838664829,2.6497816773296580
75,10.1,6,7.949345031988974,9.2742358706538030
119,10.088571428571429,2,2.649781677329658,3.9746725159944870
18,10.05,3,3.974672515994487,5.2995633546593160
237,10.032,2,2.649781677329658,3.9746725159944870
62,10.001666666666667,2,2.649781677329658,3.9746725159944870
239,9.85,5,6.624454193324145,7.9493450319889740
241,9.8,2,2.649781677329658,3.9746725159944870
202,9.8,2,2.649781677329658,3.9746725159944870
12,9.8,1,1.324890838664829,2.6497816773296580
67,9.8,1,1.324890838664829,2.6497816773296580
125,9.8,2,2.649781677329658,3.9746725159944870
203,9.8,4,5.299563354659316,6.6244541933241450
41,9.75,5,6.624454193324145,7.9493450319889740
88,9.72,4,5.299563354659316,6.6244541933241450
162,9.466666666666667,2,2.649781677329658,3.9746725159944870
90,9.3,2,2.649781677329658,3.9746725159944870
112,9.3,2,2.649781677329658,3.9746725159944870
13,9.3,4,5.299563354659316,6.6244541933241450
19,9.209999999999999,2,2.649781677329658,3.9746725159944870
241,9.175,1,1.324890838664829,2.6497816773296580
57,8.87,3,3.974672515994487,5.2995633546593160
48,8.8,3,3.974672515994487,5.2995633546593160
230,8.8,3,3.974672515994487,5.2995633546593160
69,8.3,4,5.299563354659316,6.6244541933241450
205,8.3,2,2.649781677329658,3.9746725159944870
234,8.3,3,3.974672515994487,5.2995633546593160
85,8.3,6,7.949345031988974,9.2742358706538030
160,8.272,4,5.299563354659316,6.6244541933241450
130,8.213333333333333,2,2.649781677329658,3.9746725159944870
29,8.19,2,2.649781677329658,3.9746725159944870
72,8.1,5,6.624454193324145,7.9493450319889740
239,7.922,6,7.949345031988974,9.2742358706538030
182,7.8,4,5.299563354659316,6.6244541933241450
167,7.8,2,2.649781677329658,3.9746725159944870
204,7.55,2,2.649781677329658,3.9746725159944870
237,7.340000000000001,4,5.299563354659316,6.6244541933241450
7,7.33,4,5.299563354659316,6.6244541933241450
202,7.300000000000001,1,1.324890838664829,2.6497816773296580
241,7.3,3,3.974672515994487,5.2995633546593160
159,7.3,1,1.324890838664829,2.6497816773296580
73,6.8,4,5.299563354659316,6.6244541933241450
252,6.8,4,5.299563354659316,6.6244541933241450
102,6.8,3,3.974672515994487,5.2995633546593160
211,6.8,0,0E-15,1.3248908386648290
208,6.8,4,5.299563354659316,6.6244541933241450
207,6.8,0,0E-15,1.3248908386648290
203,6.392857142857143,3,3.974672515994487,5.2995633546593160
54,6.3,3,3.974672515994487,5.2995633546593160
37,6.3,3,3.974672515994487,5.2995633546593160
257,5.966666666666666,4,5.299563354659316,6.6244541933241450
225,5.8,0,0E-15,1.3248908386648290
146,5.8,0,0E-15,1.3248908386648290
234,5.3,4,5.299563354659316,6.6244541933241450
159,5.3,2,2.649781677329658,3.9746725159944870
210,4.56,4,5.299563354659316,6.6244541933241450
107,4.3,3,3.974672515994487,5.2995633546593160
246,3.8,1,1.324890838664829,2.6497816773296580
148,3.3,1,1.324890838664829,2.6497816773296580
80,3.3,0,0E-15,1.3248908386648290
251,3.3,4,5.299563354659316,6.6244541933241450
170,0.31,3,3.974672515994487,5.2995633546593160
140,0.0,0,0E-15,1.3248908386648290
