pickup_zone,avg_total_amount,bkt_tip_percentage,val_start,val_end
82,1040.76,901,0.46433506189541446,0.552900731590414920
228,902.8,906,0.90716341037041676,0.995729080065417220
69,852.8,906,0.90716341037041676,0.995729080065417220
241,371.3,906,0.90716341037041676,0.995729080065417220
5,368.04,898,0.19863805281041308,0.287203722505413540
82,335.72,898,0.19863805281041308,0.287203722505413540
143,322.27500000000003,906,0.90716341037041676,0.995729080065417220
158,303.8,906,0.90716341037041676,0.995729080065417220
199,303.3,906,0.90716341037041676,0.995729080065417220
123,280.0,903,0.64146640128541538,0.730032070980415840
68,251.3,906,0.90716341037041676,0.995729080065417220
14,230.96499999999997,898,0.19863805281041308,0.287203722505413540
210,220.3,907,0.99572908006541722,1.084294749760417680
83,214.34,896,0.02150671342041216,0.110072383115412620
32,210.43,897,0.11007238311541262,0.198638052810413080
183,202.45500000000004,897,0.11007238311541262,0.198638052810413080
32,200.8,904,0.73003207098041584,0.818597740675416300
148,197.38,896,0.02150671342041216,0.110072383115412620
1,194.3,904,0.73003207098041584,0.818597740675416300
179,175.8,896,0.02150671342041216,0.110072383115412620
127,173.20999999999998,906,0.90716341037041676,0.995729080065417220
43,172.79999999999998,906,0.90716341037041676,0.995729080065417220
74,163.8,906,0.90716341037041676,0.995729080065417220
9,163.3,905,0.81859774067541630,0.907163410370416760
171,153.8,906,0.90716341037041676,0.995729080065417220
248,150.31,907,0.99572908006541722,1.084294749760417680
131,148.46666666666667,907,0.99572908006541722,1.084294749760417680
82,134.84,899,0.28720372250541354,0.375769392200414000
248,130.15666666666667,906,0.90716341037041676,0.995729080065417220
17,123.99000000000001,901,0.46433506189541446,0.552900731590414920
-1,119.5,907,0.99572908006541722,1.084294749760417680
103,118.8,903,0.64146640128541538,0.730032070980415840
86,117.39999999999998,900,0.37576939220041400,0.464335061895414460
103,115.55000000000001,896,0.02150671342041216,0.110072383115412620
21,115.3,902,0.55290073159041492,0.641466401285415380
2,113.8,897,0.11007238311541262,0.198638052810413080
178,111.57000000000001,896,0.02150671342041216,0.110072383115412620
91,108.59,905,0.81859774067541630,0.907163410370416760
54,107.755,897,0.11007238311541262,0.198638052810413080
50,107.30000000000001,896,0.02150671342041216,0.110072383115412620
28,106.3,896,0.02150671342041216,0.110072383115412620
164,104.92500000000001,906,0.90716341037041676,0.995729080065417220
85,103.38333333333333,906,0.90716341037041676,0.995729080065417220
25,102.19999999999999,901,0.46433506189541446,0.552900731590414920
12,101.34,898,0.19863805281041308,0.287203722505413540
10,100.33666666666666,897,0.11007238311541262,0.198638052810413080
229,100.31,907,0.99572908006541722,1.084294749760417680
31,100.3,907,0.99572908006541722,1.084294749760417680
239,100.3,907,0.99572908006541722,1.084294749760417680
114,100.3,907,0.99572908006541722,1.084294749760417680
239,99.80681818181819,906,0.90716341037041676,0.995729080065417220
196,99.09,901,0.46433506189541446,0.552900731590414920
78,99.05600000000001,897,0.11007238311541262,0.198638052810413080
117,99.00666666666666,907,0.99572908006541722,1.084294749760417680
1,97.255,897,0.11007238311541262,0.198638052810413080
128,96.275,901,0.46433506189541446,0.552900731590414920
156,96.05,898,0.19863805281041308,0.287203722505413540
161,95.8,900,0.37576939220041400,0.464335061895414460
83,95.66499999999999,897,0.11007238311541262,0.198638052810413080
251,95.22,900,0.37576939220041400,0.464335061895414460
16,94.14,896,0.02150671342041216,0.110072383115412620
124,94.125,897,0.11007238311541262,0.198638052810413080
78,93.94,898,0.19863805281041308,0.287203722505413540
97,93.4657142857143,896,0.02150671342041216,0.110072383115412620
-1,93.312012195122,906,0.90716341037041676,0.995729080065417220
142,93.3,896,0.02150671342041216,0.110072383115412620
224,92.8,900,0.37576939220041400,0.464335061895414460
107,92.55000000000001,895,-0.06705895627458830,0.021506713420412160
122,92.44999999999999,901,0.46433506189541446,0.552900731590414920
195,91.83,896,0.02150671342041216,0.110072383115412620
182,91.82,896,0.02150671342041216,0.110072383115412620
117,91.50333333333333,906,0.90716341037041676,0.995729080065417220
154,91.48500000000001,907,0.99572908006541722,1.084294749760417680
82,91.38333333333333,895,-0.06705895627458830,0.021506713420412160
190,91.35,898,0.19863805281041308,0.287203722505413540
144,91.30000000000001,900,0.37576939220041400,0.464335061895414460
141,91.3,905,0.81859774067541630,0.907163410370416760
70,91.3,905,0.81859774067541630,0.907163410370416760
223,90.3,906,0.90716341037041676,0.995729080065417220
258,90.3,895,-0.06705895627458830,0.021506713420412160
258,90.3,897,0.11007238311541262,0.198638052810413080
32,90.0,896,0.02150671342041216,0.110072383115412620
251,89.84,899,0.28720372250541354,0.375769392200414000
208,89.70375,897,0.11007238311541262,0.198638052810413080
219,88.8,906,0.90716341037041676,0.995729080065417220
34,88.30000000000001,899,0.28720372250541354,0.375769392200414000
78,87.48,899,0.28720372250541354,0.375769392200414000
67,87.16666666666667,897,0.11007238311541262,0.198638052810413080
131,86.13109090909087,901,0.46433506189541446,0.552900731590414920
20,85.60333333333334,897,0.11007238311541262,0.198638052810413080
133,85.34,899,0.28720372250541354,0.375769392200414000
41,85.30250000000001,907,0.99572908006541722,1.084294749760417680
221,84.8,905,0.81859774067541630,0.907163410370416760
219,84.05,900,0.37576939220041400,0.464335061895414460
93,83.8,906,0.90716341037041676,0.995729080065417220
130,83.6,901,0.46433506189541446,0.552900731590414920
53,83.3,906,0.90716341037041676,0.995729080065417220
199,82.8,899,0.28720372250541354,0.375769392200414000
149,81.88,897,0.11007238311541262,0.198638052810413080
137,81.14692307692309,905,0.81859774067541630,0.907163410370416760
38,80.83,897,0.11007238311541262,0.198638052810413080
78,80.77,896,0.02150671342041216,0.110072383115412620
164,80.31,907,0.99572908006541722,1.084294749760417680
75,79.46125,906,0.90716341037041676,0.995729080065417220
131,79.26857142857143,902,0.55290073159041492,0.641466401285415380
51,78.8,902,0.55290073159041492,0.641466401285415380
41,78.6911111111111,906,0.90716341037041676,0.995729080065417220
219,77.86666666666667,903,0.64146640128541538,0.730032070980415840
83,75.84,898,0.19863805281041308,0.287203722505413540
199,75.09459459459458,898,0.19863805281041308,0.287203722505413540
142,74.38333333333334,897,0.11007238311541262,0.198638052810413080
219,74.19915151515156,896,0.02150671342041216,0.110072383115412620
154,74.03783783783783,906,0.90716341037041676,0.995729080065417220
113,73.55,906,0.90716341037041676,0.995729080065417220
92,73.548,899,0.28720372250541354,0.375769392200414000
141,73.305,906,0.90716341037041676,0.995729080065417220
2,73.3,896,0.02150671342041216,0.110072383115412620
79,73.3,904,0.73003207098041584,0.818597740675416300
221,73.19250000000001,896,0.02150671342041216,0.110072383115412620
195,73.05,895,-0.06705895627458830,0.021506713420412160
13,72.875,896,0.02150671342041216,0.110072383115412620
161,72.64000000000001,899,0.28720372250541354,0.375769392200414000
59,72.35,897,0.11007238311541262,0.198638052810413080
49,72.15555555555557,901,0.46433506189541446,0.552900731590414920
92,71.78245614035085,896,0.02150671342041216,0.110072383115412620
17,71.3,906,0.90716341037041676,0.995729080065417220
220,70.95,901,0.46433506189541446,0.552900731590414920
219,70.65541436464092,898,0.19863805281041308,0.287203722505413540
94,70.32,902,0.55290073159041492,0.641466401285415380
145,70.3,907,0.99572908006541722,1.084294749760417680
39,70.3,907,0.99572908006541722,1.084294749760417680
15,70.3,907,0.99572908006541722,1.084294749760417680
122,70.21666666666665,896,0.02150671342041216,0.110072383115412620
142,69.99,898,0.19863805281041308,0.287203722505413540
77,69.72,897,0.11007238311541262,0.198638052810413080
45,68.84,905,0.81859774067541630,0.907163410370416760
17,68.15599999999999,897,0.11007238311541262,0.198638052810413080
88,67.89625,898,0.19863805281041308,0.287203722505413540
92,67.84,906,0.90716341037041676,0.995729080065417220
219,67.73333333333333,902,0.55290073159041492,0.641466401285415380
128,67.11575609756105,896,0.02150671342041216,0.110072383115412620
137,67.01538461538462,903,0.64146640128541538,0.730032070980415840
215,66.98333333333333,906,0.90716341037041676,0.995729080065417220
75,66.64454545454545,905,0.81859774067541630,0.907163410370416760
92,66.60982014388495,897,0.11007238311541262,0.198638052810413080
53,66.3,900,0.37576939220041400,0.464335061895414460
31,66.25263157894737,901,0.46433506189541446,0.552900731590414920
109,66.0,906,0.90716341037041676,0.995729080065417220
106,65.958,906,0.90716341037041676,0.995729080065417220
186,65.872,897,0.11007238311541262,0.198638052810413080
219,65.78375565610861,897,0.11007238311541262,0.198638052810413080
47,65.415,898,0.19863805281041308,0.287203722505413540
128,65.41157377049177,897,0.11007238311541262,0.198638052810413080
92,65.35394736842105,898,0.19863805281041308,0.287203722505413540
131,65.30572852396946,898,0.19863805281041308,0.287203722505413540
192,65.3,903,0.64146640128541538,0.730032070980415840
71,65.3,906,0.90716341037041676,0.995729080065417220
183,65.07000000000001,895,-0.06705895627458830,0.021506713420412160
105,65.05,902,0.55290073159041492,0.641466401285415380
25,64.28589285714284,896,0.02150671342041216,0.110072383115412620
170,64.18,906,0.90716341037041676,0.995729080065417220
38,63.92,896,0.02150671342041216,0.110072383115412620
96,63.8,906,0.90716341037041676,0.995729080065417220
128,63.75688995215314,898,0.19863805281041308,0.287203722505413540
251,63.46352941176471,897,0.11007238311541262,0.198638052810413080
222,63.445,898,0.19863805281041308,0.287203722505413540
20,63.34,896,0.02150671342041216,0.110072383115412620
244,63.3,896,0.02150671342041216,0.110072383115412620
221,63.3,902,0.55290073159041492,0.641466401285415380
196,63.28642857142858,898,0.19863805281041308,0.287203722505413540
225,63.175,895,-0.06705895627458830,0.021506713420412160
229,63.174375,906,0.90716341037041676,0.995729080065417220
196,63.16960591133008,897,0.11007238311541262,0.198638052810413080
221,63.14144927536231,897,0.11007238311541262,0.198638052810413080
131,63.08752049611969,897,0.11007238311541262,0.198638052810413080
0,62.800000000000004,899,0.28720372250541354,0.375769392200414000
71,62.728571428571435,901,0.46433506189541446,0.552900731590414920
50,62.64,902,0.55290073159041492,0.641466401285415380
114,62.11500000000001,905,0.81859774067541630,0.907163410370416760
134,61.76777777777776,896,0.02150671342041216,0.110072383115412620
131,61.760000000000005,906,0.90716341037041676,0.995729080065417220
7,61.02,898,0.19863805281041308,0.287203722505413540
253,60.68571428571429,906,0.90716341037041676,0.995729080065417220
78,60.3,901,0.46433506189541446,0.552900731590414920
239,60.07649999999999,905,0.81859774067541630,0.907163410370416760
78,59.85909090909092,895,-0.06705895627458830,0.021506713420412160
178,59.85037037037037,898,0.19863805281041308,0.287203722505413540
234,59.70285714285715,897,0.11007238311541262,0.198638052810413080
33,59.575,903,0.64146640128541538,0.730032070980415840
131,59.34576923076922,900,0.37576939220041400,0.464335061895414460
135,59.34,899,0.28720372250541354,0.375769392200414000
131,59.324604008646034,896,0.02150671342041216,0.110072383115412620
97,59.3,905,0.81859774067541630,0.907163410370416760
20,59.1,898,0.19863805281041308,0.287203722505413540
14,58.855,897,0.11007238311541262,0.198638052810413080
248,58.705,905,0.81859774067541630,0.907163410370416760
49,58.55,905,0.81859774067541630,0.907163410370416760
77,58.29333333333333,898,0.19863805281041308,0.287203722505413540
33,58.177499999999995,906,0.90716341037041676,0.995729080065417220
230,58.15,896,0.02150671342041216,0.110072383115412620
128,58.068,899,0.28720372250541354,0.375769392200414000
217,57.74333333333333,897,0.11007238311541262,0.198638052810413080
46,57.2,901,0.46433506189541446,0.552900731590414920
25,57.178977272727295,897,0.11007238311541262,0.198638052810413080
122,57.14857142857143,897,0.11007238311541262,0.198638052810413080
90,56.97538461538461,895,-0.06705895627458830,0.021506713420412160
196,56.93413043478262,896,0.02150671342041216,0.110072383115412620
157,56.9,906,0.90716341037041676,0.995729080065417220
180,56.805,906,0.90716341037041676,0.995729080065417220
131,56.800500000000014,905,0.81859774067541630,0.907163410370416760
212,56.8,906,0.90716341037041676,0.995729080065417220
18,56.8,906,0.90716341037041676,0.995729080065417220
150,56.34,902,0.55290073159041492,0.641466401285415380
235,56.239999999999995,906,0.90716341037041676,0.995729080065417220
14,56.065999999999995,895,-0.06705895627458830,0.021506713420412160
131,56.05179039301318,899,0.28720372250541354,0.375769392200414000
191,56.05,902,0.55290073159041492,0.641466401285415380
61,56.0025,906,0.90716341037041676,0.995729080065417220
179,55.8,905,0.81859774067541630,0.907163410370416760
131,55.42153846153846,904,0.73003207098041584,0.818597740675416300
242,55.42,898,0.19863805281041308,0.287203722505413540
199,54.96842857142856,896,0.02150671342041216,0.110072383115412620
31,54.8,906,0.90716341037041676,0.995729080065417220
235,54.74166666666667,905,0.81859774067541630,0.907163410370416760
178,54.720212765957456,897,0.11007238311541262,0.198638052810413080
34,54.584,898,0.19863805281041308,0.287203722505413540
145,54.537499999999994,906,0.90716341037041676,0.995729080065417220
49,54.3,906,0.90716341037041676,0.995729080065417220
245,54.289090909090916,901,0.46433506189541446,0.552900731590414920
114,53.980714285714285,904,0.73003207098041584,0.818597740675416300
156,53.905,897,0.11007238311541262,0.198638052810413080
13,53.84,899,0.28720372250541354,0.375769392200414000
137,53.643859649122795,901,0.46433506189541446,0.552900731590414920
8,53.3,906,0.90716341037041676,0.995729080065417220
114,52.95666666666667,906,0.90716341037041676,0.995729080065417220
215,52.833333333333336,905,0.81859774067541630,0.907163410370416760
34,52.81999999999999,897,0.11007238311541262,0.198638052810413080
34,52.8,902,0.55290073159041492,0.641466401285415380
86,52.34,901,0.46433506189541446,0.552900731590414920
79,52.05,905,0.81859774067541630,0.907163410370416760
175,51.99444444444445,898,0.19863805281041308,0.287203722505413540
180,51.96666666666667,902,0.55290073159041492,0.641466401285415380
44,51.86,898,0.19863805281041308,0.287203722505413540
35,51.8,906,0.90716341037041676,0.995729080065417220
67,51.8,896,0.02150671342041216,0.110072383115412620
132,51.8,906,0.90716341037041676,0.995729080065417220
241,51.55,899,0.28720372250541354,0.375769392200414000
90,51.54666666666666,896,0.02150671342041216,0.110072383115412620
34,51.29999999999999,896,0.02150671342041216,0.110072383115412620
137,51.22315789473685,906,0.90716341037041676,0.995729080065417220
13,51.16875,898,0.19863805281041308,0.287203722505413540
178,51.14666666666667,899,0.28720372250541354,0.375769392200414000
96,50.89999999999999,905,0.81859774067541630,0.907163410370416760
208,50.8,905,0.81859774067541630,0.907163410370416760
245,50.633333333333326,906,0.90716341037041676,0.995729080065417220
70,50.46454545454546,899,0.28720372250541354,0.375769392200414000
152,50.32,899,0.28720372250541354,0.375769392200414000
25,50.275454545454544,898,0.19863805281041308,0.287203722505413540
221,50.1523076923077,898,0.19863805281041308,0.287203722505413540
128,50.05,904,0.73003207098041584,0.818597740675416300
243,49.95,899,0.28720372250541354,0.375769392200414000
94,49.88,906,0.90716341037041676,0.995729080065417220
188,49.8,901,0.46433506189541446,0.552900731590414920
154,49.5942857142857,905,0.81859774067541630,0.907163410370416760
199,49.3,900,0.37576939220041400,0.464335061895414460
13,49.208888888888886,897,0.11007238311541262,0.198638052810413080
15,49.12363636363637,906,0.90716341037041676,0.995729080065417220
58,49.11921052631579,896,0.02150671342041216,0.110072383115412620
53,48.84,899,0.28720372250541354,0.375769392200414000
41,48.44312499999999,905,0.81859774067541630,0.907163410370416760
5,48.41142857142857,895,-0.06705895627458830,0.021506713420412160
174,48.092,897,0.11007238311541262,0.198638052810413080
102,47.88,898,0.19863805281041308,0.287203722505413540
196,47.8,904,0.73003207098041584,0.818597740675416300
253,47.7,905,0.81859774067541630,0.907163410370416760
251,47.66,898,0.19863805281041308,0.287203722505413540
70,47.55333333333334,901,0.46433506189541446,0.552900731590414920
235,47.536363636363646,904,0.73003207098041584,0.818597740675416300
137,47.45290322580645,902,0.55290073159041492,0.641466401285415380
240,47.305,906,0.90716341037041676,0.995729080065417220
71,47.3,904,0.73003207098041584,0.818597740675416300
4,47.3,897,0.11007238311541262,0.198638052810413080
208,46.87428571428571,898,0.19863805281041308,0.287203722505413540
73,46.8,900,0.37576939220041400,0.464335061895414460
66,46.8,896,0.02150671342041216,0.110072383115412620
189,46.63,895,-0.06705895627458830,0.021506713420412160
57,46.52,896,0.02150671342041216,0.110072383115412620
118,46.34,899,0.28720372250541354,0.375769392200414000
259,46.31,906,0.90716341037041676,0.995729080065417220
212,46.3,899,0.28720372250541354,0.375769392200414000
68,46.26,905,0.81859774067541630,0.907163410370416760
137,46.23631336405538,899,0.28720372250541354,0.375769392200414000
58,46.007829457364345,897,0.11007238311541262,0.198638052810413080
8,45.914886363636334,901,0.46433506189541446,0.552900731590414920
82,45.8,897,0.11007238311541262,0.198638052810413080
55,45.8,904,0.73003207098041584,0.818597740675416300
31,45.61875,898,0.19863805281041308,0.287203722505413540
39,45.5775,905,0.81859774067541630,0.907163410370416760
116,45.56999999999999,906,0.90716341037041676,0.995729080065417220
137,45.50853734520945,898,0.19863805281041308,0.287203722505413540
63,45.49785714285714,896,0.02150671342041216,0.110072383115412620
52,45.39714285714286,898,0.19863805281041308,0.287203722505413540
238,45.24,898,0.19863805281041308,0.287203722505413540
4,45.09,896,0.02150671342041216,0.110072383115412620
131,45.049298551501,895,-0.06705895627458830,0.021506713420412160
175,45.022499999999994,899,0.28720372250541354,0.375769392200414000
71,44.925,903,0.64146640128541538,0.730032070980415840
159,44.92166666666666,897,0.11007238311541262,0.198638052810413080
96,44.90833333333333,901,0.46433506189541446,0.552900731590414920
65,44.7,904,0.73003207098041584,0.818597740675416300
137,44.62744680851061,900,0.37576939220041400,0.464335061895414460
50,44.49333333333333,898,0.19863805281041308,0.287203722505413540
92,44.39011811023628,895,-0.06705895627458830,0.021506713420412160
72,44.342,906,0.90716341037041676,0.995729080065417220
79,44.3,901,0.46433506189541446,0.552900731590414920
120,44.2,896,0.02150671342041216,0.110072383115412620
118,44.178749999999994,898,0.19863805281041308,0.287203722505413540
145,44.13444444444444,905,0.81859774067541630,0.907163410370416760
88,44.133333333333326,899,0.28720372250541354,0.375769392200414000
94,44.093333333333334,901,0.46433506189541446,0.552900731590414920
46,44.07,896,0.02150671342041216,0.110072383115412620
19,43.95,901,0.46433506189541446,0.552900731590414920
105,43.8,906,0.90716341037041676,0.995729080065417220
155,43.8,906,0.90716341037041676,0.995729080065417220
103,43.8,906,0.90716341037041676,0.995729080065417220
137,43.64877003413672,897,0.11007238311541262,0.198638052810413080
70,43.30651804670919,896,0.02150671342041216,0.110072383115412620
141,43.3,903,0.64146640128541538,0.730032070980415840
88,43.3,906,0.90716341037041676,0.995729080065417220
91,43.29999999999999,906,0.90716341037041676,0.995729080065417220
91,43.21209302325581,896,0.02150671342041216,0.110072383115412620
122,43.2,899,0.28720372250541354,0.375769392200414000
178,43.17616883116884,895,-0.06705895627458830,0.021506713420412160
109,43.051500000000004,896,0.02150671342041216,0.110072383115412620
229,42.847500000000004,905,0.81859774067541630,0.907163410370416760
137,42.64689863559792,896,0.02150671342041216,0.110072383115412620
9,42.6,906,0.90716341037041676,0.995729080065417220
99,42.553999999999995,898,0.19863805281041308,0.287203722505413540
219,42.49594999999996,895,-0.06705895627458830,0.021506713420412160
35,42.31210526315789,898,0.19863805281041308,0.287203722505413540
130,42.3,899,0.28720372250541354,0.375769392200414000
221,42.06130136986302,895,-0.06705895627458830,0.021506713420412160
30,42.05,906,0.90716341037041676,0.995729080065417220
57,41.96625,897,0.11007238311541262,0.198638052810413080
157,41.96416666666666,900,0.37576939220041400,0.464335061895414460
70,41.83215406562056,898,0.19863805281041308,0.287203722505413540
175,41.8,906,0.90716341037041676,0.995729080065417220
219,41.8,899,0.28720372250541354,0.375769392200414000
161,41.8,901,0.46433506189541446,0.552900731590414920
199,41.60037800687287,897,0.11007238311541262,0.198638052810413080
201,41.6,900,0.37576939220041400,0.464335061895414460
70,41.51833333333334,900,0.37576939220041400,0.464335061895414460
68,41.457142857142856,901,0.46433506189541446,0.552900731590414920
204,41.38,895,-0.06705895627458830,0.021506713420412160
74,41.33228571428572,896,0.02150671342041216,0.110072383115412620
143,41.06666666666667,904,0.73003207098041584,0.818597740675416300
70,41.059580348004026,897,0.11007238311541262,0.198638052810413080
240,40.9808,905,0.81859774067541630,0.907163410370416760
5,40.88,896,0.02150671342041216,0.110072383115412620
186,40.8,902,0.55290073159041492,0.641466401285415380
162,40.8,904,0.73003207098041584,0.818597740675416300
86,40.8,904,0.73003207098041584,0.818597740675416300
37,40.67,896,0.02150671342041216,0.110072383115412620
197,40.6,903,0.64146640128541538,0.730032070980415840
86,40.55,905,0.81859774067541630,0.907163410370416760
79,40.45,906,0.90716341037041676,0.995729080065417220
174,40.32,896,0.02150671342041216,0.110072383115412620
255,40.31,906,0.90716341037041676,0.995729080065417220
118,40.3,906,0.90716341037041676,0.995729080065417220
256,40.3,906,0.90716341037041676,0.995729080065417220
128,40.20044575273326,895,-0.06705895627458830,0.021506713420412160
236,40.0,902,0.55290073159041492,0.641466401285415380
146,39.96,897,0.11007238311541262,0.198638052810413080
133,39.850833333333334,896,0.02150671342041216,0.110072383115412620
70,39.8,906,0.90716341037041676,0.995729080065417220
99,39.78666666666667,896,0.02150671342041216,0.110072383115412620
128,39.73333333333333,900,0.37576939220041400,0.464335061895414460
188,39.52,902,0.55290073159041492,0.641466401285415380
222,39.458333333333336,897,0.11007238311541262,0.198638052810413080
205,39.36,895,-0.06705895627458830,0.021506713420412160
216,39.3,906,0.90716341037041676,0.995729080065417220
176,39.3,895,-0.06705895627458830,0.021506713420412160
22,39.2675,901,0.46433506189541446,0.552900731590414920
61,39.25333333333333,905,0.81859774067541630,0.907163410370416760
117,39.25181818181819,905,0.81859774067541630,0.907163410370416760
91,39.13333333333333,899,0.28720372250541354,0.375769392200414000
91,39.132666666666665,898,0.19863805281041308,0.287203722505413540
247,38.99333333333333,896,0.02150671342041216,0.110072383115412620
175,38.935,896,0.02150671342041216,0.110072383115412620
34,38.92923076923076,895,-0.06705895627458830,0.021506713420412160
121,38.84,896,0.02150671342041216,0.110072383115412620
37,38.803333333333335,897,0.11007238311541262,0.198638052810413080
151,38.8,905,0.81859774067541630,0.907163410370416760
244,38.75,897,0.11007238311541262,0.198638052810413080
196,38.418376623376616,895,-0.06705895627458830,0.021506713420412160
88,38.358999999999995,896,0.02150671342041216,0.110072383115412620
151,38.3,906,0.90716341037041676,0.995729080065417220
131,38.13357142857143,903,0.64146640128541538,0.730032070980415840
15,38.083333333333336,905,0.81859774067541630,0.907163410370416760
122,38.01853658536585,895,-0.06705895627458830,0.021506713420412160
19,37.8,904,0.73003207098041584,0.818597740675416300
33,37.71111111111111,905,0.81859774067541630,0.907163410370416760
70,37.70800000000001,902,0.55290073159041492,0.641466401285415380
150,37.694058441558454,897,0.11007238311541262,0.198638052810413080
230,37.57,897,0.11007238311541262,0.198638052810413080
56,37.55,900,0.37576939220041400,0.464335061895414460
91,37.449533333333335,897,0.11007238311541262,0.198638052810413080
144,37.3,904,0.73003207098041584,0.818597740675416300
63,37.3,903,0.64146640128541538,0.730032070980415840
156,37.28,900,0.37576939220041400,0.464335061895414460
247,37.2309090909091,897,0.11007238311541262,0.198638052810413080
150,37.21317647058823,896,0.02150671342041216,0.110072383115412620
58,37.03371428571429,898,0.19863805281041308,0.287203722505413540
163,36.8,901,0.46433506189541446,0.552900731590414920
23,36.8,901,0.46433506189541446,0.552900731590414920
58,36.8,905,0.81859774067541630,0.907163410370416760
133,36.52525,898,0.19863805281041308,0.287203722505413540
91,36.47,903,0.64146640128541538,0.730032070980415840
132,36.3,905,0.81859774067541630,0.907163410370416760
31,36.166666666666664,899,0.28720372250541354,0.375769392200414000
36,36.00666666666667,901,0.46433506189541446,0.552900731590414920
227,35.983333333333334,905,0.81859774067541630,0.907163410370416760
155,35.92666666666667,898,0.19863805281041308,0.287203722505413540
1,35.82666666666667,895,-0.06705895627458830,0.021506713420412160
78,35.8,905,0.81859774067541630,0.907163410370416760
175,35.8,905,0.81859774067541630,0.907163410370416760
230,35.76,898,0.19863805281041308,0.287203722505413540
129,35.565999999999995,896,0.02150671342041216,0.110072383115412620
170,35.4775,895,-0.06705895627458830,0.021506713420412160
193,35.43333333333333,905,0.81859774067541630,0.907163410370416760
141,35.395454545454555,900,0.37576939220041400,0.464335061895414460
181,35.3,900,0.37576939220041400,0.464335061895414460
102,35.15,897,0.11007238311541262,0.198638052810413080
234,35.125,896,0.02150671342041216,0.110072383115412620
184,35.067499999999995,897,0.11007238311541262,0.198638052810413080
29,34.95,897,0.11007238311541262,0.198638052810413080
150,34.888,901,0.46433506189541446,0.552900731590414920
136,34.800000000000004,905,0.81859774067541630,0.907163410370416760
88,34.8,901,0.46433506189541446,0.552900731590414920
198,34.8,902,0.55290073159041492,0.641466401285415380
194,34.589999999999996,896,0.02150671342041216,0.110072383115412620
177,34.56,897,0.11007238311541262,0.198638052810413080
52,34.49615384615385,896,0.02150671342041216,0.110072383115412620
9,34.49111111111111,898,0.19863805281041308,0.287203722505413540
-1,34.46984374999998,905,0.81859774067541630,0.907163410370416760
90,34.45333333333333,897,0.11007238311541262,0.198638052810413080
133,34.27823076923075,897,0.11007238311541262,0.198638052810413080
161,34.19638888888889,898,0.19863805281041308,0.287203722505413540
41,34.137499999999996,904,0.73003207098041584,0.818597740675416300
61,34.1,901,0.46433506189541446,0.552900731590414920
51,33.83,905,0.81859774067541630,0.907163410370416760
116,33.827222222222225,905,0.81859774067541630,0.907163410370416760
6,33.805,906,0.90716341037041676,0.995729080065417220
56,33.8,905,0.81859774067541630,0.907163410370416760
208,33.60608695652173,895,-0.06705895627458830,0.021506713420412160
137,33.46512439509745,895,-0.06705895627458830,0.021506713420412160
212,33.388387096774196,898,0.19863805281041308,0.287203722505413540
193,33.3,904,0.73003207098041584,0.818597740675416300
135,33.3,906,0.90716341037041676,0.995729080065417220
22,33.3,905,0.81859774067541630,0.907163410370416760
84,33.3,905,0.81859774067541630,0.907163410370416760
248,33.289565217391306,904,0.73003207098041584,0.818597740675416300
17,33.166666666666664,896,0.02150671342041216,0.110072383115412620
78,33.05,904,0.73003207098041584,0.818597740675416300
150,33.00348314606742,898,0.19863805281041308,0.287203722505413540
87,32.96999999999999,905,0.81859774067541630,0.907163410370416760
228,32.800000000000004,904,0.73003207098041584,0.818597740675416300
137,32.739999999999995,904,0.73003207098041584,0.818597740675416300
155,32.69347826086957,896,0.02150671342041216,0.110072383115412620
115,32.63333333333333,895,-0.06705895627458830,0.021506713420412160
180,32.63333333333333,903,0.64146640128541538,0.730032070980415840
150,32.57,900,0.37576939220041400,0.464335061895414460
191,32.46666666666666,904,0.73003207098041584,0.818597740675416300
74,32.45561290322581,897,0.11007238311541262,0.198638052810413080
50,32.405,897,0.11007238311541262,0.198638052810413080
106,32.38,905,0.81859774067541630,0.907163410370416760
247,32.3,899,0.28720372250541354,0.375769392200414000
219,32.3,901,0.46433506189541446,0.552900731590414920
97,32.24772727272727,898,0.19863805281041308,0.287203722505413540
193,32.2,901,0.46433506189541446,0.552900731590414920
152,32.06125,896,0.02150671342041216,0.110072383115412620
202,31.959999999999997,898,0.19863805281041308,0.287203722505413540
228,31.799999999999997,902,0.55290073159041492,0.641466401285415380
68,31.58695652173913,900,0.37576939220041400,0.464335061895414460
238,31.56,896,0.02150671342041216,0.110072383115412620
181,31.558571428571433,897,0.11007238311541262,0.198638052810413080
127,31.41,905,0.81859774067541630,0.907163410370416760
197,31.40224489795918,896,0.02150671342041216,0.110072383115412620
103,31.385789473684213,897,0.11007238311541262,0.198638052810413080
35,31.340000000000003,899,0.28720372250541354,0.375769392200414000
255,31.3,902,0.55290073159041492,0.641466401285415380
244,31.3,899,0.28720372250541354,0.375769392200414000
164,31.214000000000002,905,0.81859774067541630,0.907163410370416760
69,31.185,896,0.02150671342041216,0.110072383115412620
52,31.090869565217393,897,0.11007238311541262,0.198638052810413080
228,31.049999999999997,905,0.81859774067541630,0.907163410370416760
89,31.049999999999997,897,0.11007238311541262,0.198638052810413080
75,31.018846153846155,904,0.73003207098041584,0.818597740675416300
4,31.0,898,0.19863805281041308,0.287203722505413540
63,30.98870967741935,897,0.11007238311541262,0.198638052810413080
26,30.980833333333337,897,0.11007238311541262,0.198638052810413080
84,30.971249999999998,897,0.11007238311541262,0.198638052810413080
125,30.96,897,0.11007238311541262,0.198638052810413080
17,30.913076923076922,898,0.19863805281041308,0.287203722505413540
238,30.902500000000003,897,0.11007238311541262,0.198638052810413080
171,30.893333333333334,903,0.64146640128541538,0.730032070980415840
145,30.84032258064516,901,0.46433506189541446,0.552900731590414920
135,30.8,905,0.81859774067541630,0.907163410370416760
43,30.7,905,0.81859774067541630,0.907163410370416760
210,30.685000000000002,897,0.11007238311541262,0.198638052810413080
198,30.63333333333333,905,0.81859774067541630,0.907163410370416760
77,30.58,896,0.02150671342041216,0.110072383115412620
150,30.58,899,0.28720372250541354,0.375769392200414000
74,30.474999999999998,905,0.81859774067541630,0.907163410370416760
99,30.42833333333333,897,0.11007238311541262,0.198638052810413080
220,30.3,903,0.64146640128541538,0.730032070980415840
212,30.3,901,0.46433506189541446,0.552900731590414920
160,30.3,906,0.90716341037041676,0.995729080065417220
46,30.26666666666667,898,0.19863805281041308,0.287203722505413540
95,30.233076923076922,897,0.11007238311541262,0.198638052810413080
216,30.215555555555554,896,0.02150671342041216,0.110072383115412620
71,30.214509803921565,898,0.19863805281041308,0.287203722505413540
157,30.13333333333333,902,0.55290073159041492,0.641466401285415380
25,30.0,900,0.37576939220041400,0.464335061895414460
67,29.945,898,0.19863805281041308,0.287203722505413540
227,29.799999999999997,906,0.90716341037041676,0.995729080065417220
94,29.799999999999997,904,0.73003207098041584,0.818597740675416300
71,29.799999999999997,905,0.81859774067541630,0.907163410370416760
92,29.799999999999997,901,0.46433506189541446,0.552900731590414920
72,29.78589743589744,901,0.46433506189541446,0.552900731590414920
196,29.763333333333335,899,0.28720372250541354,0.375769392200414000
228,29.573738317756987,896,0.02150671342041216,0.110072383115412620
134,29.515500000000003,897,0.11007238311541262,0.198638052810413080
77,29.497500000000002,895,-0.06705895627458830,0.021506713420412160
28,29.333333333333332,898,0.19863805281041308,0.287203722505413540
9,29.3,903,0.64146640128541538,0.730032070980415840
86,29.3,903,0.64146640128541538,0.730032070980415840
235,29.248947368421053,903,0.64146640128541538,0.730032070980415840
88,29.190208333333334,897,0.11007238311541262,0.198638052810413080
94,29.156746031746014,896,0.02150671342041216,0.110072383115412620
63,29.120000000000005,898,0.19863805281041308,0.287203722505413540
9,29.11714285714286,896,0.02150671342041216,0.110072383115412620
144,29.101578947368424,896,0.02150671342041216,0.110072383115412620
240,29.061661631419963,901,0.46433506189541446,0.552900731590414920
87,29.01333333333334,904,0.73003207098041584,0.818597740675416300
213,28.987499999999997,895,-0.06705895627458830,0.021506713420412160
36,28.924999999999997,905,0.81859774067541630,0.907163410370416760
105,28.900000000000002,901,0.46433506189541446,0.552900731590414920
126,28.84473684210526,898,0.19863805281041308,0.287203722505413540
202,28.8,896,0.02150671342041216,0.110072383115412620
113,28.8,905,0.81859774067541630,0.907163410370416760
169,28.8,895,-0.06705895627458830,0.021506713420412160
4,28.8,895,-0.06705895627458830,0.021506713420412160
126,28.799999999999997,903,0.64146640128541538,0.730032070980415840
73,28.779000000000003,897,0.11007238311541262,0.198638052810413080
7,28.774545454545457,897,0.11007238311541262,0.198638052810413080
256,28.7634375,897,0.11007238311541262,0.198638052810413080
23,28.70619047619047,896,0.02150671342041216,0.110072383115412620
79,28.683904761904785,896,0.02150671342041216,0.110072383115412620
198,28.653437499999992,896,0.02150671342041216,0.110072383115412620
163,28.617999999999995,898,0.19863805281041308,0.287203722505413540
259,28.549999999999997,905,0.81859774067541630,0.907163410370416760
143,28.534000000000002,902,0.55290073159041492,0.641466401285415380
159,28.5,905,0.81859774067541630,0.907163410370416760
229,28.397894736842108,904,0.73003207098041584,0.818597740675416300
67,28.354000000000003,895,-0.06705895627458830,0.021506713420412160
6,28.348125000000003,901,0.46433506189541446,0.552900731590414920
31,28.34,905,0.81859774067541630,0.907163410370416760
62,28.32,896,0.02150671342041216,0.110072383115412620
7,28.3,905,0.81859774067541630,0.907163410370416760
198,28.299999999999997,900,0.37576939220041400,0.464335061895414460
106,28.281818181818185,904,0.73003207098041584,0.818597740675416300
223,28.22142857142857,897,0.11007238311541262,0.198638052810413080
222,28.185,896,0.02150671342041216,0.110072383115412620
94,28.183000000000003,898,0.19863805281041308,0.287203722505413540
228,28.13333333333333,899,0.28720372250541354,0.375769392200414000
206,28.089111111111112,898,0.19863805281041308,0.287203722505413540
43,27.99294117647059,901,0.46433506189541446,0.552900731590414920
235,27.989999999999995,902,0.55290073159041492,0.641466401285415380
33,27.918181818181814,900,0.37576939220041400,0.464335061895414460
172,27.916666666666668,901,0.46433506189541446,0.552900731590414920
39,27.822222222222223,904,0.73003207098041584,0.818597740675416300
247,27.8,901,0.46433506189541446,0.552900731590414920
51,27.799999999999997,901,0.46433506189541446,0.552900731590414920
9,27.797011494252864,897,0.11007238311541262,0.198638052810413080
151,27.793846153846154,897,0.11007238311541262,0.198638052810413080
97,27.701515151515153,897,0.11007238311541262,0.198638052810413080
141,27.7,901,0.46433506189541446,0.552900731590414920
259,27.566666666666663,903,0.64146640128541538,0.730032070980415840
198,27.450986394557837,897,0.11007238311541262,0.198638052810413080
199,27.446739130434864,895,-0.06705895627458830,0.021506713420412160
122,27.43166666666666,898,0.19863805281041308,0.287203722505413540
68,27.415714285714284,904,0.73003207098041584,0.818597740675416300
35,27.407419354838705,897,0.11007238311541262,0.198638052810413080
223,27.38958333333333,895,-0.06705895627458830,0.021506713420412160
249,27.3675,896,0.02150671342041216,0.110072383115412620
212,27.35,896,0.02150671342041216,0.110072383115412620
145,27.34684210526316,904,0.73003207098041584,0.818597740675416300
22,27.3,904,0.73003207098041584,0.818597740675416300
191,27.3,905,0.81859774067541630,0.907163410370416760
50,27.3,899,0.28720372250541354,0.375769392200414000
88,27.299999999999997,905,0.81859774067541630,0.907163410370416760
158,27.296666666666663,896,0.02150671342041216,0.110072383115412620
28,27.218333333333334,897,0.11007238311541262,0.198638052810413080
129,27.172857142857143,898,0.19863805281041308,0.287203722505413540
22,27.13333333333333,903,0.64146640128541538,0.730032070980415840
109,27.074444444444445,897,0.11007238311541262,0.198638052810413080
259,27.061428571428575,900,0.37576939220041400,0.464335061895414460
85,27.05842105263158,905,0.81859774067541630,0.907163410370416760
94,27.05,905,0.81859774067541630,0.907163410370416760
74,27.0,901,0.46433506189541446,0.552900731590414920
136,26.995,904,0.73003207098041584,0.818597740675416300
85,26.95333333333334,901,0.46433506189541446,0.552900731590414920
157,26.91363636363636,903,0.64146640128541538,0.730032070980415840
229,26.86938775510205,903,0.64146640128541538,0.730032070980415840
56,26.8,902,0.55290073159041492,0.641466401285415380
12,26.8,896,0.02150671342041216,0.110072383115412620
10,26.8,896,0.02150671342041216,0.110072383115412620
129,26.8,902,0.55290073159041492,0.641466401285415380
142,26.73,895,-0.06705895627458830,0.021506713420412160
163,26.71285714285715,897,0.11007238311541262,0.198638052810413080
135,26.685000000000002,896,0.02150671342041216,0.110072383115412620
35,26.656666666666673,896,0.02150671342041216,0.110072383115412620
164,26.60282051282051,902,0.55290073159041492,0.641466401285415380
33,26.600000000000005,904,0.73003207098041584,0.818597740675416300
155,26.57,899,0.28720372250541354,0.375769392200414000
15,26.566666666666666,904,0.73003207098041584,0.818597740675416300
135,26.561875,898,0.19863805281041308,0.287203722505413540
151,26.5025,896,0.02150671342041216,0.110072383115412620
235,26.455074626865667,901,0.46433506189541446,0.552900731590414920
196,26.445,900,0.37576939220041400,0.464335061895414460
103,26.4,904,0.73003207098041584,0.818597740675416300
8,26.3875,904,0.73003207098041584,0.818597740675416300
7,26.38666666666667,896,0.02150671342041216,0.110072383115412620
126,26.33310880829016,897,0.11007238311541262,0.198638052810413080
15,26.332777777777782,901,0.46433506189541446,0.552900731590414920
76,26.3,906,0.90716341037041676,0.995729080065417220
201,26.3,905,0.81859774067541630,0.907163410370416760
257,26.267500000000002,898,0.19863805281041308,0.287203722505413540
245,26.254545454545454,905,0.81859774067541630,0.907163410370416760
25,26.24868055555558,895,-0.06705895627458830,0.021506713420412160
251,26.232682926829277,895,-0.06705895627458830,0.021506713420412160
121,26.16,897,0.11007238311541262,0.198638052810413080
117,26.15119047619048,904,0.73003207098041584,0.818597740675416300
85,26.11733333333333,904,0.73003207098041584,0.818597740675416300
160,26.11,896,0.02150671342041216,0.110072383115412620
154,26.03480392156861,904,0.73003207098041584,0.818597740675416300
172,25.972499999999997,902,0.55290073159041492,0.641466401285415380
164,25.971111111111114,904,0.73003207098041584,0.818597740675416300
6,25.96666666666667,905,0.81859774067541630,0.907163410370416760
93,25.965,905,0.81859774067541630,0.907163410370416760
150,25.950000000000003,905,0.81859774067541630,0.907163410370416760
245,25.944000000000006,900,0.37576939220041400,0.464335061895414460
0,25.94333333333333,898,0.19863805281041308,0.287203722505413540
71,25.942857142857147,902,0.55290073159041492,0.641466401285415380
126,25.93999999999999,896,0.02150671342041216,0.110072383115412620
45,25.848571428571432,901,0.46433506189541446,0.552900731590414920
89,25.836470588235297,895,-0.06705895627458830,0.021506713420412160
162,25.8,905,0.81859774067541630,0.907163410370416760
65,25.8,905,0.81859774067541630,0.907163410370416760
97,25.8,900,0.37576939220041400,0.464335061895414460
256,25.8,902,0.55290073159041492,0.641466401285415380
99,25.786111111111097,895,-0.06705895627458830,0.021506713420412160
35,25.68,904,0.73003207098041584,0.818597740675416300
71,25.58274678111588,897,0.11007238311541262,0.198638052810413080
74,25.563037974683546,898,0.19863805281041308,0.287203722505413540
86,25.54,902,0.55290073159041492,0.641466401285415380
34,25.52,905,0.81859774067541630,0.907163410370416760
252,25.516666666666666,897,0.11007238311541262,0.198638052810413080
227,25.51379310344828,899,0.28720372250541354,0.375769392200414000
84,25.491666666666664,898,0.19863805281041308,0.287203722505413540
181,25.487500000000004,896,0.02150671342041216,0.110072383115412620
180,25.4,905,0.81859774067541630,0.907163410370416760
212,25.3911320754717,897,0.11007238311541262,0.198638052810413080
8,25.368571428571425,905,0.81859774067541630,0.907163410370416760
139,25.366666666666667,895,-0.06705895627458830,0.021506713420412160
213,25.364285714285717,896,0.02150671342041216,0.110072383115412620
197,25.34,900,0.37576939220041400,0.464335061895414460
74,25.3,904,0.73003207098041584,0.818597740675416300
72,25.275000000000002,905,0.81859774067541630,0.907163410370416760
144,25.264629629629628,897,0.11007238311541262,0.198638052810413080
215,25.262812499999992,901,0.46433506189541446,0.552900731590414920
109,25.248282208588954,895,-0.06705895627458830,0.021506713420412160
177,25.2375,895,-0.06705895627458830,0.021506713420412160
29,25.235757575757578,895,-0.06705895627458830,0.021506713420412160
86,25.217982456140334,896,0.02150671342041216,0.110072383115412620
87,25.203333333333333,906,0.90716341037041676,0.995729080065417220
242,25.185,896,0.02150671342041216,0.110072383115412620
94,25.15475703324809,897,0.11007238311541262,0.198638052810413080
253,25.094166666666666,904,0.73003207098041584,0.818597740675416300
145,25.08692307692308,903,0.64146640128541538,0.730032070980415840
248,25.056545454545457,903,0.64146640128541538,0.730032070980415840
74,25.05,900,0.37576939220041400,0.464335061895414460
74,25.05,899,0.28720372250541354,0.375769392200414000
178,25.05,900,0.37576939220041400,0.464335061895414460
31,25.022428571428566,897,0.11007238311541262,0.198638052810413080
109,25.0,905,0.81859774067541630,0.907163410370416760
129,25.0,905,0.81859774067541630,0.907163410370416760
130,24.978,896,0.02150671342041216,0.110072383115412620
215,24.974545454545453,904,0.73003207098041584,0.818597740675416300
237,24.97153846153846,897,0.11007238311541262,0.198638052810413080
157,24.950000000000003,905,0.81859774067541630,0.907163410370416760
105,24.950000000000003,905,0.81859774067541630,0.907163410370416760
41,24.84247311827956,903,0.64146640128541538,0.730032070980415840
85,24.8308,902,0.55290073159041492,0.641466401285415380
126,24.8,905,0.81859774067541630,0.907163410370416760
245,24.698941289701626,896,0.02150671342041216,0.110072383115412620
-1,24.681508161337916,896,0.02150671342041216,0.110072383115412620
72,24.674999999999997,904,0.73003207098041584,0.818597740675416300
109,24.56925925925926,898,0.19863805281041308,0.287203722505413540
147,24.55,896,0.02150671342041216,0.110072383115412620
79,24.54289173789176,897,0.11007238311541262,0.198638052810413080
75,24.541360544217664,901,0.46433506189541446,0.552900731590414920
71,24.50573770491803,896,0.02150671342041216,0.110072383115412620
143,24.5,905,0.81859774067541630,0.907163410370416760
127,24.46666666666667,900,0.37576939220041400,0.464335061895414460
24,24.466666666666665,895,-0.06705895627458830,0.021506713420412160
246,24.424999999999997,895,-0.06705895627458830,0.021506713420412160
204,24.404999999999998,897,0.11007238311541262,0.198638052810413080
203,24.400000000000002,896,0.02150671342041216,0.110072383115412620
245,24.393180458624148,898,0.19863805281041308,0.287203722505413540
129,24.379375000000003,897,0.11007238311541262,0.198638052810413080
172,24.333333333333332,904,0.73003207098041584,0.818597740675416300
239,24.32999999999999,904,0.73003207098041584,0.818597740675416300
50,24.272941176470592,895,-0.06705895627458830,0.021506713420412160
198,24.269047619047615,898,0.19863805281041308,0.287203722505413540
132,24.25807692307692,896,0.02150671342041216,0.110072383115412620
217,24.1,898,0.19863805281041308,0.287203722505413540
145,24.098000000000003,902,0.55290073159041492,0.641466401285415380
259,24.066082004555856,896,0.02150671342041216,0.110072383115412620
116,24.02,902,0.55290073159041492,0.641466401285415380
180,24.0,904,0.73003207098041584,0.818597740675416300
206,23.943898305084748,896,0.02150671342041216,0.110072383115412620
171,23.942857142857143,902,0.55290073159041492,0.641466401285415380
251,23.935,896,0.02150671342041216,0.110072383115412620
241,23.886956521739133,895,-0.06705895627458830,0.021506713420412160
227,23.875999999999998,901,0.46433506189541446,0.552900731590414920
201,23.799999999999997,901,0.46433506189541446,0.552900731590414920
171,23.790000000000003,904,0.73003207098041584,0.818597740675416300
175,23.769411764705882,897,0.11007238311541262,0.198638052810413080
13,23.715581395348842,895,-0.06705895627458830,0.021506713420412160
74,23.633333333333336,902,0.55290073159041492,0.641466401285415380
117,23.54850746268657,903,0.64146640128541538,0.730032070980415840
164,23.5448275862069,903,0.64146640128541538,0.730032070980415840
152,23.50756097560976,897,0.11007238311541262,0.198638052810413080
245,23.47285164347043,897,0.11007238311541262,0.198638052810413080
174,23.450000000000003,899,0.28720372250541354,0.375769392200414000
197,23.390301507537686,897,0.11007238311541262,0.198638052810413080
162,23.363636363636363,896,0.02150671342041216,0.110072383115412620
36,23.355485519591213,896,0.02150671342041216,0.110072383115412620
236,23.3,900,0.37576939220041400,0.464335061895414460
65,23.297523510971807,896,0.02150671342041216,0.110072383115412620
215,23.268,903,0.64146640128541538,0.730032070980415840
93,23.208000000000002,898,0.19863805281041308,0.287203722505413540
132,23.2,901,0.46433506189541446,0.552900731590414920
86,23.199860279441133,897,0.11007238311541262,0.198638052810413080
253,23.182352941176475,903,0.64146640128541538,0.730032070980415840
73,23.175,898,0.19863805281041308,0.287203722505413540
51,23.15100271002714,896,0.02150671342041216,0.110072383115412620
237,23.15,896,0.02150671342041216,0.110072383115412620
19,23.115555555555556,896,0.02150671342041216,0.110072383115412620
116,23.102272727272734,901,0.46433506189541446,0.552900731590414920
253,23.0340625,901,0.46433506189541446,0.552900731590414920
79,23.027548076923065,898,0.19863805281041308,0.287203722505413540
85,23.00626448502847,898,0.19863805281041308,0.287203722505413540
136,22.999047619047623,902,0.55290073159041492,0.641466401285415380
226,22.964285714285715,901,0.46433506189541446,0.552900731590414920
0,22.951428571428572,897,0.11007238311541262,0.198638052810413080
215,22.944814814814816,902,0.55290073159041492,0.641466401285415380
127,22.932499999999983,896,0.02150671342041216,0.110072383115412620
37,22.909333333333333,895,-0.06705895627458830,0.021506713420412160
132,22.9,900,0.37576939220041400,0.464335061895414460
68,22.9,903,0.64146640128541538,0.730032070980415840
75,22.898333333333337,902,0.55290073159041492,0.641466401285415380
198,22.849999999999998,899,0.28720372250541354,0.375769392200414000
255,22.822727272727274,896,0.02150671342041216,0.110072383115412620
158,22.814,897,0.11007238311541262,0.198638052810413080
191,22.8,903,0.64146640128541538,0.730032070980415840
69,22.792307692307695,897,0.11007238311541262,0.198638052810413080
61,22.72857142857143,904,0.73003207098041584,0.818597740675416300
-1,22.68087209302324,901,0.46433506189541446,0.552900731590414920
172,22.633333333333336,903,0.64146640128541538,0.730032070980415840
228,22.624116743471596,897,0.11007238311541262,0.198638052810413080
127,22.6,901,0.46433506189541446,0.552900731590414920
106,22.598461538461535,903,0.64146640128541538,0.730032070980415840
168,22.573333333333334,897,0.11007238311541262,0.198638052810413080
184,22.523333333333333,895,-0.06705895627458830,0.021506713420412160
114,22.505660377358495,902,0.55290073159041492,0.641466401285415380
203,22.49666666666667,898,0.19863805281041308,0.287203722505413540
143,22.471706161137234,896,0.02150671342041216,0.110072383115412620
141,22.450000000000003,902,0.55290073159041492,0.641466401285415380
220,22.39571428571428,896,0.02150671342041216,0.110072383115412620
136,22.386956521739126,901,0.46433506189541446,0.552900731590414920
18,22.364800000000006,897,0.11007238311541262,0.198638052810413080
194,22.34111111111111,898,0.19863805281041308,0.287203722505413540
206,22.338976744186038,897,0.11007238311541262,0.198638052810413080
56,22.328,896,0.02150671342041216,0.110072383115412620
31,22.299999999999997,902,0.55290073159041492,0.641466401285415380
226,22.299999999999997,903,0.64146640128541538,0.730032070980415840
249,22.295,898,0.19863805281041308,0.287203722505413540
252,22.25,898,0.19863805281041308,0.287203722505413540
30,22.229255050505138,896,0.02150671342041216,0.110072383115412620
6,22.211859374999925,896,0.02150671342041216,0.110072383115412620
33,22.207741935483877,896,0.02150671342041216,0.110072383115412620
61,22.188888888888886,902,0.55290073159041492,0.641466401285415380
44,22.174999999999997,895,-0.06705895627458830,0.021506713420412160
53,22.133200000000002,896,0.02150671342041216,0.110072383115412620
227,22.112648752399256,896,0.02150671342041216,0.110072383115412620
228,22.10262711864407,898,0.19863805281041308,0.287203722505413540
128,22.1,905,0.81859774067541630,0.907163410370416760
41,22.07929411764704,902,0.55290073159041492,0.641466401285415380
17,22.034423076923083,895,-0.06705895627458830,0.021506713420412160
72,21.9985,902,0.55290073159041492,0.641466401285415380
33,21.985909090909093,899,0.28720372250541354,0.375769392200414000
46,21.97772727272727,897,0.11007238311541262,0.198638052810413080
87,21.96866666666667,902,0.55290073159041492,0.641466401285415380
31,21.940400000000004,896,0.02150671342041216,0.110072383115412620
144,21.939999999999998,898,0.19863805281041308,0.287203722505413540
74,21.93557377049185,895,-0.06705895627458830,0.021506713420412160
116,21.935294117647057,904,0.73003207098041584,0.818597740675416300
72,21.93061538461539,900,0.37576939220041400,0.464335061895414460
125,21.917647058823533,895,-0.06705895627458830,0.021506713420412160
134,21.86666666666667,898,0.19863805281041308,0.287203722505413540
191,21.842420749279572,896,0.02150671342041216,0.110072383115412620
32,21.8,895,-0.06705895627458830,0.021506713420412160
136,21.79615384615385,903,0.64146640128541538,0.730032070980415840
145,21.76872549019607,900,0.37576939220041400,0.464335061895414460
229,21.766555023923416,901,0.46433506189541446,0.552900731590414920
20,21.752380952380953,895,-0.06705895627458830,0.021506713420412160
157,21.71666666666667,904,0.73003207098041584,0.818597740675416300
19,21.712727272727275,898,0.19863805281041308,0.287203722505413540
60,21.706,898,0.19863805281041308,0.287203722505413540
97,21.68869565217389,895,-0.06705895627458830,0.021506713420412160
53,21.651620111731837,897,0.11007238311541262,0.198638052810413080
201,21.612380952380953,898,0.19863805281041308,0.287203722505413540
255,21.518571428571427,898,0.19863805281041308,0.287203722505413540
22,21.507708333333376,896,0.02150671342041216,0.110072383115412620
148,21.466666666666665,895,-0.06705895627458830,0.021506713420412160
85,21.456541199524793,897,0.11007238311541262,0.198638052810413080
61,21.442445414847157,896,0.02150671342041216,0.110072383115412620
201,21.433870967741935,896,0.02150671342041216,0.110072383115412620
171,21.415555555555557,901,0.46433506189541446,0.552900731590414920
75,21.406034482758624,903,0.64146640128541538,0.730032070980415840
180,21.401680814940647,896,0.02150671342041216,0.110072383115412620
259,21.387500000000003,901,0.46433506189541446,0.552900731590414920
193,21.373118279569884,896,0.02150671342041216,0.110072383115412620
85,21.354583333333334,903,0.64146640128541538,0.730032070980415840
89,21.3,896,0.02150671342041216,0.110072383115412620
162,21.3,901,0.46433506189541446,0.552900731590414920
171,21.299999999999997,905,0.81859774067541630,0.907163410370416760
105,21.211132075471678,896,0.02150671342041216,0.110072383115412620
143,21.21,903,0.64146640128541538,0.730032070980415840
203,21.204736842105262,897,0.11007238311541262,0.198638052810413080
-1,21.200159206799018,898,0.19863805281041308,0.287203722505413540
248,21.193703703703697,901,0.46433506189541446,0.552900731590414920
256,21.185,896,0.02150671342041216,0.110072383115412620
201,21.162481203007516,897,0.11007238311541262,0.198638052810413080
85,21.155821799307557,896,0.02150671342041216,0.110072383115412620
143,21.113623147092298,898,0.19863805281041308,0.287203722505413540
155,21.096714285714285,897,0.11007238311541262,0.198638052810413080
23,21.080384615384617,898,0.19863805281041308,0.287203722505413540
161,21.06785964912281,897,0.11007238311541262,0.198638052810413080
240,21.012289156626505,903,0.64146640128541538,0.730032070980415840
152,21.0,900,0.37576939220041400,0.464335061895414460
132,20.985300000000002,898,0.19863805281041308,0.287203722505413540
180,20.967297297297304,899,0.28720372250541354,0.375769392200414000
86,20.95760479041916,898,0.19863805281041308,0.287203722505413540
8,20.93684540448973,898,0.19863805281041308,0.287203722505413540
-1,20.865170068027197,904,0.73003207098041584,0.818597740675416300
68,20.860378619153582,896,0.02150671342041216,0.110072383115412620
53,20.829836065573772,898,0.19863805281041308,0.287203722505413540
53,20.8,902,0.55290073159041492,0.641466401285415380
161,20.8,904,0.73003207098041584,0.818597740675416300
134,20.8,901,0.46433506189541446,0.552900731590414920
165,20.8,899,0.28720372250541354,0.375769392200414000
161,20.788249999999998,896,0.02150671342041216,0.110072383115412620
41,20.761710914454298,901,0.46433506189541446,0.552900731590414920
143,20.754805801616193,897,0.11007238311541262,0.198638052810413080
120,20.75,897,0.11007238311541262,0.198638052810413080
117,20.748225806451593,901,0.46433506189541446,0.552900731590414920
15,20.721904761904764,903,0.64146640128541538,0.730032070980415840
174,20.64333333333333,898,0.19863805281041308,0.287203722505413540
227,20.5883677419355,898,0.19863805281041308,0.287203722505413540
165,20.575,896,0.02150671342041216,0.110072383115412620
216,20.57,898,0.19863805281041308,0.287203722505413540
39,20.564705882352943,903,0.64146640128541538,0.730032070980415840
197,20.530135135135136,898,0.19863805281041308,0.287203722505413540
30,20.52623237071861,898,0.19863805281041308,0.287203722505413540
159,20.522162162162168,895,-0.06705895627458830,0.021506713420412160
26,20.51972972972973,895,-0.06705895627458830,0.021506713420412160
43,20.509,903,0.64146640128541538,0.730032070980415840
154,20.496253968253985,902,0.55290073159041492,0.641466401285415380
180,20.46,900,0.37576939220041400,0.464335061895414460
112,20.44333333333333,898,0.19863805281041308,0.287203722505413540
248,20.43203389830509,902,0.55290073159041492,0.641466401285415380
57,20.415384615384617,895,-0.06705895627458830,0.021506713420412160
39,20.39967741935484,902,0.55290073159041492,0.641466401285415380
85,20.390081300812994,900,0.37576939220041400,0.464335061895414460
135,20.388,897,0.11007238311541262,0.198638052810413080
239,20.382192982456132,903,0.64146640128541538,0.730032070980415840
30,20.38148788927335,897,0.11007238311541262,0.198638052810413080
64,20.368167938931283,896,0.02150671342041216,0.110072383115412620
118,20.355161290322584,897,0.11007238311541262,0.198638052810413080
12,20.341538461538466,895,-0.06705895627458830,0.021506713420412160
91,20.316666666666666,900,0.37576939220041400,0.464335061895414460
47,20.3,896,0.02150671342041216,0.110072383115412620
93,20.3,899,0.28720372250541354,0.375769392200414000
91,20.3,904,0.73003207098041584,0.818597740675416300
125,20.3,902,0.55290073159041492,0.641466401285415380
92,20.3,903,0.64146640128541538,0.730032070980415840
35,20.3,901,0.46433506189541446,0.552900731590414920
133,20.3,905,0.81859774067541630,0.907163410370416760
251,20.3,901,0.46433506189541446,0.552900731590414920
126,20.3,901,0.46433506189541446,0.552900731590414920
168,20.3,896,0.02150671342041216,0.110072383115412620
245,20.293333333333333,903,0.64146640128541538,0.730032070980415840
154,20.266519607843115,903,0.64146640128541538,0.730032070980415840
8,20.251048435491906,896,0.02150671342041216,0.110072383115412620
51,20.18609142857134,897,0.11007238311541262,0.198638052810413080
63,20.17598870056495,895,-0.06705895627458830,0.021506713420412160
163,20.175,896,0.02150671342041216,0.110072383115412620
191,20.170823529411773,898,0.19863805281041308,0.287203722505413540
55,20.113481228668935,897,0.11007238311541262,0.198638052810413080
118,20.105555555555554,896,0.02150671342041216,0.110072383115412620
36,20.103935086472337,897,0.11007238311541262,0.198638052810413080
113,20.098533333333382,896,0.02150671342041216,0.110072383115412620
240,20.081578947368428,904,0.73003207098041584,0.818597740675416300
53,20.042136986301443,895,-0.06705895627458830,0.021506713420412160
19,20.0359375,897,0.11007238311541262,0.198638052810413080
126,20.0,900,0.37576939220041400,0.464335061895414460
63,20.0,904,0.73003207098041584,0.818597740675416300
256,19.98770491803278,895,-0.06705895627458830,0.021506713420412160
117,19.95626016260161,902,0.55290073159041492,0.641466401285415380
227,19.955435168738795,897,0.11007238311541262,0.198638052810413080
43,19.899629629629633,900,0.37576939220041400,0.464335061895414460
96,19.88049365303251,896,0.02150671342041216,0.110072383115412620
71,19.875,900,0.37576939220041400,0.464335061895414460
8,19.874461931526206,897,0.11007238311541262,0.198638052810413080
162,19.873181818181816,897,0.11007238311541262,0.198638052810413080
69,19.83374999999999,895,-0.06705895627458830,0.021506713420412160
236,19.742929687499974,896,0.02150671342041216,0.110072383115412620
30,19.72,904,0.73003207098041584,0.818597740675416300
193,19.691399491094153,897,0.11007238311541262,0.198638052810413080
64,19.68238505747126,898,0.19863805281041308,0.287203722505413540
114,19.668000000000003,903,0.64146640128541538,0.730032070980415840
244,19.640625000000004,895,-0.06705895627458830,0.021506713420412160
68,19.61684302325583,898,0.19863805281041308,0.287203722505413540
243,19.576923076923077,898,0.19863805281041308,0.287203722505413540
202,19.568,897,0.11007238311541262,0.198638052810413080
26,19.55,899,0.28720372250541354,0.375769392200414000
191,19.531870941558378,897,0.11007238311541262,0.198638052810413080
55,19.526770833333334,898,0.19863805281041308,0.287203722505413540
132,19.51292682926829,897,0.11007238311541262,0.198638052810413080
-1,19.500469738269665,897,0.11007238311541262,0.198638052810413080
242,19.472857142857144,897,0.11007238311541262,0.198638052810413080
36,19.459209979209984,898,0.19863805281041308,0.287203722505413540
61,19.451155492154033,897,0.11007238311541262,0.198638052810413080
45,19.450000000000003,904,0.73003207098041584,0.818597740675416300
153,19.442857142857143,895,-0.06705895627458830,0.021506713420412160
113,19.41111111111111,901,0.46433506189541446,0.552900731590414920
49,19.35,900,0.37576939220041400,0.464335061895414460
51,19.33735195530727,898,0.19863805281041308,0.287203722505413540
19,19.3,899,0.28720372250541354,0.375769392200414000
60,19.3,896,0.02150671342041216,0.110072383115412620
114,19.29819444444445,901,0.46433506189541446,0.552900731590414920
15,19.28252465483239,896,0.02150671342041216,0.110072383115412620
68,19.274560143626687,897,0.11007238311541262,0.198638052810413080
156,19.270588235294117,895,-0.06705895627458830,0.021506713420412160
253,19.2419533814836,896,0.02150671342041216,0.110072383115412620
10,19.24,898,0.19863805281041308,0.287203722505413540
154,19.234635568513188,901,0.46433506189541446,0.552900731590414920
216,19.234400000000004,897,0.11007238311541262,0.198638052810413080
61,19.209090909090907,903,0.64146640128541538,0.730032070980415840
127,19.18324324324324,898,0.19863805281041308,0.287203722505413540
158,19.18,898,0.19863805281041308,0.287203722505413540
10,19.174999999999997,895,-0.06705895627458830,0.021506713420412160
255,19.160797101449273,897,0.11007238311541262,0.198638052810413080
87,19.160675675675677,901,0.46433506189541446,0.552900731590414920
143,19.153333333333332,901,0.46433506189541446,0.552900731590414920
162,19.151999999999997,898,0.19863805281041308,0.287203722505413540
6,19.133333333333336,902,0.55290073159041492,0.641466401285415380
18,19.129999999999995,898,0.19863805281041308,0.287203722505413540
116,19.125629730254257,896,0.02150671342041216,0.110072383115412620
91,19.115245683931033,895,-0.06705895627458830,0.021506713420412160
45,19.11212384573582,896,0.02150671342041216,0.110072383115412620
229,19.07444444444444,902,0.55290073159041492,0.641466401285415380
239,19.074246913580254,901,0.46433506189541446,0.552900731590414920
106,19.069999999999997,901,0.46433506189541446,0.552900731590414920
106,19.06177777777778,902,0.55290073159041492,0.641466401285415380
193,19.02836363636364,898,0.19863805281041308,0.287203722505413540
193,19.014285714285712,899,0.28720372250541354,0.375769392200414000
112,18.934444444444445,897,0.11007238311541262,0.198638052810413080
259,18.924999999999997,902,0.55290073159041492,0.641466401285415380
256,18.894,898,0.19863805281041308,0.287203722505413540
259,18.89002388535033,897,0.11007238311541262,0.198638052810413080
13,18.88,904,0.73003207098041584,0.818597740675416300
243,18.8,904,0.73003207098041584,0.818597740675416300
96,18.8,904,0.73003207098041584,0.818597740675416300
201,18.8,904,0.73003207098041584,0.818597740675416300
55,18.8,901,0.46433506189541446,0.552900731590414920
210,18.8,904,0.73003207098041584,0.818597740675416300
52,18.8,904,0.73003207098041584,0.818597740675416300
236,18.799999999999997,901,0.46433506189541446,0.552900731590414920
86,18.799999999999997,899,0.28720372250541354,0.375769392200414000
99,18.75,899,0.28720372250541354,0.375769392200414000
68,18.73793103448276,899,0.28720372250541354,0.375769392200414000
220,18.715847058823552,897,0.11007238311541262,0.198638052810413080
259,18.68680672268908,898,0.19863805281041308,0.287203722505413540
35,18.683763440860194,895,-0.06705895627458830,0.021506713420412160
87,18.67777777777778,903,0.64146640128541538,0.730032070980415840
243,18.618461538461542,896,0.02150671342041216,0.110072383115412620
64,18.60451228592702,897,0.11007238311541262,0.198638052810413080
65,18.55561737432889,897,0.11007238311541262,0.198638052810413080
212,18.55,900,0.37576939220041400,0.464335061895414460
49,18.529893048128326,896,0.02150671342041216,0.110072383115412620
45,18.520982008995464,898,0.19863805281041308,0.287203722505413540
58,18.51,899,0.28720372250541354,0.375769392200414000
22,18.503333333333334,900,0.37576939220041400,0.464335061895414460
127,18.494243986254318,897,0.11007238311541262,0.198638052810413080
-1,18.48698347107436,900,0.37576939220041400,0.464335061895414460
257,18.466666666666665,896,0.02150671342041216,0.110072383115412620
65,18.466395806028842,898,0.19863805281041308,0.287203722505413540
85,18.45565552699232,899,0.28720372250541354,0.375769392200414000
206,18.450000000000003,904,0.73003207098041584,0.818597740675416300
49,18.4,904,0.73003207098041584,0.818597740675416300
249,18.385294117647057,897,0.11007238311541262,0.198638052810413080
237,18.30666666666667,898,0.19863805281041308,0.287203722505413540
6,18.30181722213852,897,0.11007238311541262,0.198638052810413080
79,18.3,903,0.64146640128541538,0.730032070980415840
70,18.295197905759025,895,-0.06705895627458830,0.021506713420412160
8,18.283750000000005,900,0.37576939220041400,0.464335061895414460
-1,18.276805324459307,899,0.28720372250541354,0.375769392200414000
229,18.27148193084218,896,0.02150671342041216,0.110072383115412620
61,18.18547094188377,898,0.19863805281041308,0.287203722505413540
56,18.17159090909091,897,0.11007238311541262,0.198638052810413080
155,18.15,902,0.55290073159041492,0.641466401285415380
164,18.143139534883716,901,0.46433506189541446,0.552900731590414920
248,18.091016260162572,900,0.37576939220041400,0.464335061895414460
152,18.074,898,0.19863805281041308,0.287203722505413540
55,18.05,900,0.37576939220041400,0.464335061895414460
129,18.05,899,0.28720372250541354,0.375769392200414000
129,18.02394736842106,895,-0.06705895627458830,0.021506713420412160
240,18.005789473684207,902,0.55290073159041492,0.641466401285415380
188,18.003617021276597,896,0.02150671342041216,0.110072383115412620
145,18.002101921757205,898,0.19863805281041308,0.287203722505413540
192,17.964242424242425,896,0.02150671342041216,0.110072383115412620
18,17.942857142857143,896,0.02150671342041216,0.110072383115412620
8,17.930769230769233,902,0.55290073159041492,0.641466401285415380
188,17.927254901960783,898,0.19863805281041308,0.287203722505413540
157,17.906173048957545,896,0.02150671342041216,0.110072383115412620
226,17.900000000000002,902,0.55290073159041492,0.641466401285415380
192,17.86114285714286,898,0.19863805281041308,0.287203722505413540
113,17.842,902,0.55290073159041492,0.641466401285415380
150,17.841914110429528,895,-0.06705895627458830,0.021506713420412160
194,17.82013157894737,895,-0.06705895627458830,0.021506713420412160
35,17.8,902,0.55290073159041492,0.641466401285415380
193,17.8,902,0.55290073159041492,0.641466401285415380
206,17.8,902,0.55290073159041492,0.641466401285415380
63,17.8,902,0.55290073159041492,0.641466401285415380
55,17.78557377049181,896,0.02150671342041216,0.110072383115412620
72,17.75237626231199,896,0.02150671342041216,0.110072383115412620
43,17.743835357624786,898,0.19863805281041308,0.287203722505413540
220,17.698700906344413,898,0.19863805281041308,0.287203722505413540
29,17.688333333333333,898,0.19863805281041308,0.287203722505413540
26,17.665,898,0.19863805281041308,0.287203722505413540
180,17.664496614981335,897,0.11007238311541262,0.198638052810413080
33,17.655672215108833,898,0.19863805281041308,0.287203722505413540
192,17.63776785714285,897,0.11007238311541262,0.198638052810413080
105,17.62933227344993,897,0.11007238311541262,0.198638052810413080
252,17.601750000000006,895,-0.06705895627458830,0.021506713420412160
133,17.575952380952373,895,-0.06705895627458830,0.021506713420412160
212,17.5715175097276,895,-0.06705895627458830,0.021506713420412160
39,17.56108695652174,901,0.46433506189541446,0.552900731590414920
22,17.560949612403103,898,0.19863805281041308,0.287203722505413540
96,17.557291487532254,898,0.19863805281041308,0.287203722505413540
6,17.55,904,0.73003207098041584,0.818597740675416300
113,17.535551948051957,898,0.19863805281041308,0.287203722505413540
130,17.53478260869565,897,0.11007238311541262,0.198638052810413080
65,17.534,899,0.28720372250541354,0.375769392200414000
22,17.529781021897723,897,0.11007238311541262,0.198638052810413080
116,17.52299531981276,898,0.19863805281041308,0.287203722505413540
243,17.516914893617024,897,0.11007238311541262,0.198638052810413080
239,17.51649289099524,902,0.55290073159041492,0.641466401285415380
56,17.491999999999997,898,0.19863805281041308,0.287203722505413540
230,17.486976744186045,895,-0.06705895627458830,0.021506713420412160
15,17.484369134515138,898,0.19863805281041308,0.287203722505413540
116,17.45661538461539,900,0.37576939220041400,0.464335061895414460
93,17.451086956521745,897,0.11007238311541262,0.198638052810413080
145,17.433010752688165,899,0.28720372250541354,0.375769392200414000
72,17.430000000000003,903,0.64146640128541538,0.730032070980415840
15,17.42184111445778,897,0.11007238311541262,0.198638052810413080
116,17.41818181818182,903,0.64146640128541538,0.730032070980415840
141,17.379399141630923,898,0.19863805281041308,0.287203722505413540
157,17.366619121907696,898,0.19863805281041308,0.287203722505413540
235,17.310665455900327,898,0.19863805281041308,0.287203722505413540
223,17.307499999999997,898,0.19863805281041308,0.287203722505413540
180,17.30487400122926,898,0.19863805281041308,0.287203722505413540
193,17.3,900,0.37576939220041400,0.464335061895414460
127,17.3,902,0.55290073159041492,0.641466401285415380
25,17.3,903,0.64146640128541538,0.730032070980415840
161,17.3,902,0.55290073159041492,0.641466401285415380
69,17.3,899,0.28720372250541354,0.375769392200414000
65,17.3,903,0.64146640128541538,0.730032070980415840
6,17.29339321357285,898,0.19863805281041308,0.287203722505413540
235,17.277133637055,896,0.02150671342041216,0.110072383115412620
30,17.27142857142857,900,0.37576939220041400,0.464335061895414460
253,17.235,902,0.55290073159041492,0.641466401285415380
249,17.227014925373133,895,-0.06705895627458830,0.021506713420412160
-1,17.22591160220993,903,0.64146640128541538,0.730032070980415840
43,17.225165342219604,896,0.02150671342041216,0.110072383115412620
33,17.22090420332353,897,0.11007238311541262,0.198638052810413080
236,17.160993377483436,898,0.19863805281041308,0.287203722505413540
172,17.147826086956524,900,0.37576939220041400,0.464335061895414460
105,17.116230248306994,898,0.19863805281041308,0.287203722505413540
60,17.107999999999997,895,-0.06705895627458830,0.021506713420412160
49,17.08910832719235,897,0.11007238311541262,0.198638052810413080
96,17.083353941267283,897,0.11007238311541262,0.198638052810413080
45,17.082462480857863,897,0.11007238311541262,0.198638052810413080
188,17.051495327102803,897,0.11007238311541262,0.198638052810413080
68,17.05,902,0.55290073159041492,0.641466401285415380
175,17.041896551724125,895,-0.06705895627458830,0.021506713420412160
253,17.032148205928195,898,0.19863805281041308,0.287203722505413540
229,17.018321415802195,898,0.19863805281041308,0.287203722505413540
103,16.998791208791207,895,-0.06705895627458830,0.021506713420412160
145,16.98742807165838,896,0.02150671342041216,0.110072383115412620
147,16.970833333333335,897,0.11007238311541262,0.198638052810413080
160,16.96736842105263,897,0.11007238311541262,0.198638052810413080
119,16.944000000000003,896,0.02150671342041216,0.110072383115412620
236,16.916173076923105,897,0.11007238311541262,0.198638052810413080
96,16.849999999999998,900,0.37576939220041400,0.464335061895414460
52,16.825189873417717,895,-0.06705895627458830,0.021506713420412160
61,16.825000000000003,900,0.37576939220041400,0.464335061895414460
235,16.823741007194233,900,0.37576939220041400,0.464335061895414460
143,16.819492753623173,899,0.28720372250541354,0.375769392200414000
113,16.81530516431916,897,0.11007238311541262,0.198638052810413080
165,16.79741935483871,898,0.19863805281041308,0.287203722505413540
28,16.74,895,-0.06705895627458830,0.021506713420412160
198,16.729986824769508,895,-0.06705895627458830,0.021506713420412160
93,16.685714285714287,896,0.02150671342041216,0.110072383115412620
172,16.677920288318795,898,0.19863805281041308,0.287203722505413540
164,16.671736873233936,898,0.19863805281041308,0.287203722505413540
215,16.653741307964804,898,0.19863805281041308,0.287203722505413540
6,16.64305555555556,900,0.37576939220041400,0.464335061895414460
62,16.636875,897,0.11007238311541262,0.198638052810413080
9,16.63472868217052,895,-0.06705895627458830,0.021506713420412160
253,16.630189633996935,897,0.11007238311541262,0.198638052810413080
147,16.553333333333335,898,0.19863805281041308,0.287203722505413540
65,16.550769230769227,900,0.37576939220041400,0.464335061895414460
75,16.54396285890482,898,0.19863805281041308,0.287203722505413540
157,16.5283550955418,897,0.11007238311541262,0.198638052810413080
47,16.523703703703706,895,-0.06705895627458830,0.021506713420412160
215,16.513216783216773,900,0.37576939220041400,0.464335061895414460
127,16.497142857142855,899,0.28720372250541354,0.375769392200414000
117,16.491818030126073,896,0.02150671342041216,0.110072383115412620
155,16.46666666666667,900,0.37576939220041400,0.464335061895414460
64,16.414285714285715,899,0.28720372250541354,0.375769392200414000
49,16.388039647577095,898,0.19863805281041308,0.287203722505413540
116,16.349213827444512,897,0.11007238311541262,0.198638052810413080
141,16.34587570621463,896,0.02150671342041216,0.110072383115412620
229,16.345821503616104,897,0.11007238311541262,0.198638052810413080
85,16.32530585652969,895,-0.06705895627458830,0.021506713420412160
106,16.31435483870967,900,0.37576939220041400,0.464335061895414460
88,16.302932330827055,895,-0.06705895627458830,0.021506713420412160
45,16.3,902,0.55290073159041492,0.641466401285415380
165,16.280754716981132,897,0.11007238311541262,0.198638052810413080
241,16.28,896,0.02150671342041216,0.110072383115412620
145,16.270010268570445,897,0.11007238311541262,0.198638052810413080
139,16.266666666666666,898,0.19863805281041308,0.287203722505413540
103,16.25,902,0.55290073159041492,0.641466401285415380
154,16.24668912160081,898,0.19863805281041308,0.287203722505413540
238,16.2140243902439,895,-0.06705895627458830,0.021506713420412160
23,16.212592592592596,897,0.11007238311541262,0.198638052810413080
72,16.197380882782806,898,0.19863805281041308,0.287203722505413540
216,16.17969325153373,895,-0.06705895627458830,0.021506713420412160
33,16.15,901,0.46433506189541446,0.552900731590414920
235,16.14711287629125,897,0.11007238311541262,0.198638052810413080
113,16.14,903,0.64146640128541538,0.730032070980415840
234,16.136721311475416,895,-0.06705895627458830,0.021506713420412160
69,16.135,898,0.19863805281041308,0.287203722505413540
-1,16.122428701926268,895,-0.06705895627458830,0.021506713420412160
79,16.1,899,0.28720372250541354,0.375769392200414000
194,16.09888888888889,897,0.11007238311541262,0.198638052810413080
84,16.065600000000003,895,-0.06705895627458830,0.021506713420412160
43,16.0427715311714,897,0.11007238311541262,0.198638052810413080
155,16.023067484662555,895,-0.06705895627458830,0.021506713420412160
215,16.01601297922365,896,0.02150671342041216,0.110072383115412620
168,16.0,898,0.19863805281041308,0.287203722505413540
157,15.998255813953493,899,0.28720372250541354,0.375769392200414000
31,15.975,900,0.37576939220041400,0.464335061895414460
48,15.9725,897,0.11007238311541262,0.198638052810413080
193,15.966666666666669,903,0.64146640128541538,0.730032070980415840
226,15.960879120879124,899,0.28720372250541354,0.375769392200414000
105,15.954545454545451,899,0.28720372250541354,0.375769392200414000
136,15.94293785310733,900,0.37576939220041400,0.464335061895414460
154,15.941404691283463,896,0.02150671342041216,0.110072383115412620
226,15.932884406853123,898,0.19863805281041308,0.287203722505413540
95,15.911875000000002,895,-0.06705895627458830,0.021506713420412160
30,15.907500000000006,899,0.28720372250541354,0.375769392200414000
75,15.880077821011653,900,0.37576939220041400,0.464335061895414460
220,15.871428571428572,900,0.37576939220041400,0.464335061895414460
94,15.844376706096552,895,-0.06705895627458830,0.021506713420412160
248,15.838284014906623,898,0.19863805281041308,0.287203722505413540
35,15.8,900,0.37576939220041400,0.464335061895414460
58,15.8,904,0.73003207098041584,0.818597740675416300
223,15.8,904,0.73003207098041584,0.818597740675416300
180,15.8,901,0.46433506189541446,0.552900731590414920
105,15.8,904,0.73003207098041584,0.818597740675416300
58,15.780918918918909,895,-0.06705895627458830,0.021506713420412160
182,15.770000000000001,897,0.11007238311541262,0.198638052810413080
159,15.754999999999999,898,0.19863805281041308,0.287203722505413540
96,15.752105263157896,899,0.28720372250541354,0.375769392200414000
164,15.736647904140534,896,0.02150671342041216,0.110072383115412620
113,15.711764705882354,900,0.37576939220041400,0.464335061895414460
171,15.691168009205967,898,0.19863805281041308,0.287203722505413540
141,15.683679935012265,897,0.11007238311541262,0.198638052810413080
227,15.658666666666669,900,0.37576939220041400,0.464335061895414460
8,15.634194756554287,899,0.28720372250541354,0.375769392200414000
70,15.633333333333335,904,0.73003207098041584,0.818597740675416300
47,15.631666666666666,897,0.11007238311541262,0.198638052810413080
222,15.627142857142863,895,-0.06705895627458830,0.021506713420412160
71,15.618181818181817,899,0.28720372250541354,0.375769392200414000
154,15.61107655502387,900,0.37576939220041400,0.464335061895414460
172,15.60986068111418,896,0.02150671342041216,0.110072383115412620
132,15.606250000000001,899,0.28720372250541354,0.375769392200414000
76,15.586666666666668,895,-0.06705895627458830,0.021506713420412160
86,15.571865808823631,895,-0.06705895627458830,0.021506713420412160
73,15.553469387755104,895,-0.06705895627458830,0.021506713420412160
114,15.536815043156691,898,0.19863805281041308,0.287203722505413540
114,15.536249999999992,900,0.37576939220041400,0.464335061895414460
117,15.533011652901322,898,0.19863805281041308,0.287203722505413540
41,15.530327527697116,896,0.02150671342041216,0.110072383115412620
15,15.510526315789477,900,0.37576939220041400,0.464335061895414460
119,15.497016574585626,897,0.11007238311541262,0.198638052810413080
75,15.490767010709758,896,0.02150671342041216,0.110072383115412620
106,15.490369974951841,898,0.19863805281041308,0.287203722505413540
119,15.48135802469135,895,-0.06705895627458830,0.021506713420412160
134,15.475418994413397,895,-0.06705895627458830,0.021506713420412160
41,15.419901668236898,898,0.19863805281041308,0.287203722505413540
72,15.413377756889618,897,0.11007238311541262,0.198638052810413080
8,15.407810980839244,895,-0.06705895627458830,0.021506713420412160
64,15.396699029126294,895,-0.06705895627458830,0.021506713420412160
228,15.386991786447705,895,-0.06705895627458830,0.021506713420412160
248,15.377410431879957,896,0.02150671342041216,0.110072383115412620
87,15.363854806692606,898,0.19863805281041308,0.287203722505413540
181,15.339447852760724,895,-0.06705895627458830,0.021506713420412160
171,15.317021276595751,900,0.37576939220041400,0.464335061895414460
36,15.3,903,0.64146640128541538,0.730032070980415840
206,15.3,899,0.28720372250541354,0.375769392200414000
45,15.3,903,0.64146640128541538,0.730032070980415840
237,15.3,906,0.90716341037041676,0.995729080065417220
172,15.3,906,0.90716341037041676,0.995729080065417220
8,15.3,903,0.64146640128541538,0.730032070980415840
200,15.3,895,-0.06705895627458830,0.021506713420412160
39,15.29966728945101,898,0.19863805281041308,0.287203722505413540
253,15.294172185430453,899,0.28720372250541354,0.375769392200414000
132,15.29,903,0.64146640128541538,0.730032070980415840
242,15.286428571428575,895,-0.06705895627458830,0.021506713420412160
135,15.279198813056393,895,-0.06705895627458830,0.021506713420412160
206,15.272281249999974,895,-0.06705895627458830,0.021506713420412160
118,15.26612903225805,895,-0.06705895627458830,0.021506713420412160
164,15.23248120300758,899,0.28720372250541354,0.375769392200414000
114,15.215718561303621,896,0.02150671342041216,0.110072383115412620
239,15.199258448828767,896,0.02150671342041216,0.110072383115412620
164,15.179999999999982,900,0.37576939220041400,0.464335061895414460
15,15.146842105263156,902,0.55290073159041492,0.641466401285415380
197,15.145275590551154,895,-0.06705895627458830,0.021506713420412160
171,15.116588500265303,896,0.02150671342041216,0.110072383115412620
83,15.09,895,-0.06705895627458830,0.021506713420412160
-1,15.089874213836467,902,0.55290073159041492,0.641466401285415380
240,15.078205887816026,896,0.02150671342041216,0.110072383115412620
226,15.073808325265846,896,0.02150671342041216,0.110072383115412620
132,15.064476650563643,895,-0.06705895627458830,0.021506713420412160
141,15.062500000000002,899,0.28720372250541354,0.375769392200414000
103,15.06,898,0.19863805281041308,0.287203722505413540
98,15.05,895,-0.06705895627458830,0.021506713420412160
120,15.049999999999999,895,-0.06705895627458830,0.021506713420412160
215,15.035477971983163,897,0.11007238311541262,0.198638052810413080
226,15.0,904,0.73003207098041584,0.818597740675416300
153,15.0,904,0.73003207098041584,0.818597740675416300
226,14.980357142857148,900,0.37576939220041400,0.464335061895414460
68,14.973738131699912,895,-0.06705895627458830,0.021506713420412160
245,14.966666666666669,904,0.73003207098041584,0.818597740675416300
41,14.964575835475648,900,0.37576939220041400,0.464335061895414460
22,14.950000000000001,899,0.28720372250541354,0.375769392200414000
36,14.942000000000002,899,0.28720372250541354,0.375769392200414000
117,14.92647275891861,897,0.11007238311541262,0.198638052810413080
7,14.924054054054055,895,-0.06705895627458830,0.021506713420412160
154,14.916319222734261,897,0.11007238311541262,0.198638052810413080
87,14.914663523361682,896,0.02150671342041216,0.110072383115412620
136,14.910857627118766,898,0.19863805281041308,0.287203722505413540
31,14.899883720930212,895,-0.06705895627458830,0.021506713420412160
117,14.889426523297523,900,0.37576939220041400,0.464335061895414460
130,14.889,898,0.19863805281041308,0.287203722505413540
106,14.861487181909519,896,0.02150671342041216,0.110072383115412620
172,14.852220151737333,897,0.11007238311541262,0.198638052810413080
203,14.851162790697678,895,-0.06705895627458830,0.021506713420412160
253,14.803396226415101,900,0.37576939220041400,0.464335061895414460
144,14.8,899,0.28720372250541354,0.375769392200414000
96,14.8,903,0.64146640128541538,0.730032070980415840
9,14.8,899,0.28720372250541354,0.375769392200414000
136,14.797393406984424,896,0.02150671342041216,0.110072383115412620
75,14.7703009334954,897,0.11007238311541262,0.198638052810413080
164,14.756858691731177,897,0.11007238311541262,0.198638052810413080
72,14.756476190476175,899,0.28720372250541354,0.375769392200414000
94,14.75,899,0.28720372250541354,0.375769392200414000
153,14.75,897,0.11007238311541262,0.198638052810413080
240,14.736454809982739,898,0.19863805281041308,0.287203722505413540
191,14.7,901,0.46433506189541446,0.552900731590414920
174,14.694999999999999,895,-0.06705895627458830,0.021506713420412160
172,14.685357142857148,899,0.28720372250541354,0.375769392200414000
71,14.675520974289638,895,-0.06705895627458830,0.021506713420412160
55,14.675,899,0.28720372250541354,0.375769392200414000
95,14.663333333333332,898,0.19863805281041308,0.287203722505413540
113,14.642926829268296,899,0.28720372250541354,0.375769392200414000
119,14.642857142857142,898,0.19863805281041308,0.287203722505413540
55,14.636226880394643,895,-0.06705895627458830,0.021506713420412160
229,14.634586206896591,900,0.37576939220041400,0.464335061895414460
87,14.633741007194235,900,0.37576939220041400,0.464335061895414460
75,14.62559246954603,899,0.28720372250541354,0.375769392200414000
191,14.592557856272649,895,-0.06705895627458830,0.021506713420412160
215,14.570113895216421,899,0.28720372250541354,0.375769392200414000
74,14.55,903,0.64146640128541538,0.730032070980415840
171,14.5499418604651,899,0.28720372250541354,0.375769392200414000
152,14.531681415929194,895,-0.06705895627458830,0.021506713420412160
43,14.525,902,0.55290073159041492,0.641466401285415380
151,14.505833333333312,895,-0.06705895627458830,0.021506713420412160
239,14.481129840184526,898,0.19863805281041308,0.287203722505413540
39,14.478829554495414,896,0.02150671342041216,0.110072383115412620
226,14.463644726613476,897,0.11007238311541262,0.198638052810413080
247,14.446400000000004,895,-0.06705895627458830,0.021506713420412160
30,14.406012706479943,895,-0.06705895627458830,0.021506713420412160
61,14.401153846153848,899,0.28720372250541354,0.375769392200414000
239,14.390171624714023,900,0.37576939220041400,0.464335061895414460
22,14.367277723892434,895,-0.06705895627458830,0.021506713420412160
158,14.357243243243229,895,-0.06705895627458830,0.021506713420412160
154,14.354063598031999,899,0.28720372250541354,0.375769392200414000
248,14.344176098476696,897,0.11007238311541262,0.198638052810413080
186,14.34,895,-0.06705895627458830,0.021506713420412160
201,14.338463855421685,895,-0.06705895627458830,0.021506713420412160
235,14.31228174603176,899,0.28720372250541354,0.375769392200414000
41,14.310286100762537,897,0.11007238311541262,0.198638052810413080
247,14.3,898,0.19863805281041308,0.287203722505413540
88,14.3,903,0.64146640128541538,0.730032070980415840
97,14.3,901,0.46433506189541446,0.552900731590414920
91,14.3,901,0.46433506189541446,0.552900731590414920
58,14.3,903,0.64146640128541538,0.730032070980415840
45,14.290714285714285,900,0.37576939220041400,0.464335061895414460
188,14.277085201793732,895,-0.06705895627458830,0.021506713420412160
43,14.229104477611946,899,0.28720372250541354,0.375769392200414000
220,14.227272727272727,899,0.28720372250541354,0.375769392200414000
241,14.223333333333334,898,0.19863805281041308,0.287203722505413540
98,14.16,897,0.11007238311541262,0.198638052810413080
126,14.145865865865957,895,-0.06705895627458830,0.021506713420412160
106,14.114073394495437,899,0.28720372250541354,0.375769392200414000
245,14.105076722167693,895,-0.06705895627458830,0.021506713420412160
181,14.1,898,0.19863805281041308,0.287203722505413540
227,14.097453698804609,895,-0.06705895627458830,0.021506713420412160
171,14.080723887813548,897,0.11007238311541262,0.198638052810413080
114,14.077005175239789,897,0.11007238311541262,0.198638052810413080
105,14.050000000000002,900,0.37576939220041400,0.464335061895414460
45,14.042165208941585,895,-0.06705895627458830,0.021506713420412160
0,14.00269230769231,895,-0.06705895627458830,0.021506713420412160
52,14.0,903,0.64146640128541538,0.730032070980415840
43,13.996151035324287,895,-0.06705895627458830,0.021506713420412160
114,13.994954128440398,899,0.28720372250541354,0.375769392200414000
245,13.966666666666669,902,0.55290073159041492,0.641466401285415380
39,13.957138883368485,897,0.11007238311541262,0.198638052810413080
39,13.952043010752693,900,0.37576939220041400,0.464335061895414460
229,13.948871436881902,899,0.28720372250541354,0.375769392200414000
63,13.940000000000001,899,0.28720372250541354,0.375769392200414000
243,13.93949044585986,895,-0.06705895627458830,0.021506713420412160
106,13.848335984755929,897,0.11007238311541262,0.198638052810413080
6,13.847058823529412,899,0.28720372250541354,0.375769392200414000
259,13.842307692307694,899,0.28720372250541354,0.375769392200414000
255,13.836555555555545,895,-0.06705895627458830,0.021506713420412160
87,13.826186330601601,897,0.11007238311541262,0.198638052810413080
90,13.809999999999999,898,0.19863805281041308,0.287203722505413540
181,13.8,902,0.55290073159041492,0.641466401285415380
46,13.8,899,0.28720372250541354,0.375769392200414000
30,13.8,903,0.64146640128541538,0.730032070980415840
109,13.8,903,0.64146640128541538,0.730032070980415840
174,13.8,903,0.64146640128541538,0.730032070980415840
251,13.8,902,0.55290073159041492,0.641466401285415380
56,13.8,903,0.64146640128541538,0.730032070980415840
240,13.760910408863731,897,0.11007238311541262,0.198638052810413080
41,13.732960107274339,899,0.28720372250541354,0.375769392200414000
162,13.725039370078733,895,-0.06705895627458830,0.021506713420412160
236,13.705309090909182,895,-0.06705895627458830,0.021506713420412160
240,13.69375209380237,900,0.37576939220041400,0.464335061895414460
193,13.693227326266259,895,-0.06705895627458830,0.021506713420412160
237,13.654051724137934,895,-0.06705895627458830,0.021506713420412160
145,13.637756105348258,895,-0.06705895627458830,0.021506713420412160
79,13.625470702582344,895,-0.06705895627458830,0.021506713420412160
117,13.623374005304976,899,0.28720372250541354,0.375769392200414000
141,13.572490785370048,895,-0.06705895627458830,0.021506713420412160
136,13.552134615384638,899,0.28720372250541354,0.375769392200414000
217,13.55,895,-0.06705895627458830,0.021506713420412160
239,13.543112989628371,897,0.11007238311541262,0.198638052810413080
192,13.503106796116478,895,-0.06705895627458830,0.021506713420412160
33,13.5,902,0.55290073159041492,0.641466401285415380
96,13.479999999999999,902,0.55290073159041492,0.641466401285415380
191,13.45,900,0.37576939220041400,0.464335061895414460
144,13.441908396946554,895,-0.06705895627458830,0.021506713420412160
248,13.43307344632775,899,0.28720372250541354,0.375769392200414000
245,13.411666666666665,899,0.28720372250541354,0.375769392200414000
147,13.39263157894737,895,-0.06705895627458830,0.021506713420412160
116,13.38461956521738,899,0.28720372250541354,0.375769392200414000
36,13.37142857142857,900,0.37576939220041400,0.464335061895414460
136,13.368171440525458,897,0.11007238311541262,0.198638052810413080
121,13.362499999999999,895,-0.06705895627458830,0.021506713420412160
51,13.336842105263157,899,0.28720372250541354,0.375769392200414000
51,13.33446744068648,895,-0.06705895627458830,0.021506713420412160
113,13.326666666666668,904,0.73003207098041584,0.818597740675416300
96,13.305925155924731,895,-0.06705895627458830,0.021506713420412160
43,13.3,904,0.73003207098041584,0.818597740675416300
150,13.3,904,0.73003207098041584,0.818597740675416300
70,13.3,903,0.64146640128541538,0.730032070980415840
177,13.3,896,0.02150671342041216,0.110072383115412620
56,13.26179878048778,895,-0.06705895627458830,0.021506713420412160
236,13.18888888888889,899,0.28720372250541354,0.375769392200414000
232,13.143749999999999,897,0.11007238311541262,0.198638052810413080
257,13.140769230769232,897,0.11007238311541262,0.198638052810413080
235,13.133889382327993,895,-0.06705895627458830,0.021506713420412160
163,13.098880597014922,895,-0.06705895627458830,0.021506713420412160
93,13.092723404255304,895,-0.06705895627458830,0.021506713420412160
62,13.085,898,0.19863805281041308,0.287203722505413540
46,13.059406779661012,895,-0.06705895627458830,0.021506713420412160
139,13.059090909090907,897,0.11007238311541262,0.198638052810413080
253,13.05696581196735,895,-0.06705895627458830,0.021506713420412160
33,13.056103991211796,895,-0.06705895627458830,0.021506713420412160
113,13.050449246516648,895,-0.06705895627458830,0.021506713420412160
64,13.05,901,0.46433506189541446,0.552900731590414920
87,13.044288659793825,899,0.28720372250541354,0.375769392200414000
61,13.03485177453013,895,-0.06705895627458830,0.021506713420412160
180,13.026798292422237,895,-0.06705895627458830,0.021506713420412160
19,13.02479166666667,895,-0.06705895627458830,0.021506713420412160
192,13.0,900,0.37576939220041400,0.464335061895414460
161,12.972706872370344,895,-0.06705895627458830,0.021506713420412160
105,12.966666666666669,903,0.64146640128541538,0.730032070980415840
23,12.932585227272716,895,-0.06705895627458830,0.021506713420412160
39,12.929657894736822,899,0.28720372250541354,0.375769392200414000
130,12.919908256880738,895,-0.06705895627458830,0.021506713420412160
143,12.911235035254446,895,-0.06705895627458830,0.021506713420412160
184,12.88,898,0.19863805281041308,0.287203722505413540
160,12.826056338028161,895,-0.06705895627458830,0.021506713420412160
112,12.799999999999999,895,-0.06705895627458830,0.021506713420412160
36,12.7766002184596,895,-0.06705895627458830,0.021506713420412160
259,12.765359595229102,895,-0.06705895627458830,0.021506713420412160
81,12.716,895,-0.06705895627458830,0.021506713420412160
151,12.709999999999999,898,0.19863805281041308,0.287203722505413540
6,12.7,903,0.64146640128541538,0.730032070980415840
15,12.681818181818185,899,0.28720372250541354,0.375769392200414000
94,12.675,900,0.37576939220041400,0.464335061895414460
213,12.617142857142857,897,0.11007238311541262,0.198638052810413080
172,12.616819829819692,895,-0.06705895627458830,0.021506713420412160
215,12.591453020949283,895,-0.06705895627458830,0.021506713420412160
220,12.562057471264438,895,-0.06705895627458830,0.021506713420412160
192,12.55,899,0.28720372250541354,0.375769392200414000
210,12.549999999999999,895,-0.06705895627458830,0.021506713420412160
229,12.51058135032414,895,-0.06705895627458830,0.021506713420412160
15,12.507772335422795,895,-0.06705895627458830,0.021506713420412160
6,12.487359682732754,895,-0.06705895627458830,0.021506713420412160
239,12.457061774022979,899,0.28720372250541354,0.375769392200414000
202,12.407999999999998,895,-0.06705895627458830,0.021506713420412160
165,12.403678160919547,895,-0.06705895627458830,0.021506713420412160
112,12.4,896,0.02150671342041216,0.110072383115412620
65,12.375567975045247,895,-0.06705895627458830,0.021506713420412160
45,12.369821428571433,899,0.28720372250541354,0.375769392200414000
30,12.350000000000001,901,0.46433506189541446,0.552900731590414920
182,12.325925925925924,895,-0.06705895627458830,0.021506713420412160
127,12.3,904,0.73003207098041584,0.818597740675416300
49,12.3,902,0.55290073159041492,0.641466401285415380
133,12.3,900,0.37576939220041400,0.464335061895414460
99,12.3,904,0.73003207098041584,0.818597740675416300
76,12.3,900,0.37576939220041400,0.464335061895414460
19,12.3,902,0.55290073159041492,0.641466401285415380
165,12.3,901,0.46433506189541446,0.552900731590414920
0,12.3,896,0.02150671342041216,0.110072383115412620
157,12.292941176470586,901,0.46433506189541446,0.552900731590414920
127,12.276011579285756,895,-0.06705895627458830,0.021506713420412160
240,12.263754693366641,899,0.28720372250541354,0.375769392200414000
143,12.244047619047619,900,0.37576939220041400,0.464335061895414460
75,12.211526025411747,895,-0.06705895627458830,0.021506713420412160
227,12.1875,902,0.55290073159041492,0.641466401285415380
159,12.165000000000001,896,0.02150671342041216,0.110072383115412620
23,12.15,899,0.28720372250541354,0.375769392200414000
49,12.13039887640455,895,-0.06705895627458830,0.021506713420412160
117,12.08449812405795,895,-0.06705895627458830,0.021506713420412160
248,12.070069499057004,895,-0.06705895627458830,0.021506713420412160
105,12.019485949280408,895,-0.06705895627458830,0.021506713420412160
157,11.973992268495293,895,-0.06705895627458830,0.021506713420412160
164,11.907554742935156,895,-0.06705895627458830,0.021506713420412160
171,11.872569581850993,895,-0.06705895627458830,0.021506713420412160
154,11.853282545938947,895,-0.06705895627458830,0.021506713420412160
114,11.844607768561708,895,-0.06705895627458830,0.021506713420412160
18,11.832608695652178,895,-0.06705895627458830,0.021506713420412160
59,11.8,895,-0.06705895627458830,0.021506713420412160
191,11.66,899,0.28720372250541354,0.375769392200414000
41,11.636503301346556,895,-0.06705895627458830,0.021506713420412160
136,11.601844540316566,895,-0.06705895627458830,0.021506713420412160
257,11.576428571428577,895,-0.06705895627458830,0.021506713420412160
106,11.497454339807412,895,-0.06705895627458830,0.021506713420412160
226,11.409582863586225,895,-0.06705895627458830,0.021506713420412160
51,11.300000000000002,900,0.37576939220041400,0.464335061895414460
95,11.3,896,0.02150671342041216,0.110072383115412620
238,11.3,899,0.28720372250541354,0.375769392200414000
116,11.28783776466063,895,-0.06705895627458830,0.021506713420412160
87,11.278693446562126,895,-0.06705895627458830,0.021506713420412160
72,11.195593395645053,895,-0.06705895627458830,0.021506713420412160
39,11.186500289594578,895,-0.06705895627458830,0.021506713420412160
123,11.16,897,0.11007238311541262,0.198638052810413080
60,11.15,897,0.11007238311541262,0.198638052810413080
62,10.996,895,-0.06705895627458830,0.021506713420412160
240,10.835677488327434,895,-0.06705895627458830,0.021506713420412160
133,10.8,903,0.64146640128541538,0.730032070980415840
228,10.8,901,0.46433506189541446,0.552900731590414920
222,10.8,903,0.64146640128541538,0.730032070980415840
69,10.8,900,0.37576939220041400,0.464335061895414460
212,10.8,903,0.64146640128541538,0.730032070980415840
201,10.8,903,0.64146640128541538,0.730032070980415840
94,10.8,903,0.64146640128541538,0.730032070980415840
135,10.8,900,0.37576939220041400,0.464335061895414460
48,10.68888888888889,895,-0.06705895627458830,0.021506713420412160
66,10.555,895,-0.06705895627458830,0.021506713420412160
239,10.534477346126547,895,-0.06705895627458830,0.021506713420412160
144,10.3,901,0.46433506189541446,0.552900731590414920
79,10.3,902,0.55290073159041492,0.641466401285415380
51,10.3,903,0.64146640128541538,0.730032070980415840
54,10.299999999999999,895,-0.06705895627458830,0.021506713420412160
49,10.271818181818182,899,0.28720372250541354,0.375769392200414000
206,10.15,900,0.37576939220041400,0.464335061895414460
227,10.0,903,0.64146640128541538,0.730032070980415840
213,10.0,898,0.19863805281041308,0.287203722505413540
79,9.925,900,0.37576939220041400,0.464335061895414460
65,9.866666666666667,901,0.46433506189541446,0.552900731590414920
243,9.8,901,0.46433506189541446,0.552900731590414920
109,9.8,902,0.55290073159041492,0.641466401285415380
31,9.8,903,0.64146640128541538,0.730032070980415840
201,9.8,902,0.55290073159041492,0.641466401285415380
232,9.8,896,0.02150671342041216,0.110072383115412620
223,9.8,896,0.02150671342041216,0.110072383115412620
146,9.799999999999999,895,-0.06705895627458830,0.021506713420412160
126,9.633333333333335,899,0.28720372250541354,0.375769392200414000
241,9.55,897,0.11007238311541262,0.198638052810413080
244,9.3,898,0.19863805281041308,0.287203722505413540
197,9.3,901,0.46433506189541446,0.552900731590414920
30,9.175,902,0.55290073159041492,0.641466401285415380
160,9.0225,898,0.19863805281041308,0.287203722505413540
212,8.88,902,0.55290073159041492,0.641466401285415380
197,8.84,902,0.55290073159041492,0.641466401285415380
69,8.8,902,0.55290073159041492,0.641466401285415380
243,8.8,900,0.37576939220041400,0.464335061895414460
243,8.8,902,0.55290073159041492,0.641466401285415380
19,8.4,900,0.37576939220041400,0.464335061895414460
228,8.36,900,0.37576939220041400,0.464335061895414460
136,8.3,906,0.90716341037041676,0.995729080065417220
119,8.3,899,0.28720372250541354,0.375769392200414000
201,8.3,899,0.28720372250541354,0.375769392200414000
182,8.1,898,0.19863805281041308,0.287203722505413540
167,7.8,895,-0.06705895627458830,0.021506713420412160
9,7.8,900,0.37576939220041400,0.464335061895414460
56,7.6,901,0.46433506189541446,0.552900731590414920
224,7.280000000000001,895,-0.06705895627458830,0.021506713420412160
181,7.050000000000001,899,0.28720372250541354,0.375769392200414000
207,6.8,895,-0.06705895627458830,0.021506713420412160
102,6.8,895,-0.06705895627458830,0.021506713420412160
211,6.8,895,-0.06705895627458830,0.021506713420412160
159,6.6,901,0.46433506189541446,0.552900731590414920
38,6.55,895,-0.06705895627458830,0.021506713420412160
64,6.3,900,0.37576939220041400,0.464335061895414460
73,6.08,899,0.28720372250541354,0.375769392200414000
151,6.0,900,0.37576939220041400,0.464335061895414460
179,5.385714285714286,895,-0.06705895627458830,0.021506713420412160
39,5.3,906,0.90716341037041676,0.995729080065417220
210,4.92,898,0.19863805281041308,0.287203722505413540
80,3.3,895,-0.06705895627458830,0.021506713420412160
8,0.3,0,-79.33333333330000000,-79.244767663604999540
140,0.0,895,-0.06705895627458830,0.021506713420412160
