level,pickup_zone,avg_tip_percentage,bkt_trip_distance,trip_distance_start,trip_distance_end
1,0|1|4|5|6|7|8|9|10|12|13|14|15|16|17|18|19|20|22|23|24|25|26|27|28|29|30|31|33|34|35|36|37|38|39|41|43|44|45|46|47|48|49|50|51|52|53|54|55|56|57|58|59|60|61|62|63|64|65|66|67|68|69|70|71|72|73|74|75|76|77|78|79|81|82|83|84|85|86|87|88|89|90|91|92|93|94|95|96|97|98|99|101|102|103|104|105|106|108|109|112|113|114|115|116|117|118|119|120|121|122|125|126|127|128|129|130|131|132|133|134|135|136|137|138|139|141|142|143|144|145|146|147|148|150|151|152|153|154|155|156|157|158|159|160|161|162|163|164|165|166|167|168|169|171|172|173|174|175|176|177|178|179|180|181|182|183|184|186|188|189|191|192|193|194|195|196|197|198|199|200|201|202|203|204|205|206|207|208|210|211|212|213|214|215|216|217|218|219|220|221|222|223|224|225|226|227|228|229|230|231|232|234|235|236|237|238|239|240|241|242|243|244|245|246|247|248|249|250|251|252|253|254|255|256|257|259,0.10092654858613277,0,0.0,2981.095465503512
1,0|1|4|5|6|7|8|9|10|12|13|14|15|16|17|18|19|20|22|23|24|25|26|27|28|29|30|31|33|34|35|36|37|38|39|41|43|44|45|46|47|48|49|50|51|52|53|54|55|56|57|58|59|60|61|62|63|64|65|66|67|68|69|70|71|72|73|74|75|76|77|78|79|81|82|83|84|85|86|87|88|89|90|91|92|93|94|95|96|97|98|99|101|102|103|104|105|106|108|109|112|113|114|115|116|117|118|119|120|121|122|125|126|127|128|129|130|131|132|133|134|135|136|137|138|139|141|142|143|144|145|146|147|148|150|151|152|153|154|155|156|157|158|159|160|161|162|163|164|165|166|167|168|169|171|172|173|174|175|176|177|178|179|180|181|182|183|184|186|188|189|191|192|193|194|195|196|197|198|199|200|201|202|203|204|205|206|207|208|210|211|212|213|214|215|216|217|218|219|220|221|222|223|224|225|226|227|228|229|230|231|232|234|235|236|237|238|239|240|241|242|243|244|245|246|247|248|249|250|251|252|253|254|255|256|257|259,0.10227178812191595,818,2438536.090781873,2441517.1862473763
1,0|1|4|5|6|7|8|9|10|12|13|14|15|16|17|18|19|20|22|23|24|25|26|27|28|29|30|31|33|34|35|36|37|38|39|41|43|44|45|46|47|48|49|50|51|52|53|54|55|56|57|58|59|60|61|62|63|64|65|66|67|68|69|70|71|72|73|74|75|76|77|78|79|81|82|83|84|85|86|87|88|89|90|91|92|93|94|95|96|97|98|99|101|102|103|104|105|106|108|109|112|113|114|115|116|117|118|119|120|121|122|125|126|127|128|129|130|131|132|133|134|135|136|137|138|139|141|142|143|144|145|146|147|148|150|151|152|153|154|155|156|157|158|159|160|161|162|163|164|165|166|167|168|169|171|172|173|174|175|176|177|178|179|180|181|182|183|184|186|188|189|191|192|193|194|195|196|197|198|199|200|201|202|203|204|205|206|207|208|210|211|212|213|214|215|216|217|218|219|220|221|222|223|224|225|226|227|228|229|230|231|232|234|235|236|237|238|239|240|241|242|243|244|245|246|247|248|249|250|251|252|253|254|255|256|257|259,0.10227178812191595,212,631992.2386867446,634973.3341522481
1,0|1|4|5|6|7|8|9|10|12|13|14|15|16|17|18|19|20|22|23|24|25|26|27|28|29|30|31|33|34|35|36|37|38|39|41|43|44|45|46|47|48|49|50|51|52|53|54|55|56|57|58|59|60|61|62|63|64|65|66|67|68|69|70|71|72|73|74|75|76|77|78|79|81|82|83|84|85|86|87|88|89|90|91|92|93|94|95|96|97|98|99|101|102|103|104|105|106|108|109|112|113|114|115|116|117|118|119|120|121|122|125|126|127|128|129|130|131|132|133|134|135|136|137|138|139|141|142|143|144|145|146|147|148|150|151|152|153|154|155|156|157|158|159|160|161|162|163|164|165|166|167|168|169|171|172|173|174|175|176|177|178|179|180|181|182|183|184|186|188|189|191|192|193|194|195|196|197|198|199|200|201|202|203|204|205|206|207|208|210|211|212|213|214|215|216|217|218|219|220|221|222|223|224|225|226|227|228|229|230|231|232|234|235|236|237|238|239|240|241|242|243|244|245|246|247|248|249|250|251|252|253|254|255|256|257|259,0.10227178812191595,470,1401114.8687866507,1404095.964252154
1,0|1|4|5|6|7|8|9|10|12|13|14|15|16|17|18|19|20|22|23|24|25|26|27|28|29|30|31|33|34|35|36|37|38|39|41|43|44|45|46|47|48|49|50|51|52|53|54|55|56|57|58|59|60|61|62|63|64|65|66|67|68|69|70|71|72|73|74|75|76|77|78|79|81|82|83|84|85|86|87|88|89|90|91|92|93|94|95|96|97|98|99|101|102|103|104|105|106|108|109|112|113|114|115|116|117|118|119|120|121|122|125|126|127|128|129|130|131|132|133|134|135|136|137|138|139|141|142|143|144|145|146|147|148|150|151|152|153|154|155|156|157|158|159|160|161|162|163|164|165|166|167|168|169|171|172|173|174|175|176|177|178|179|180|181|182|183|184|186|188|189|191|192|193|194|195|196|197|198|199|200|201|202|203|204|205|206|207|208|210|211|212|213|214|215|216|217|218|219|220|221|222|223|224|225|226|227|228|229|230|231|232|234|235|236|237|238|239|240|241|242|243|244|245|246|247|248|249|250|251|252|253|254|255|256|257|259,0.10227178812191595,554,1651526.8878889456,1654507.9833544493
1,0|1|4|5|6|7|8|9|10|12|13|14|15|16|17|18|19|20|22|23|24|25|26|27|28|29|30|31|33|34|35|36|37|38|39|41|43|44|45|46|47|48|49|50|51|52|53|54|55|56|57|58|59|60|61|62|63|64|65|66|67|68|69|70|71|72|73|74|75|76|77|78|79|81|82|83|84|85|86|87|88|89|90|91|92|93|94|95|96|97|98|99|101|102|103|104|105|106|108|109|112|113|114|115|116|117|118|119|120|121|122|125|126|127|128|129|130|131|132|133|134|135|136|137|138|139|141|142|143|144|145|146|147|148|150|151|152|153|154|155|156|157|158|159|160|161|162|163|164|165|166|167|168|169|171|172|173|174|175|176|177|178|179|180|181|182|183|184|186|188|189|191|192|193|194|195|196|197|198|199|200|201|202|203|204|205|206|207|208|210|211|212|213|214|215|216|217|218|219|220|221|222|223|224|225|226|227|228|229|230|231|232|234|235|236|237|238|239|240|241|242|243|244|245|246|247|248|249|250|251|252|253|254|255|256|257|259,0.10227178812191595,2683,7998279.133945923,8001260.229411426
1,0|1|4|5|6|7|8|9|10|12|13|14|15|16|17|18|19|20|22|23|24|25|26|27|28|29|30|31|33|34|35|36|37|38|39|41|43|44|45|46|47|48|49|50|51|52|53|54|55|56|57|58|59|60|61|62|63|64|65|66|67|68|69|70|71|72|73|74|75|76|77|78|79|81|82|83|84|85|86|87|88|89|90|91|92|93|94|95|96|97|98|99|101|102|103|104|105|106|108|109|112|113|114|115|116|117|118|119|120|121|122|125|126|127|128|129|130|131|132|133|134|135|136|137|138|139|141|142|143|144|145|146|147|148|150|151|152|153|154|155|156|157|158|159|160|161|162|163|164|165|166|167|168|169|171|172|173|174|175|176|177|178|179|180|181|182|183|184|186|188|189|191|192|193|194|195|196|197|198|199|200|201|202|203|204|205|206|207|208|210|211|212|213|214|215|216|217|218|219|220|221|222|223|224|225|226|227|228|229|230|231|232|234|235|236|237|238|239|240|241|242|243|244|245|246|247|248|249|250|251|252|253|254|255|256|257|259,0.10227177284100762,1565,4665414.403512997,4668395.4989785
1,0|1|4|5|6|7|8|9|10|12|13|14|15|16|17|18|19|20|22|23|24|25|26|27|28|29|30|31|33|34|35|36|37|38|39|41|43|44|45|46|47|48|49|50|51|52|53|54|55|56|57|58|59|60|61|62|63|64|65|66|67|68|69|70|71|72|73|74|75|76|77|78|79|81|82|83|84|85|86|87|88|89|90|91|92|93|94|95|96|97|98|99|101|102|103|104|105|106|108|109|112|113|114|115|116|117|118|119|120|121|122|125|126|127|128|129|130|131|132|133|134|135|136|137|138|139|141|142|143|144|145|146|147|148|150|151|152|153|154|155|156|157|158|159|160|161|162|163|164|165|166|167|168|169|171|172|173|174|175|176|177|178|179|180|181|182|183|184|186|188|189|191|192|193|194|195|196|197|198|199|200|201|202|203|204|205|206|207|208|210|211|212|213|214|215|216|217|218|219|220|221|222|223|224|225|226|227|228|229|230|231|232|234|235|236|237|238|239|240|241|242|243|244|245|246|247|248|249|250|251|252|253|254|255|256|257|259,0.10227178812191595,94,280222.97375733015,283204.06922283367
1,2|3|11|21|32|40|42|80|100|107|110|111|123|124|140|149|170|185|187|190|209|233|258,0.10227160451792242,0,0.0,2981.095465503512
2,1|5|6|10|13|14|15|16|17|20|25|27|29|31|33|34|35|37|44|47|50|52|58|59|62|63|65|67|70|73|74|78|79|82|83|89|91|92|94|95|99|102|103|119|120|121|122|125|127|128|129|130|131|133|134|137|139|142|144|150|152|159|166|173|178|181|182|183|184|188|194|198|199|201|202|204|205|208|210|216|218|219|221|223|227|230|237|242|247|249|251|256|259,0.10237511366667087,0,0.0,2981.095465503512
2,2|3|4|7|8|9|11|19|21|22|23|26|30|32|36|38|40|41|42|43|45|48|49|51|53|54|57|61|64|66|68|69|71|75|80|81|85|86|87|88|96|97|98|100|101|104|105|106|107|108|109|110|111|112|113|114|115|117|123|124|132|136|138|140|141|145|146|148|149|153|154|155|156|164|165|167|168|169|170|171|172|176|179|180|186|187|189|190|191|192|193|195|197|200|207|209|211|212|213|214|215|217|220|224|225|226|228|229|231|232|235|236|243|246|248|250|253|254|255|258,0.0973880458745573,0,0.0,2981.095465503512
2,2|3|4|7|8|9|11|19|21|22|23|26|30|32|36|38|40|41|42|43|45|48|49|51|53|54|57|61|64|66|68|69|71|75|80|81|85|86|87|88|96|97|98|100|101|104|105|106|107|108|109|110|111|112|113|114|115|117|123|124|132|136|138|140|141|145|146|148|149|153|154|155|156|164|165|167|168|169|170|171|172|176|179|180|186|187|189|190|191|192|193|195|197|200|207|209|211|212|213|214|215|217|220|224|225|226|228|229|231|232|235|236|243|246|248|250|253|254|255|258,0.10227178812191595,212,631992.2386867446,634973.3341522481
2,2|3|4|7|8|9|11|19|21|22|23|26|30|32|36|38|40|41|42|43|45|48|49|51|53|54|57|61|64|66|68|69|71|75|80|81|85|86|87|88|96|97|98|100|101|104|105|106|107|108|109|110|111|112|113|114|115|117|123|124|132|136|138|140|141|145|146|148|149|153|154|155|156|164|165|167|168|169|170|171|172|176|179|180|186|187|189|190|191|192|193|195|197|200|207|209|211|212|213|214|215|217|220|224|225|226|228|229|231|232|235|236|243|246|248|250|253|254|255|258,0.10227178812191595,2683,7998279.133945923,8001260.229411426
2,2|3|4|7|8|9|11|19|21|22|23|26|30|32|36|38|40|41|42|43|45|48|49|51|53|54|57|61|64|66|68|69|71|75|80|81|85|86|87|88|96|97|98|100|101|104|105|106|107|108|109|110|111|112|113|114|115|117|123|124|132|136|138|140|141|145|146|148|149|153|154|155|156|164|165|167|168|169|170|171|172|176|179|180|186|187|189|190|191|192|193|195|197|200|207|209|211|212|213|214|215|217|220|224|225|226|228|229|231|232|235|236|243|246|248|250|253|254|255|258,0.10227177284100762,1565,4665414.403512997,4668395.4989785
2,0|12|18|28|39|46|55|56|60|72|76|77|84|93|116|118|126|135|143|147|151|157|158|160|161|162|163|174|175|177|196|203|206|222|234|238|239|240|241|244|245|252|257,0.10444219679437007,0,0.0,2981.095465503512
2,0|12|18|28|39|46|55|56|60|72|76|77|84|93|116|118|126|135|143|147|151|157|158|160|161|162|163|174|175|177|196|203|206|222|234|238|239|240|241|244|245|252|257,0.10227178812191595,818,2438536.090781873,2441517.1862473763
2,0|12|18|28|39|46|55|56|60|72|76|77|84|93|116|118|126|135|143|147|151|157|158|160|161|162|163|174|175|177|196|203|206|222|234|238|239|240|241|244|245|252|257,0.10227178812191595,470,1401114.8687866507,1404095.964252154
2,0|12|18|28|39|46|55|56|60|72|76|77|84|93|116|118|126|135|143|147|151|157|158|160|161|162|163|174|175|177|196|203|206|222|234|238|239|240|241|244|245|252|257,0.10227178812191595,554,1651526.8878889456,1654507.9833544493
2,0|12|18|28|39|46|55|56|60|72|76|77|84|93|116|118|126|135|143|147|151|157|158|160|161|162|163|174|175|177|196|203|206|222|234|238|239|240|241|244|245|252|257,0.10227178812191595,94,280222.97375733015,283204.06922283367
2,24|90,0.10227190022805019,0,0.0,2981.095465503512
3,6|8|15|22|30|33|36|39|41|43|45|49|51|53|61|64|65|68|72|75|85|87|96|104|105|106|113|114|116|117|136|141|143|145|150|154|157|164|165|171|172|180|191|192|193|196|197|201|206|215|220|226|227|229|235|236|239|240|243|248|253|255|259,0.10218977316660546,0,0.0,2981.095465503512
3,6|8|15|22|30|33|36|39|41|43|45|49|51|53|61|64|65|68|72|75|85|87|96|104|105|106|113|114|116|117|136|141|143|145|150|154|157|164|165|171|172|180|191|192|193|196|197|201|206|215|220|226|227|229|235|236|239|240|243|248|253|255|259,0.10227178812191595,818,2438536.090781873,2441517.1862473763
3,6|8|15|22|30|33|36|39|41|43|45|49|51|53|61|64|65|68|72|75|85|87|96|104|105|106|113|114|116|117|136|141|143|145|150|154|157|164|165|171|172|180|191|192|193|196|197|201|206|215|220|226|227|229|235|236|239|240|243|248|253|255|259,0.10227178812191595,212,631992.2386867446,634973.3341522481
3,6|8|15|22|30|33|36|39|41|43|45|49|51|53|61|64|65|68|72|75|85|87|96|104|105|106|113|114|116|117|136|141|143|145|150|154|157|164|165|171|172|180|191|192|193|196|197|201|206|215|220|226|227|229|235|236|239|240|243|248|253|255|259,0.10227178812191595,470,1401114.8687866507,1404095.964252154
3,6|8|15|22|30|33|36|39|41|43|45|49|51|53|61|64|65|68|72|75|85|87|96|104|105|106|113|114|116|117|136|141|143|145|150|154|157|164|165|171|172|180|191|192|193|196|197|201|206|215|220|226|227|229|235|236|239|240|243|248|253|255|259,0.10227178812191595,554,1651526.8878889456,1654507.9833544493
3,6|8|15|22|30|33|36|39|41|43|45|49|51|53|61|64|65|68|72|75|85|87|96|104|105|106|113|114|116|117|136|141|143|145|150|154|157|164|165|171|172|180|191|192|193|196|197|201|206|215|220|226|227|229|235|236|239|240|243|248|253|255|259,0.10227178812191595,2683,7998279.133945923,8001260.229411426
3,6|8|15|22|30|33|36|39|41|43|45|49|51|53|61|64|65|68|72|75|85|87|96|104|105|106|113|114|116|117|136|141|143|145|150|154|157|164|165|171|172|180|191|192|193|196|197|201|206|215|220|226|227|229|235|236|239|240|243|248|253|255|259,0.10227177284100762,1565,4665414.403512997,4668395.4989785
3,6|8|15|22|30|33|36|39|41|43|45|49|51|53|61|64|65|68|72|75|85|87|96|104|105|106|113|114|116|117|136|141|143|145|150|154|157|164|165|171|172|180|191|192|193|196|197|201|206|215|220|226|227|229|235|236|239|240|243|248|253|255|259,0.10227178812191595,94,280222.97375733015,283204.06922283367
3,0|12|18|28|29|46|50|55|56|60|73|76|77|84|93|118|126|135|144|147|158|159|160|162|163|174|175|177|181|184|203|222|234|238|241|242|244|245|247|252|257,0.10233511369276542,0,0.0,2981.095465503512
3,2|3|11|21|32|38|40|42|80|81|100|107|110|123|138|140|149|168|170|187|189|195|200|209|231|246|250|254|258,0.1022717501651583,0,0.0,2981.095465503512
3,7|16|19|20|23|24|26|31|35|57|71|74|86|88|90|101|109|112|132|146|148|155|156|166|186|211|212,0.10229446366834744,0,0.0,2981.095465503512
3,10|37|44|47|52|58|59|70|83|91|125|127|137|151|161|173|182|183|188|202|210|216|218|230|237|249|251,0.10187322628328326,0,0.0,2981.095465503512
3,5|14|27|78|82|131|139|204|205|208|219|221,0.10250310924728008,0,0.0,2981.095465503512
3,1|13|17|25|34|62|67|89|92|94|99|102|119|120|121|122|128|129|130|133|134|142|178|194|198|199|223|256,0.10229688161788977,0,0.0,2981.095465503512
3,4|9|48|54|66|69|97|98|108|115|153|167|169|176|179|207|213|214|217|224|225|228|232,0.10227679832287687,0,0.0,2981.095465503512
3,124|185|190|233,0.1022717552240514,0,0.0,2981.095465503512
3,63|79|95|103|152,0.10230149676084967,0,0.0,2981.095465503512
4,15|22|30|36|43|49|51|53|61|64|68|75|96|105|113|145|165|180|191|192|193|220|236|243|253|255,0.10199639006034039,0,0.0,2981.095465503512
4,6|47|55|56|60|65|70|72|73|125|137|144|151|160|161|173|188|196|202|216|218,0.10221929305090185,0,0.0,2981.095465503512
4,4|38|48|54|66|81|98|108|115|153|167|179|195|207|213|214|217|224|225|231|232|246,0.10227216154315988,0,0.0,2981.095465503512
4,7|9|19|23|69|86|109|112|132|155|228,0.1022897672023624,0,0.0,2981.095465503512
4,39|117|136|143|154|157|164|206|229|239|240,0.1052298204765778,0,0.0,2981.095465503512
4,39|117|136|143|154|157|164|206|229|239|240,0.10227178812191595,470,1401114.8687866507,1404095.964252154
4,39|117|136|143|154|157|164|206|229|239|240,0.10227178812191595,554,1651526.8878889456,1654507.9833544493
4,39|117|136|143|154|157|164|206|229|239|240,0.10227178812191595,94,280222.97375733015,283204.06922283367
4,18|84|93|126|135|147|158|162|163|174|175|203|222|234|238|241|245,0.10231701043237744,0,0.0,2981.095465503512
4,0|12|28|29|50|76|77|159|177|181|182|184|242|244|247|249|252|257,0.10227668815928609,0,0.0,2981.095465503512
4,2|40|124|185|190|209|233|258,0.10227176593473465,0,0.0,2981.095465503512
4,1|13|17|62|67|99|119|120|121|129|130|194|223,0.10227436054422591,0,0.0,2981.095465503512
4,31|33|63|79|95|103|150|152|201|227|259,0.10240273672623429,0,0.0,2981.095465503512
4,35|74|122|178|256,0.10227573250476717,0,0.0,2981.095465503512
4,8|41|45|85|87|106|114|141|171|172|215|226|235|248,0.09999388296101444,0,0.0,2981.095465503512
4,8|41|45|85|87|106|114|141|171|172|215|226|235|248,0.10227178812191595,212,631992.2386867446,634973.3341522481
4,8|41|45|85|87|106|114|141|171|172|215|226|235|248,0.10227178812191595,2683,7998279.133945923,8001260.229411426
4,8|41|45|85|87|106|114|141|171|172|215|226|235|248,0.10227177284100762,1565,4665414.403512997,4668395.4989785
4,25|91|92|94|128|133|134|199|219,0.10229503245729525,0,0.0,2981.095465503512
4,5|27|78|204|205,0.10227167732568569,0,0.0,2981.095465503512
4,58|127|198,0.10230204295448111,0,0.0,2981.095465503512
4,37|52|59|83|210|230|237|251,0.1022736087088604,0,0.0,2981.095465503512
4,11|80|110|111|138|140|168|169|176|200,0.10227180403637298,0,0.0,2981.095465503512
4,89|102|142,0.1022719591950519,0,0.0,2981.095465503512
4,34|131|139|208|221,0.10250123442500411,0,0.0,2981.095465503512
4,3|21|32|107|123|149|187|189|250,0.1022716582508427,0,0.0,2981.095465503512
4,16|166,0.10227177838264997,0,0.0,2981.095465503512
4,20|71|88|156,0.10227571491473124,0,0.0,2981.095465503512
4,26|57|101|146|211|212,0.10227390599548293,0,0.0,2981.095465503512
4,14|82,0.10227175619193023,0,0.0,2981.095465503512
4,42|100|170,0.10227173782273269,0,0.0,2981.095465503512
4,24|90|148|186,0.102271874490636,0,0.0,2981.095465503512
4,44|183,0.10227177004363733,0,0.0,2981.095465503512
4,116|118,0.10245579344768764,0,0.0,2981.095465503512
4,116|118,0.10227178812191595,818,2438536.090781873,2441517.1862473763
4,10,0.1022717932095996,0,0.0,2981.095465503512
4,46,0.10227262222877592,0,0.0,2981.095465503512
4,104|197,0.10227220757311475,0,0.0,2981.095465503512
4,97,0.10227251449992925,0,0.0,2981.095465503512
5,22|30|36|43|45|51|53|64|68|85|96|105|236|243,0.10225763063540082,0,0.0,2981.095465503512
5,81|138|250|254,0.10227182562926936,0,0.0,2981.095465503512
5,4|48|54|98|179|207|213,0.10227197256454787,0,0.0,2981.095465503512
5,143|150|227|259,0.10247296462187308,0,0.0,2981.095465503512
5,143|150|227|259,0.10227178812191595,470,1401114.8687866507,1404095.964252154
5,143|150|227|259,0.10227178812191595,554,1651526.8878889456,1654507.9833544493
5,143|150|227|259,0.10227178812191595,94,280222.97375733015,283204.06922283367
5,26|109,0.10227297985735141,0,0.0,2981.095465503512
5,39|206|239,0.10310381012006739,0,0.0,2981.095465503512
5,58|92|94,0.10227982416341778,0,0.0,2981.095465503512
5,37|159|181|182|210|237|242|249,0.10227501899518396,0,0.0,2981.095465503512
5,55|56|144|151|161|188|196,0.1022975431064325,0,0.0,2981.095465503512
5,175|177|241|244|252|257,0.10227347012758463,0,0.0,2981.095465503512
5,71,0.10227504955617372,0,0.0,2981.095465503512
5,47|125|173|202|216|218,0.1022733229271784,0,0.0,2981.095465503512
5,49|180|191|192|220,0.10227847878628721,0,0.0,2981.095465503512
5,128,0.1022757163805251,0,0.0,2981.095465503512
5,118|158|162|245,0.10230418283953124,0,0.0,2981.095465503512
5,31,0.10227202227138626,0,0.0,2981.095465503512
5,87|106|117|136|154|164|229,0.10201411516636302,0,0.0,2981.095465503512
5,66|108|153|168|169|176,0.10227179690394606,0,0.0,2981.095465503512
5,15|61|193,0.1022980323133963,0,0.0,2981.095465503512
5,167|195|214|224|225|232,0.10227182386090418,0,0.0,2981.095465503512
5,84|135|147|174|203|222,0.10227529352236886,0,0.0,2981.095465503512
5,62|99|129,0.10227240578184042,0,0.0,2981.095465503512
5,18|28|29|60|73|234|247,0.10227367926232728,0,0.0,2981.095465503512
5,122|178|256,0.1022734456798786,0,0.0,2981.095465503512
5,133|199,0.10227581065702798,0,0.0,2981.095465503512
5,126|238,0.10227814536872246,0,0.0,2981.095465503512
5,59|230,0.10227214581452035,0,0.0,2981.095465503512
5,3|21|123|149|187,0.10227167533820934,0,0.0,2981.095465503512
5,7|9|19|69|97,0.10227455993519073,0,0.0,2981.095465503512
5,34|139|208|221,0.1022728004306129,0,0.0,2981.095465503512
5,44,0.1022717749024489,0,0.0,2981.095465503512
5,115|246,0.10227184309704473,0,0.0,2981.095465503512
5,12|50|76|77,0.10227213388186855,0,0.0,2981.095465503512
5,11|140|200,0.10227179749875172,0,0.0,2981.095465503512
5,5|78|204,0.1022716304413298,0,0.0,2981.095465503512
5,14|82,0.10227175619193023,0,0.0,2981.095465503512
5,52,0.10227225503080142,0,0.0,2981.095465503512
5,1|67|142,0.10227183576378239,0,0.0,2981.095465503512
5,112|228,0.10227432444610403,0,0.0,2981.095465503512
5,10,0.1022717932095996,0,0.0,2981.095465503512
5,70|137,0.10182138097051494,0,0.0,2981.095465503512
5,116|157,0.1024730938974612,0,0.0,2981.095465503512
5,116|157,0.10227178812191595,818,2438536.090781873,2441517.1862473763
5,32|107|189,0.10227176165779737,0,0.0,2981.095465503512
5,93|163,0.10227443919600086,0,0.0,2981.095465503512
5,57|211,0.10227201041936883,0,0.0,2981.095465503512
5,104|197,0.10227220757311475,0,0.0,2981.095465503512
5,38,0.10227179812733535,0,0.0,2981.095465503512
5,119|121|223,0.102272021900132,0,0.0,2981.095465503512
5,80|124,0.1022717763513538,0,0.0,2981.095465503512
5,41|75|114|141|145|171|172|215|226|235|248,0.10032415099369565,0,0.0,2981.095465503512
5,41|75|114|141|145|171|172|215|226|235|248,0.10227178812191595,212,631992.2386867446,634973.3341522481
5,41|75|114|141|145|171|172|215|226|235|248,0.10227178812191595,2683,7998279.133945923,8001260.229411426
5,41|75|114|141|145|171|172|215|226|235|248,0.10227177284100762,1565,4665414.403512997,4668395.4989785
5,46|160,0.102273741203548,0,0.0,2981.095465503512
5,79|127,0.10232298073092068,0,0.0,2981.095465503512
5,146|212,0.10227319226870889,0,0.0,2981.095465503512
5,25|130,0.10227371464219273,0,0.0,2981.095465503512
5,63|95|103|152,0.10227395575205277,0,0.0,2981.095465503512
5,90,0.10227187209746304,0,0.0,2981.095465503512
5,198,0.10227612764499795,0,0.0,2981.095465503512
5,170,0.10227173782273269,0,0.0,2981.095465503512
5,120|194,0.10227235047191804,0,0.0,2981.095465503512
5,72,0.10254207856284825,0,0.0,2981.095465503512
5,217,0.10227177098841905,0,0.0,2981.095465503512
5,86|132,0.10227965377360838,0,0.0,2981.095465503512
5,20|148|156,0.10227206533414496,0,0.0,2981.095465503512
5,190|209|258,0.10227177559485748,0,0.0,2981.095465503512
5,0|184,0.10227224564723761,0,0.0,2981.095465503512
5,155,0.10227398967398021,0,0.0,2981.095465503512
5,17|89|102,0.10227210910266854,0,0.0,2981.095465503512
5,113|253,0.10226556358573556,0,0.0,2981.095465503512
5,23,0.10227436266699216,0,0.0,2981.095465503512
5,165,0.10227194107664582,0,0.0,2981.095465503512
5,240,0.10252915712556172,0,0.0,2981.095465503512
5,33|201,0.1022772328891582,0,0.0,2981.095465503512
5,134,0.10227300753802857,0,0.0,2981.095465503512
5,91,0.10227679219910628,0,0.0,2981.095465503512
5,219,0.10227383545360917,0,0.0,2981.095465503512
5,2,0.10227178085552745,0,0.0,2981.095465503512
5,6|65,0.10236418087073532,0,0.0,2981.095465503512
5,16|205,0.10227182526684156,0,0.0,2981.095465503512
5,13,0.10227196367412293,0,0.0,2981.095465503512
5,24,0.1022718068755892,0,0.0,2981.095465503512
5,8,0.10216980660138267,0,0.0,2981.095465503512
5,74,0.1022731769847609,0,0.0,2981.095465503512
5,255,0.10227202133557352,0,0.0,2981.095465503512
5,88,0.10227218789196572,0,0.0,2981.095465503512
5,35,0.10227266697640963,0,0.0,2981.095465503512
5,83,0.10227179937783656,0,0.0,2981.095465503512
5,101|186,0.10227172246792975,0,0.0,2981.095465503512
5,251,0.10227189969691361,0,0.0,2981.095465503512
5,131,0.10250018023207949,0,0.0,2981.095465503512
5,183,0.10227177388627598,0,0.0,2981.095465503512
6,30|51|64|68,0.10226933681047612,0,0.0,2981.095465503512
6,109,0.10227249783314098,0,0.0,2981.095465503512
6,140|200,0.10227179749875172,0,0.0,2981.095465503512
6,255,0.10227202133557352,0,0.0,2981.095465503512
6,211,0.1022718068755892,0,0.0,2981.095465503512
6,41,0.10195773741856265,0,0.0,2981.095465503512
6,41,0.10227178812191595,212,631992.2386867446,634973.3341522481
6,50,0.10227197792438292,0,0.0,2981.095465503512
6,58,0.10227404409815614,0,0.0,2981.095465503512
6,88,0.10227218789196572,0,0.0,2981.095465503512
6,78,0.10227164019375547,0,0.0,2981.095465503512
6,20,0.10227193786475786,0,0.0,2981.095465503512
6,80,0.10227178812191595,0,0.0,2981.095465503512
6,49|96,0.10229115774485867,0,0.0,2981.095465503512
6,18|60|234,0.1022726722171935,0,0.0,2981.095465503512
6,4,0.10227179826344202,0,0.0,2981.095465503512
6,216,0.10227304913040883,0,0.0,2981.095465503512
6,16|166,0.10227177838264997,0,0.0,2981.095465503512
6,67,0.10227184313620408,0,0.0,2981.095465503512
6,154|164|229,0.10243818269442645,0,0.0,2981.095465503512
6,7,0.10227197201916857,0,0.0,2981.095465503512
6,74,0.1022731769847609,0,0.0,2981.095465503512
6,251,0.10227189969691361,0,0.0,2981.095465503512
6,135|147|222,0.10227494258673318,0,0.0,2981.095465503512
6,165,0.10227194107664582,0,0.0,2981.095465503512
6,139,0.10227177292959268,0,0.0,2981.095465503512
6,84|203,0.10227211852040387,0,0.0,2981.095465503512
6,72,0.10254207856284825,0,0.0,2981.095465503512
6,95|103,0.10227240680344446,0,0.0,2981.095465503512
6,98|207|213,0.10227183007588819,0,0.0,2981.095465503512
6,143,0.10237706202394133,0,0.0,2981.095465503512
6,143,0.10227178812191595,470,1401114.8687866507,1404095.964252154
6,143,0.10227178812191595,554,1651526.8878889456,1654507.9833544493
6,143,0.10227178812191595,94,280222.97375733015,283204.06922283367
6,259,0.10231117325363039,0,0.0,2981.095465503512
6,122,0.10227188339550553,0,0.0,2981.095465503512
6,258,0.10227178734532333,0,0.0,2981.095465503512
6,66|153,0.10227179974317051,0,0.0,2981.095465503512
6,240,0.10252915712556172,0,0.0,2981.095465503512
6,44,0.1022717749024489,0,0.0,2981.095465503512
6,43|114|141|171|172|215,0.10194805955620391,0,0.0,2981.095465503512
6,19,0.10227212495632432,0,0.0,2981.095465503512
6,1,0.10227173368043688,0,0.0,2981.095465503512
6,45|85|235|236,0.10202257207478313,0,0.0,2981.095465503512
6,57,0.1022719822887101,0,0.0,2981.095465503512
6,36|53,0.10226943889871792,0,0.0,2981.095465503512
6,245,0.10230045555202538,0,0.0,2981.095465503512
6,195|246,0.10227183744389258,0,0.0,2981.095465503512
6,22,0.10227314622212536,0,0.0,2981.095465503512
6,167|224,0.10227180486334413,0,0.0,2981.095465503512
6,13,0.10227196367412293,0,0.0,2981.095465503512
6,177|252,0.10227218741044891,0,0.0,2981.095465503512
6,127,0.1022954217580455,0,0.0,2981.095465503512
6,97,0.10227251449992925,0,0.0,2981.095465503512
6,204,0.10227177640755791,0,0.0,2981.095465503512
6,146,0.10227180097151589,0,0.0,2981.095465503512
6,158|162,0.10227418595495846,0,0.0,2981.095465503512
6,14,0.10227178047125816,0,0.0,2981.095465503512
6,256,0.10227251595513623,0,0.0,2981.095465503512
6,55|56|118,0.10228033161889931,0,0.0,2981.095465503512
6,38,0.10227179812733535,0,0.0,2981.095465503512
6,29|181|242,0.10227345511963955,0,0.0,2981.095465503512
6,221,0.10227245881017347,0,0.0,2981.095465503512
6,237,0.10227259740104729,0,0.0,2981.095465503512
6,75|106|136|226,0.10167366765170047,0,0.0,2981.095465503512
6,26,0.10227226075019354,0,0.0,2981.095465503512
6,115|214,0.10227180558967805,0,0.0,2981.095465503512
6,130,0.10227252654826269,0,0.0,2981.095465503512
6,33,0.10227557012039376,0,0.0,2981.095465503512
6,150,0.1022763086139087,0,0.0,2981.095465503512
6,239,0.10295543105212665,0,0.0,2981.095465503512
6,151|161|188,0.10228765078812359,0,0.0,2981.095465503512
6,217,0.10227177098841905,0,0.0,2981.095465503512
6,21,0.10227173563935137,0,0.0,2981.095465503512
6,152,0.10227246488539365,0,0.0,2981.095465503512
6,24,0.1022718068755892,0,0.0,2981.095465503512
6,46|163|238,0.1022743607983187,0,0.0,2981.095465503512
6,169,0.10227178812191595,0,0.0,2981.095465503512
6,39,0.10238801664364221,0,0.0,2981.095465503512
6,48|179,0.10227183850391557,0,0.0,2981.095465503512
6,191,0.10227335809747826,0,0.0,2981.095465503512
6,116,0.1024544666733777,0,0.0,2981.095465503512
6,116,0.10227178812191595,818,2438536.090781873,2441517.1862473763
6,253,0.10226690477836128,0,0.0,2981.095465503512
6,219,0.10227383545360917,0,0.0,2981.095465503512
6,145,0.10219285348039421,0,0.0,2981.095465503512
6,223,0.10227177996431386,0,0.0,2981.095465503512
6,129,0.10227218070885112,0,0.0,2981.095465503512
6,71,0.10227504955617372,0,0.0,2981.095465503512
6,199,0.10227424819477297,0,0.0,2981.095465503512
6,225|232,0.10227177655112071,0,0.0,2981.095465503512
6,34,0.10227191802282232,0,0.0,2981.095465503512
6,61,0.10227793287428572,0,0.0,2981.095465503512
6,176,0.10227179749875172,0,0.0,2981.095465503512
6,137,0.10179484209107288,0,0.0,2981.095465503512
6,189,0.10227179749875172,0,0.0,2981.095465503512
6,198,0.10227612764499795,0,0.0,2981.095465503512
6,69,0.10227200315789149,0,0.0,2981.095465503512
6,6,0.10234745121538248,0,0.0,2981.095465503512
6,194,0.10227231742451927,0,0.0,2981.095465503512
6,175,0.10227247386916839,0,0.0,2981.095465503512
6,89,0.1022719328486995,0,0.0,2981.095465503512
6,157,0.10228953714394082,0,0.0,2981.095465503512
6,32,0.10227172465756704,0,0.0,2981.095465503512
6,76,0.10227178211064619,0,0.0,2981.095465503512
6,220,0.10227151223049252,0,0.0,2981.095465503512
6,0,0.10227213504010939,0,0.0,2981.095465503512
6,126,0.10227748853023927,0,0.0,2981.095465503512
6,249,0.10227229629473654,0,0.0,2981.095465503512
6,144|160,0.10227595445155453,0,0.0,2981.095465503512
6,212,0.10227317004100246,0,0.0,2981.095465503512
6,227,0.10232306962263184,0,0.0,2981.095465503512
6,15,0.10228836005834137,0,0.0,2981.095465503512
6,228,0.1022742700523751,0,0.0,2981.095465503512
6,59,0.10227181035891583,0,0.0,2981.095465503512
6,31,0.10227202227138626,0,0.0,2981.095465503512
6,159,0.10227197845429181,0,0.0,2981.095465503512
6,86,0.10227679593903646,0,0.0,2981.095465503512
6,65,0.10228842058268904,0,0.0,2981.095465503512
6,77,0.10227182104772403,0,0.0,2981.095465503512
6,81,0.10227182562926936,0,0.0,2981.095465503512
6,243,0.10227221354420937,0,0.0,2981.095465503512
6,73,0.10227211090270254,0,0.0,2981.095465503512
6,113,0.10227044754399073,0,0.0,2981.095465503512
6,28,0.10227186755007305,0,0.0,2981.095465503512
6,3|149,0.10227177692437688,0,0.0,2981.095465503512
6,12|184,0.10227199963868773,0,0.0,2981.095465503512
6,108|168,0.10227174777532896,0,0.0,2981.095465503512
6,2,0.10227178085552745,0,0.0,2981.095465503512
6,193,0.10227527683237135,0,0.0,2981.095465503512
6,183,0.10227177388627598,0,0.0,2981.095465503512
6,119|121,0.10227202068000697,0,0.0,2981.095465503512
6,182,0.10227200923281912,0,0.0,2981.095465503512
6,25,0.10227296678322151,0,0.0,2981.095465503512
6,205,0.10227182562926936,0,0.0,2981.095465503512
6,37,0.10227191071338534,0,0.0,2981.095465503512
6,107,0.10227179699164189,0,0.0,2981.095465503512
6,248,0.10195901282742284,0,0.0,2981.095465503512
6,248,0.10227178812191595,2683,7998279.133945923,8001260.229411426
6,248,0.10227177284100762,1565,4665414.403512997,4668395.4989785
6,92,0.10227170339857648,0,0.0,2981.095465503512
6,117,0.10248047326536511,0,0.0,2981.095465503512
6,180,0.10227273879313724,0,0.0,2981.095465503512
6,123|187,0.10227172026466799,0,0.0,2981.095465503512
6,70,0.10229803081981761,0,0.0,2981.095465503512
6,8,0.10216980660138267,0,0.0,2981.095465503512
6,102,0.10227176739900182,0,0.0,2981.095465503512
6,101|148,0.10227180928474107,0,0.0,2981.095465503512
6,87,0.10205585970834047,0,0.0,2981.095465503512
6,174,0.10227178984315212,0,0.0,2981.095465503512
6,244,0.10227203582100465,0,0.0,2981.095465503512
6,91,0.10227679219910628,0,0.0,2981.095465503512
6,196,0.10227136869841222,0,0.0,2981.095465503512
6,120,0.10227181179180468,0,0.0,2981.095465503512
6,125,0.10227188152182978,0,0.0,2981.095465503512
6,170,0.10227173782273269,0,0.0,2981.095465503512
6,93,0.10227335732400926,0,0.0,2981.095465503512
6,155,0.10227398967398021,0,0.0,2981.095465503512
6,134,0.10227300753802857,0,0.0,2981.095465503512
6,63,0.10227264147119171,0,0.0,2981.095465503512
6,23,0.10227436266699216,0,0.0,2981.095465503512
6,112,0.10227183312249574,0,0.0,2981.095465503512
6,186,0.10227172246792975,0,0.0,2981.095465503512
6,35,0.10227266697640963,0,0.0,2981.095465503512
6,94,0.10227763298475184,0,0.0,2981.095465503512
6,79,0.10229931722090589,0,0.0,2981.095465503512
6,124,0.10227176697451912,0,0.0,2981.095465503512
6,133,0.10227334096069803,0,0.0,2981.095465503512
6,9,0.10227306012037092,0,0.0,2981.095465503512
6,62,0.102271825156173,0,0.0,2981.095465503512
6,142,0.10227181643723864,0,0.0,2981.095465503512
6,247,0.10227213582028659,0,0.0,2981.095465503512
6,83,0.10227179937783656,0,0.0,2981.095465503512
6,206,0.10227306469979354,0,0.0,2981.095465503512
6,190,0.10227176699461742,0,0.0,2981.095465503512
6,241,0.1022717579454072,0,0.0,2981.095465503512
6,47,0.10227197992015843,0,0.0,2981.095465503512
6,132,0.10227463557485075,0,0.0,2981.095465503512
6,82,0.10227175446577243,0,0.0,2981.095465503512
6,201,0.10227344042391981,0,0.0,2981.095465503512
6,202,0.1022717485752318,0,0.0,2981.095465503512
6,17,0.10227196634368771,0,0.0,2981.095465503512
6,105,0.102273213777751,0,0.0,2981.095465503512
6,128,0.1022757163805251,0,0.0,2981.095465503512
6,178,0.10227260377499074,0,0.0,2981.095465503512
6,156,0.10227187567397703,0,0.0,2981.095465503512
6,197,0.10227220757311475,0,0.0,2981.095465503512
6,210,0.10227167308967161,0,0.0,2981.095465503512
6,192,0.10227263429893196,0,0.0,2981.095465503512
6,5,0.10227177133043519,0,0.0,2981.095465503512
6,54,0.10227184195569303,0,0.0,2981.095465503512
6,208,0.10227198688319473,0,0.0,2981.095465503512
6,90,0.10227187209746304,0,0.0,2981.095465503512
6,257,0.10227213001551674,0,0.0,2981.095465503512
6,230,0.10227211420037319,0,0.0,2981.095465503512
6,131,0.10250018023207949,0,0.0,2981.095465503512
6,99,0.10227195740075047,0,0.0,2981.095465503512
6,52,0.10227225503080142,0,0.0,2981.095465503512
6,10,0.1022717932095996,0,0.0,2981.095465503512
7,248,0.10195901282742284,0,0.0,2981.095465503512
7,248,0.10227178812191595,2683,7998279.133945923,8001260.229411426
7,248,0.10227177284100762,1565,4665414.403512997,4668395.4989785
7,228,0.1022742700523751,0,0.0,2981.095465503512
7,207,0.10227178812191595,0,0.0,2981.095465503512
7,161,0.10228270790915993,0,0.0,2981.095465503512
7,74,0.1022731769847609,0,0.0,2981.095465503512
7,164,0.10214644477785814,0,0.0,2981.095465503512
7,232,0.10227173904375779,0,0.0,2981.095465503512
7,106,0.1020913391260011,0,0.0,2981.095465503512
7,84,0.10227183310257819,0,0.0,2981.095465503512
7,15,0.10228836005834137,0,0.0,2981.095465503512
7,31,0.10227202227138626,0,0.0,2981.095465503512
7,33,0.10227557012039376,0,0.0,2981.095465503512
7,34,0.10227191802282232,0,0.0,2981.095465503512
7,19,0.10227212495632432,0,0.0,2981.095465503512
7,156,0.10227187567397703,0,0.0,2981.095465503512
7,184,0.10227188935088745,0,0.0,2981.095465503512
7,165,0.10227194107664582,0,0.0,2981.095465503512
7,215,0.10214696242360463,0,0.0,2981.095465503512
7,47,0.10227197992015843,0,0.0,2981.095465503512
7,73,0.10227211090270254,0,0.0,2981.095465503512
7,90,0.10227187209746304,0,0.0,2981.095465503512
7,43|236,0.10231277832205524,0,0.0,2981.095465503512
7,70,0.10229803081981761,0,0.0,2981.095465503512
7,259,0.10231117325363039,0,0.0,2981.095465503512
7,194,0.10227231742451927,0,0.0,2981.095465503512
7,245,0.10230045555202538,0,0.0,2981.095465503512
7,129,0.10227218070885112,0,0.0,2981.095465503512
7,72,0.10254207856284825,0,0.0,2981.095465503512
7,82,0.10227175446577243,0,0.0,2981.095465503512
7,44,0.1022717749024489,0,0.0,2981.095465503512
7,122,0.10227188339550553,0,0.0,2981.095465503512
7,22,0.10227314622212536,0,0.0,2981.095465503512
7,52,0.10227225503080142,0,0.0,2981.095465503512
7,178,0.10227260377499074,0,0.0,2981.095465503512
7,107,0.10227179699164189,0,0.0,2981.095465503512
7,51,0.10226660008203199,0,0.0,2981.095465503512
7,239,0.10295543105212665,0,0.0,2981.095465503512
7,32,0.10227172465756704,0,0.0,2981.095465503512
7,136,0.10216613477523812,0,0.0,2981.095465503512
7,63,0.10227264147119171,0,0.0,2981.095465503512
7,150,0.1022763086139087,0,0.0,2981.095465503512
7,240,0.10252915712556172,0,0.0,2981.095465503512
7,141|172,0.10224394207516499,0,0.0,2981.095465503512
7,67,0.10227184313620408,0,0.0,2981.095465503512
7,93,0.10227335732400926,0,0.0,2981.095465503512
7,116,0.1024544666733777,0,0.0,2981.095465503512
7,116,0.10227178812191595,818,2438536.090781873,2441517.1862473763
7,135,0.10227424493886218,0,0.0,2981.095465503512
7,223,0.10227177996431386,0,0.0,2981.095465503512
7,127,0.1022954217580455,0,0.0,2981.095465503512
7,1,0.10227173368043688,0,0.0,2981.095465503512
7,25,0.10227296678322151,0,0.0,2981.095465503512
7,6,0.10234745121538248,0,0.0,2981.095465503512
7,99,0.10227195740075047,0,0.0,2981.095465503512
7,46,0.10227262222877592,0,0.0,2981.095465503512
7,252,0.10227211974180443,0,0.0,2981.095465503512
7,131,0.10250018023207949,0,0.0,2981.095465503512
7,204,0.10227177640755791,0,0.0,2981.095465503512
7,55,0.10227665388480238,0,0.0,2981.095465503512
7,10,0.1022717932095996,0,0.0,2981.095465503512
7,221,0.10227245881017347,0,0.0,2981.095465503512
7,56,0.10227414129967585,0,0.0,2981.095465503512
7,113,0.10227044754399073,0,0.0,2981.095465503512
7,246,0.10227181625242843,0,0.0,2981.095465503512
7,28,0.10227186755007305,0,0.0,2981.095465503512
7,257,0.10227213001551674,0,0.0,2981.095465503512
7,69,0.10227200315789149,0,0.0,2981.095465503512
7,57,0.1022719822887101,0,0.0,2981.095465503512
7,81,0.10227182562926936,0,0.0,2981.095465503512
7,112,0.10227183312249574,0,0.0,2981.095465503512
7,83,0.10227179937783656,0,0.0,2981.095465503512
7,48,0.10227184148311126,0,0.0,2981.095465503512
7,120,0.10227181179180468,0,0.0,2981.095465503512
7,146,0.10227180097151589,0,0.0,2981.095465503512
7,97,0.10227251449992925,0,0.0,2981.095465503512
7,258,0.10227178734532333,0,0.0,2981.095465503512
7,58,0.10227404409815614,0,0.0,2981.095465503512
7,87,0.10205585970834047,0,0.0,2981.095465503512
7,217,0.10227177098841905,0,0.0,2981.095465503512
7,16,0.10227177838264997,0,0.0,2981.095465503512
7,247,0.10227213582028659,0,0.0,2981.095465503512
7,158,0.10227330879713814,0,0.0,2981.095465503512
7,89,0.1022719328486995,0,0.0,2981.095465503512
7,176,0.10227179749875172,0,0.0,2981.095465503512
7,179,0.102271775765838,0,0.0,2981.095465503512
7,181,0.10227300593666934,0,0.0,2981.095465503512
7,175,0.10227247386916839,0,0.0,2981.095465503512
7,85,0.10218440827833618,0,0.0,2981.095465503512
7,202,0.1022717485752318,0,0.0,2981.095465503512
7,220,0.10227151223049252,0,0.0,2981.095465503512
7,64,0.10226903793569182,0,0.0,2981.095465503512
7,9,0.10227306012037092,0,0.0,2981.095465503512
7,196,0.10227136869841222,0,0.0,2981.095465503512
7,7,0.10227197201916857,0,0.0,2981.095465503512
7,255,0.10227202133557352,0,0.0,2981.095465503512
7,134,0.10227300753802857,0,0.0,2981.095465503512
7,182,0.10227200923281912,0,0.0,2981.095465503512
7,121,0.10227185015079263,0,0.0,2981.095465503512
7,188,0.1022748258391594,0,0.0,2981.095465503512
7,243,0.10227221354420937,0,0.0,2981.095465503512
7,123,0.10227172026466799,0,0.0,2981.095465503512
7,68,0.10228218435712319,0,0.0,2981.095465503512
7,0,0.10227213504010939,0,0.0,2981.095465503512
7,169,0.10227178812191595,0,0.0,2981.095465503512
7,154,0.10212969878194508,0,0.0,2981.095465503512
7,77,0.10227182104772403,0,0.0,2981.095465503512
7,206,0.10227306469979354,0,0.0,2981.095465503512
7,256,0.10227251595513623,0,0.0,2981.095465503512
7,2,0.10227178085552745,0,0.0,2981.095465503512
7,200,0.10227178812191595,0,0.0,2981.095465503512
7,65,0.10228842058268904,0,0.0,2981.095465503512
7,105,0.102273213777751,0,0.0,2981.095465503512
7,75,0.10200177712976634,0,0.0,2981.095465503512
7,186,0.10227172246792975,0,0.0,2981.095465503512
7,203,0.10227206416152192,0,0.0,2981.095465503512
7,199,0.10227424819477297,0,0.0,2981.095465503512
7,234,0.10227233070347498,0,0.0,2981.095465503512
7,118,0.10227309310318485,0,0.0,2981.095465503512
7,162,0.10227265586204311,0,0.0,2981.095465503512
7,78,0.10227164019375547,0,0.0,2981.095465503512
7,242,0.10227199894872989,0,0.0,2981.095465503512
7,79,0.10229931722090589,0,0.0,2981.095465503512
7,114|171,0.10207467078851266,0,0.0,2981.095465503512
7,23,0.10227436266699216,0,0.0,2981.095465503512
7,88,0.10227218789196572,0,0.0,2981.095465503512
7,98,0.10227179159467807,0,0.0,2981.095465503512
7,4,0.10227179826344202,0,0.0,2981.095465503512
7,13,0.10227196367412293,0,0.0,2981.095465503512
7,244,0.10227203582100465,0,0.0,2981.095465503512
7,133,0.10227334096069803,0,0.0,2981.095465503512
7,130,0.10227252654826269,0,0.0,2981.095465503512
7,195,0.10227179993652798,0,0.0,2981.095465503512
7,219,0.10227383545360917,0,0.0,2981.095465503512
7,148,0.10227180928474107,0,0.0,2981.095465503512
7,36,0.10226775705707879,0,0.0,2981.095465503512
7,124,0.10227176697451912,0,0.0,2981.095465503512
7,144,0.1022748354075032,0,0.0,2981.095465503512
7,155,0.10227398967398021,0,0.0,2981.095465503512
7,145,0.10219285348039421,0,0.0,2981.095465503512
7,163,0.10227286056365383,0,0.0,2981.095465503512
7,157,0.10228953714394082,0,0.0,2981.095465503512
7,151,0.10227367254981212,0,0.0,2981.095465503512
7,211,0.1022718068755892,0,0.0,2981.095465503512
7,177,0.102271846413072,0,0.0,2981.095465503512
7,208,0.10227198688319473,0,0.0,2981.095465503512
7,21,0.10227173563935137,0,0.0,2981.095465503512
7,190,0.10227176699461742,0,0.0,2981.095465503512
7,95,0.10227197600539048,0,0.0,2981.095465503512
7,39,0.10238801664364221,0,0.0,2981.095465503512
7,30,0.1022668651968664,0,0.0,2981.095465503512
7,5,0.10227177133043519,0,0.0,2981.095465503512
7,61,0.10227793287428572,0,0.0,2981.095465503512
7,213,0.10227180784939667,0,0.0,2981.095465503512
7,241,0.1022717579454072,0,0.0,2981.095465503512
7,189,0.10227179749875172,0,0.0,2981.095465503512
7,237,0.10227259740104729,0,0.0,2981.095465503512
7,41,0.10195773741856265,0,0.0,2981.095465503512
7,41,0.10227178812191595,212,631992.2386867446,634973.3341522481
7,50,0.10227197792438292,0,0.0,2981.095465503512
7,115,0.10227180558967805,0,0.0,2981.095465503512
7,8,0.10216980660138267,0,0.0,2981.095465503512
7,86,0.10227679593903646,0,0.0,2981.095465503512
7,197,0.10227220757311475,0,0.0,2981.095465503512
7,59,0.10227181035891583,0,0.0,2981.095465503512
7,49,0.10227533859531569,0,0.0,2981.095465503512
7,159,0.10227197845429181,0,0.0,2981.095465503512
7,210,0.10227167308967161,0,0.0,2981.095465503512
7,128,0.1022757163805251,0,0.0,2981.095465503512
7,183,0.10227177388627598,0,0.0,2981.095465503512
7,76,0.10227178211064619,0,0.0,2981.095465503512
7,17,0.10227196634368771,0,0.0,2981.095465503512
7,91,0.10227679219910628,0,0.0,2981.095465503512
7,137,0.10179484209107288,0,0.0,2981.095465503512
7,205,0.10227182562926936,0,0.0,2981.095465503512
7,94,0.10227763298475184,0,0.0,2981.095465503512
7,96,0.10228758872230738,0,0.0,2981.095465503512
7,20,0.10227193786475786,0,0.0,2981.095465503512
7,224,0.10227179548650338,0,0.0,2981.095465503512
7,212,0.10227317004100246,0,0.0,2981.095465503512
7,109,0.10227249783314098,0,0.0,2981.095465503512
7,192,0.10227263429893196,0,0.0,2981.095465503512
7,227,0.10232306962263184,0,0.0,2981.095465503512
7,125,0.10227188152182978,0,0.0,2981.095465503512
7,167,0.10227178812191595,0,0.0,2981.095465503512
7,174,0.10227178984315212,0,0.0,2981.095465503512
7,170,0.10227173782273269,0,0.0,2981.095465503512
7,37,0.10227191071338534,0,0.0,2981.095465503512
7,102,0.10227176739900182,0,0.0,2981.095465503512
7,235,0.10209299203885207,0,0.0,2981.095465503512
7,24,0.1022718068755892,0,0.0,2981.095465503512
7,225,0.10227181625242843,0,0.0,2981.095465503512
7,26,0.10227226075019354,0,0.0,2981.095465503512
7,62,0.102271825156173,0,0.0,2981.095465503512
7,126,0.10227748853023927,0,0.0,2981.095465503512
7,229,0.10265212404719978,0,0.0,2981.095465503512
7,139,0.10227177292959268,0,0.0,2981.095465503512
7,191,0.10227335809747826,0,0.0,2981.095465503512
7,60,0.10227177212904179,0,0.0,2981.095465503512
7,132,0.10227463557485075,0,0.0,2981.095465503512
7,147,0.10227230331410149,0,0.0,2981.095465503512
7,92,0.10227170339857648,0,0.0,2981.095465503512
7,153,0.10227177944901095,0,0.0,2981.095465503512
7,251,0.10227189969691361,0,0.0,2981.095465503512
7,119,0.10227194927127224,0,0.0,2981.095465503512
7,226,0.10226465330368083,0,0.0,2981.095465503512
7,198,0.10227612764499795,0,0.0,2981.095465503512
7,230,0.10227211420037319,0,0.0,2981.095465503512
7,14,0.10227178047125816,0,0.0,2981.095465503512
7,66,0.10227179903922452,0,0.0,2981.095465503512
7,18,0.1022721268659957,0,0.0,2981.095465503512
7,238,0.10227243543224442,0,0.0,2981.095465503512
7,253,0.10226690477836128,0,0.0,2981.095465503512
7,180,0.10227273879313724,0,0.0,2981.095465503512
7,71,0.10227504955617372,0,0.0,2981.095465503512
7,160,0.1022728976912149,0,0.0,2981.095465503512
7,216,0.10227304913040883,0,0.0,2981.095465503512
7,117,0.10248047326536511,0,0.0,2981.095465503512
7,29,0.10227200770500623,0,0.0,2981.095465503512
7,193,0.10227527683237135,0,0.0,2981.095465503512
7,80,0.10227178812191595,0,0.0,2981.095465503512
7,142,0.10227181643723864,0,0.0,2981.095465503512
7,54,0.10227184195569303,0,0.0,2981.095465503512
7,143,0.10237706202394133,0,0.0,2981.095465503512
7,143,0.10227178812191595,470,1401114.8687866507,1404095.964252154
7,143,0.10227178812191595,554,1651526.8878889456,1654507.9833544493
7,143,0.10227178812191595,94,280222.97375733015,283204.06922283367
7,38,0.10227179812733535,0,0.0,2981.095465503512
7,103,0.10227220953899398,0,0.0,2981.095465503512
7,35,0.10227266697640963,0,0.0,2981.095465503512
7,53,0.10227345928211705,0,0.0,2981.095465503512
7,249,0.10227229629473654,0,0.0,2981.095465503512
7,45,0.1022889243039767,0,0.0,2981.095465503512
7,149,0.10227177692437688,0,0.0,2981.095465503512
7,222,0.1022719517591157,0,0.0,2981.095465503512
7,152,0.10227246488539365,0,0.0,2981.095465503512
7,201,0.10227344042391981,0,0.0,2981.095465503512
7,168,0.10227174777532896,0,0.0,2981.095465503512
7,140,0.10227178812191595,0,0.0,2981.095465503512
7,12,0.10227188903252782,0,0.0,2981.095465503512
8,17,0.10227196634368771,0,0.0,2981.095465503512
8,192,0.10227263429893196,0,0.0,2981.095465503512
8,190,0.10227176699461742,0,0.0,2981.095465503512
8,182,0.10227200923281912,0,0.0,2981.095465503512
8,4,0.10227179826344202,0,0.0,2981.095465503512
8,171,0.10217858730312578,0,0.0,2981.095465503512
8,109,0.10227249783314098,0,0.0,2981.095465503512
8,169,0.10227178812191595,0,0.0,2981.095465503512
8,172,0.10223280521978582,0,0.0,2981.095465503512
8,159,0.10227197845429181,0,0.0,2981.095465503512
8,145,0.10219285348039421,0,0.0,2981.095465503512
8,33,0.10227557012039376,0,0.0,2981.095465503512
8,222,0.1022719517591157,0,0.0,2981.095465503512
8,5,0.10227177133043519,0,0.0,2981.095465503512
8,99,0.10227195740075047,0,0.0,2981.095465503512
8,246,0.10227181625242843,0,0.0,2981.095465503512
8,93,0.10227335732400926,0,0.0,2981.095465503512
8,253,0.10226690477836128,0,0.0,2981.095465503512
8,164,0.10214644477785814,0,0.0,2981.095465503512
8,116,0.1024544666733777,0,0.0,2981.095465503512
8,116,0.10227178812191595,818,2438536.090781873,2441517.1862473763
8,157,0.10228953714394082,0,0.0,2981.095465503512
8,174,0.10227178984315212,0,0.0,2981.095465503512
8,256,0.10227251595513623,0,0.0,2981.095465503512
8,208,0.10227198688319473,0,0.0,2981.095465503512
8,77,0.10227182104772403,0,0.0,2981.095465503512
8,12,0.10227188903252782,0,0.0,2981.095465503512
8,149,0.10227177692437688,0,0.0,2981.095465503512
8,255,0.10227202133557352,0,0.0,2981.095465503512
8,184,0.10227188935088745,0,0.0,2981.095465503512
8,219,0.10227383545360917,0,0.0,2981.095465503512
8,26,0.10227226075019354,0,0.0,2981.095465503512
8,132,0.10227463557485075,0,0.0,2981.095465503512
8,239,0.10295543105212665,0,0.0,2981.095465503512
8,240,0.10252915712556172,0,0.0,2981.095465503512
8,179,0.102271775765838,0,0.0,2981.095465503512
8,251,0.10227189969691361,0,0.0,2981.095465503512
8,21,0.10227173563935137,0,0.0,2981.095465503512
8,24,0.1022718068755892,0,0.0,2981.095465503512
8,259,0.10231117325363039,0,0.0,2981.095465503512
8,2,0.10227178085552745,0,0.0,2981.095465503512
8,134,0.10227300753802857,0,0.0,2981.095465503512
8,45,0.1022889243039767,0,0.0,2981.095465503512
8,175,0.10227247386916839,0,0.0,2981.095465503512
8,30,0.1022668651968664,0,0.0,2981.095465503512
8,228,0.1022742700523751,0,0.0,2981.095465503512
8,196,0.10227136869841222,0,0.0,2981.095465503512
8,201,0.10227344042391981,0,0.0,2981.095465503512
8,161,0.10228270790915993,0,0.0,2981.095465503512
8,49,0.10227533859531569,0,0.0,2981.095465503512
8,245,0.10230045555202538,0,0.0,2981.095465503512
8,232,0.10227173904375779,0,0.0,2981.095465503512
8,193,0.10227527683237135,0,0.0,2981.095465503512
8,70,0.10229803081981761,0,0.0,2981.095465503512
8,210,0.10227167308967161,0,0.0,2981.095465503512
8,63,0.10227264147119171,0,0.0,2981.095465503512
8,15,0.10228836005834137,0,0.0,2981.095465503512
8,180,0.10227273879313724,0,0.0,2981.095465503512
8,58,0.10227404409815614,0,0.0,2981.095465503512
8,140,0.10227178812191595,0,0.0,2981.095465503512
8,47,0.10227197992015843,0,0.0,2981.095465503512
8,150,0.1022763086139087,0,0.0,2981.095465503512
8,211,0.1022718068755892,0,0.0,2981.095465503512
8,127,0.1022954217580455,0,0.0,2981.095465503512
8,176,0.10227179749875172,0,0.0,2981.095465503512
8,197,0.10227220757311475,0,0.0,2981.095465503512
8,61,0.10227793287428572,0,0.0,2981.095465503512
8,64,0.10226903793569182,0,0.0,2981.095465503512
8,143,0.10237706202394133,0,0.0,2981.095465503512
8,143,0.10227178812191595,470,1401114.8687866507,1404095.964252154
8,143,0.10227178812191595,554,1651526.8878889456,1654507.9833544493
8,143,0.10227178812191595,94,280222.97375733015,283204.06922283367
8,19,0.10227212495632432,0,0.0,2981.095465503512
8,7,0.10227197201916857,0,0.0,2981.095465503512
8,86,0.10227679593903646,0,0.0,2981.095465503512
8,8,0.10216980660138267,0,0.0,2981.095465503512
8,181,0.10227300593666934,0,0.0,2981.095465503512
8,113,0.10227044754399073,0,0.0,2981.095465503512
8,131,0.10250018023207949,0,0.0,2981.095465503512
8,105,0.102273213777751,0,0.0,2981.095465503512
8,224,0.10227179548650338,0,0.0,2981.095465503512
8,22,0.10227314622212536,0,0.0,2981.095465503512
8,205,0.10227182562926936,0,0.0,2981.095465503512
8,153,0.10227177944901095,0,0.0,2981.095465503512
8,102,0.10227176739900182,0,0.0,2981.095465503512
8,168,0.10227174777532896,0,0.0,2981.095465503512
8,16,0.10227177838264997,0,0.0,2981.095465503512
8,32,0.10227172465756704,0,0.0,2981.095465503512
8,69,0.10227200315789149,0,0.0,2981.095465503512
8,44,0.1022717749024489,0,0.0,2981.095465503512
8,74,0.1022731769847609,0,0.0,2981.095465503512
8,13,0.10227196367412293,0,0.0,2981.095465503512
8,188,0.1022748258391594,0,0.0,2981.095465503512
8,204,0.10227177640755791,0,0.0,2981.095465503512
8,194,0.10227231742451927,0,0.0,2981.095465503512
8,136,0.10216613477523812,0,0.0,2981.095465503512
8,247,0.10227213582028659,0,0.0,2981.095465503512
8,106,0.1020913391260011,0,0.0,2981.095465503512
8,67,0.10227184313620408,0,0.0,2981.095465503512
8,115,0.10227180558967805,0,0.0,2981.095465503512
8,103,0.10227220953899398,0,0.0,2981.095465503512
8,123,0.10227172026466799,0,0.0,2981.095465503512
8,225,0.10227181625242843,0,0.0,2981.095465503512
8,217,0.10227177098841905,0,0.0,2981.095465503512
8,118,0.10227309310318485,0,0.0,2981.095465503512
8,212,0.10227317004100246,0,0.0,2981.095465503512
8,80,0.10227178812191595,0,0.0,2981.095465503512
8,31,0.10227202227138626,0,0.0,2981.095465503512
8,71,0.10227504955617372,0,0.0,2981.095465503512
8,87,0.10205585970834047,0,0.0,2981.095465503512
8,85,0.10218440827833618,0,0.0,2981.095465503512
8,128,0.1022757163805251,0,0.0,2981.095465503512
8,220,0.10227151223049252,0,0.0,2981.095465503512
8,165,0.10227194107664582,0,0.0,2981.095465503512
8,56,0.10227414129967585,0,0.0,2981.095465503512
8,35,0.10227266697640963,0,0.0,2981.095465503512
8,133,0.10227334096069803,0,0.0,2981.095465503512
8,221,0.10227245881017347,0,0.0,2981.095465503512
8,216,0.10227304913040883,0,0.0,2981.095465503512
8,55,0.10227665388480238,0,0.0,2981.095465503512
8,73,0.10227211090270254,0,0.0,2981.095465503512
8,41,0.10195773741856265,0,0.0,2981.095465503512
8,41,0.10227178812191595,212,631992.2386867446,634973.3341522481
8,141,0.1022829325502757,0,0.0,2981.095465503512
8,89,0.1022719328486995,0,0.0,2981.095465503512
8,152,0.10227246488539365,0,0.0,2981.095465503512
8,170,0.10227173782273269,0,0.0,2981.095465503512
8,66,0.10227179903922452,0,0.0,2981.095465503512
8,0,0.10227213504010939,0,0.0,2981.095465503512
8,199,0.10227424819477297,0,0.0,2981.095465503512
8,198,0.10227612764499795,0,0.0,2981.095465503512
8,160,0.1022728976912149,0,0.0,2981.095465503512
8,36,0.10226775705707879,0,0.0,2981.095465503512
8,68,0.10228218435712319,0,0.0,2981.095465503512
8,203,0.10227206416152192,0,0.0,2981.095465503512
8,81,0.10227182562926936,0,0.0,2981.095465503512
8,78,0.10227164019375547,0,0.0,2981.095465503512
8,130,0.10227252654826269,0,0.0,2981.095465503512
8,223,0.10227177996431386,0,0.0,2981.095465503512
8,135,0.10227424493886218,0,0.0,2981.095465503512
8,202,0.1022717485752318,0,0.0,2981.095465503512
8,178,0.10227260377499074,0,0.0,2981.095465503512
8,146,0.10227180097151589,0,0.0,2981.095465503512
8,142,0.10227181643723864,0,0.0,2981.095465503512
8,243,0.10227221354420937,0,0.0,2981.095465503512
8,206,0.10227306469979354,0,0.0,2981.095465503512
8,96,0.10228758872230738,0,0.0,2981.095465503512
8,65,0.10228842058268904,0,0.0,2981.095465503512
8,207,0.10227178812191595,0,0.0,2981.095465503512
8,234,0.10227233070347498,0,0.0,2981.095465503512
8,129,0.10227218070885112,0,0.0,2981.095465503512
8,18,0.1022721268659957,0,0.0,2981.095465503512
8,57,0.1022719822887101,0,0.0,2981.095465503512
8,258,0.10227178734532333,0,0.0,2981.095465503512
8,257,0.10227213001551674,0,0.0,2981.095465503512
8,235,0.10209299203885207,0,0.0,2981.095465503512
8,79,0.10229931722090589,0,0.0,2981.095465503512
8,252,0.10227211974180443,0,0.0,2981.095465503512
8,125,0.10227188152182978,0,0.0,2981.095465503512
8,126,0.10227748853023927,0,0.0,2981.095465503512
8,50,0.10227197792438292,0,0.0,2981.095465503512
8,95,0.10227197600539048,0,0.0,2981.095465503512
8,120,0.10227181179180468,0,0.0,2981.095465503512
8,60,0.10227177212904179,0,0.0,2981.095465503512
8,229,0.10265212404719978,0,0.0,2981.095465503512
8,186,0.10227172246792975,0,0.0,2981.095465503512
8,158,0.10227330879713814,0,0.0,2981.095465503512
8,107,0.10227179699164189,0,0.0,2981.095465503512
8,76,0.10227178211064619,0,0.0,2981.095465503512
8,9,0.10227306012037092,0,0.0,2981.095465503512
8,92,0.10227170339857648,0,0.0,2981.095465503512
8,237,0.10227259740104729,0,0.0,2981.095465503512
8,83,0.10227179937783656,0,0.0,2981.095465503512
8,98,0.10227179159467807,0,0.0,2981.095465503512
8,88,0.10227218789196572,0,0.0,2981.095465503512
8,163,0.10227286056365383,0,0.0,2981.095465503512
8,46,0.10227262222877592,0,0.0,2981.095465503512
8,148,0.10227180928474107,0,0.0,2981.095465503512
8,124,0.10227176697451912,0,0.0,2981.095465503512
8,39,0.10238801664364221,0,0.0,2981.095465503512
8,177,0.102271846413072,0,0.0,2981.095465503512
8,82,0.10227175446577243,0,0.0,2981.095465503512
8,72,0.10254207856284825,0,0.0,2981.095465503512
8,38,0.10227179812733535,0,0.0,2981.095465503512
8,215,0.10214696242360463,0,0.0,2981.095465503512
8,20,0.10227193786475786,0,0.0,2981.095465503512
8,151,0.10227367254981212,0,0.0,2981.095465503512
8,51,0.10226660008203199,0,0.0,2981.095465503512
8,62,0.102271825156173,0,0.0,2981.095465503512
8,94,0.10227763298475184,0,0.0,2981.095465503512
8,90,0.10227187209746304,0,0.0,2981.095465503512
8,191,0.10227335809747826,0,0.0,2981.095465503512
8,53,0.10227345928211705,0,0.0,2981.095465503512
8,52,0.10227225503080142,0,0.0,2981.095465503512
8,137,0.10179484209107288,0,0.0,2981.095465503512
8,112,0.10227183312249574,0,0.0,2981.095465503512
8,43,0.10230842382243095,0,0.0,2981.095465503512
8,162,0.10227265586204311,0,0.0,2981.095465503512
8,183,0.10227177388627598,0,0.0,2981.095465503512
8,59,0.10227181035891583,0,0.0,2981.095465503512
8,167,0.10227178812191595,0,0.0,2981.095465503512
8,195,0.10227179993652798,0,0.0,2981.095465503512
8,144,0.1022748354075032,0,0.0,2981.095465503512
8,34,0.10227191802282232,0,0.0,2981.095465503512
8,241,0.1022717579454072,0,0.0,2981.095465503512
8,226,0.10226465330368083,0,0.0,2981.095465503512
8,244,0.10227203582100465,0,0.0,2981.095465503512
8,249,0.10227229629473654,0,0.0,2981.095465503512
8,155,0.10227398967398021,0,0.0,2981.095465503512
8,122,0.10227188339550553,0,0.0,2981.095465503512
8,97,0.10227251449992925,0,0.0,2981.095465503512
8,156,0.10227187567397703,0,0.0,2981.095465503512
8,75,0.10200177712976634,0,0.0,2981.095465503512
8,189,0.10227179749875172,0,0.0,2981.095465503512
8,6,0.10234745121538248,0,0.0,2981.095465503512
8,1,0.10227173368043688,0,0.0,2981.095465503512
8,23,0.10227436266699216,0,0.0,2981.095465503512
8,227,0.10232306962263184,0,0.0,2981.095465503512
8,248,0.10195901282742284,0,0.0,2981.095465503512
8,248,0.10227178812191595,2683,7998279.133945923,8001260.229411426
8,248,0.10227177284100762,1565,4665414.403512997,4668395.4989785
8,25,0.10227296678322151,0,0.0,2981.095465503512
8,236,0.10227610644234035,0,0.0,2981.095465503512
8,10,0.1022717932095996,0,0.0,2981.095465503512
8,147,0.10227230331410149,0,0.0,2981.095465503512
8,139,0.10227177292959268,0,0.0,2981.095465503512
8,117,0.10248047326536511,0,0.0,2981.095465503512
8,54,0.10227184195569303,0,0.0,2981.095465503512
8,14,0.10227178047125816,0,0.0,2981.095465503512
8,37,0.10227191071338534,0,0.0,2981.095465503512
8,238,0.10227243543224442,0,0.0,2981.095465503512
8,213,0.10227180784939667,0,0.0,2981.095465503512
8,28,0.10227186755007305,0,0.0,2981.095465503512
8,29,0.10227200770500623,0,0.0,2981.095465503512
8,154,0.10212969878194508,0,0.0,2981.095465503512
8,84,0.10227183310257819,0,0.0,2981.095465503512
8,121,0.10227185015079263,0,0.0,2981.095465503512
8,242,0.10227199894872989,0,0.0,2981.095465503512
8,119,0.10227194927127224,0,0.0,2981.095465503512
8,91,0.10227679219910628,0,0.0,2981.095465503512
8,200,0.10227178812191595,0,0.0,2981.095465503512
8,48,0.10227184148311126,0,0.0,2981.095465503512
8,230,0.10227211420037319,0,0.0,2981.095465503512
8,114,0.10217065806375995,0,0.0,2981.095465503512
