level,pickup_zone,avg_total_amount,bkt_trip_distance,trip_distance_start,trip_distance_end
1,0|1|4|5|6|7|8|9|10|12|13|14|15|16|17|18|19|20|22|23|24|25|26|27|28|29|30|31|33|34|35|36|37|38|39|41|43|44|45|46|47|48|49|50|51|52|53|54|55|56|57|58|59|60|61|62|63|64|65|66|67|68|69|70|71|72|73|74|75|76|77|78|79|81|82|83|84|85|86|87|88|89|90|91|92|93|94|95|96|97|98|99|101|102|103|104|105|106|108|109|112|113|114|115|116|117|118|119|120|121|122|125|126|127|128|129|130|131|132|133|134|135|136|137|138|139|141|142|143|144|145|146|147|148|150|151|152|153|154|155|156|157|158|159|160|161|162|163|164|165|166|167|168|169|171|172|173|174|175|176|177|178|179|180|181|182|183|184|186|188|189|191|192|193|194|195|196|197|198|199|200|201|202|203|204|205|206|207|208|210|211|212|213|214|215|216|217|218|219|220|221|222|223|224|225|226|227|228|229|230|231|232|234|235|236|237|238|239|240|241|242|243|244|245|246|247|248|249|250|251|252|253|254|255|256|257|259,18.864404483324634,0,0.0,2981.095465503512
1,0|1|4|5|6|7|8|9|10|12|13|14|15|16|17|18|19|20|22|23|24|25|26|27|28|29|30|31|33|34|35|36|37|38|39|41|43|44|45|46|47|48|49|50|51|52|53|54|55|56|57|58|59|60|61|62|63|64|65|66|67|68|69|70|71|72|73|74|75|76|77|78|79|81|82|83|84|85|86|87|88|89|90|91|92|93|94|95|96|97|98|99|101|102|103|104|105|106|108|109|112|113|114|115|116|117|118|119|120|121|122|125|126|127|128|129|130|131|132|133|134|135|136|137|138|139|141|142|143|144|145|146|147|148|150|151|152|153|154|155|156|157|158|159|160|161|162|163|164|165|166|167|168|169|171|172|173|174|175|176|177|178|179|180|181|182|183|184|186|188|189|191|192|193|194|195|196|197|198|199|200|201|202|203|204|205|206|207|208|210|211|212|213|214|215|216|217|218|219|220|221|222|223|224|225|226|227|228|229|230|231|232|234|235|236|237|238|239|240|241|242|243|244|245|246|247|248|249|250|251|252|253|254|255|256|257|259,15.641397006121968,818,2438536.090781873,2441517.1862473763
1,0|1|4|5|6|7|8|9|10|12|13|14|15|16|17|18|19|20|22|23|24|25|26|27|28|29|30|31|33|34|35|36|37|38|39|41|43|44|45|46|47|48|49|50|51|52|53|54|55|56|57|58|59|60|61|62|63|64|65|66|67|68|69|70|71|72|73|74|75|76|77|78|79|81|82|83|84|85|86|87|88|89|90|91|92|93|94|95|96|97|98|99|101|102|103|104|105|106|108|109|112|113|114|115|116|117|118|119|120|121|122|125|126|127|128|129|130|131|132|133|134|135|136|137|138|139|141|142|143|144|145|146|147|148|150|151|152|153|154|155|156|157|158|159|160|161|162|163|164|165|166|167|168|169|171|172|173|174|175|176|177|178|179|180|181|182|183|184|186|188|189|191|192|193|194|195|196|197|198|199|200|201|202|203|204|205|206|207|208|210|211|212|213|214|215|216|217|218|219|220|221|222|223|224|225|226|227|228|229|230|231|232|234|235|236|237|238|239|240|241|242|243|244|245|246|247|248|249|250|251|252|253|254|255|256|257|259,15.641396914436518,212,631992.2386867446,634973.3341522481
1,0|1|4|5|6|7|8|9|10|12|13|14|15|16|17|18|19|20|22|23|24|25|26|27|28|29|30|31|33|34|35|36|37|38|39|41|43|44|45|46|47|48|49|50|51|52|53|54|55|56|57|58|59|60|61|62|63|64|65|66|67|68|69|70|71|72|73|74|75|76|77|78|79|81|82|83|84|85|86|87|88|89|90|91|92|93|94|95|96|97|98|99|101|102|103|104|105|106|108|109|112|113|114|115|116|117|118|119|120|121|122|125|126|127|128|129|130|131|132|133|134|135|136|137|138|139|141|142|143|144|145|146|147|148|150|151|152|153|154|155|156|157|158|159|160|161|162|163|164|165|166|167|168|169|171|172|173|174|175|176|177|178|179|180|181|182|183|184|186|188|189|191|192|193|194|195|196|197|198|199|200|201|202|203|204|205|206|207|208|210|211|212|213|214|215|216|217|218|219|220|221|222|223|224|225|226|227|228|229|230|231|232|234|235|236|237|238|239|240|241|242|243|244|245|246|247|248|249|250|251|252|253|254|255|256|257|259,15.641396960279243,470,1401114.8687866507,1404095.964252154
1,0|1|4|5|6|7|8|9|10|12|13|14|15|16|17|18|19|20|22|23|24|25|26|27|28|29|30|31|33|34|35|36|37|38|39|41|43|44|45|46|47|48|49|50|51|52|53|54|55|56|57|58|59|60|61|62|63|64|65|66|67|68|69|70|71|72|73|74|75|76|77|78|79|81|82|83|84|85|86|87|88|89|90|91|92|93|94|95|96|97|98|99|101|102|103|104|105|106|108|109|112|113|114|115|116|117|118|119|120|121|122|125|126|127|128|129|130|131|132|133|134|135|136|137|138|139|141|142|143|144|145|146|147|148|150|151|152|153|154|155|156|157|158|159|160|161|162|163|164|165|166|167|168|169|171|172|173|174|175|176|177|178|179|180|181|182|183|184|186|188|189|191|192|193|194|195|196|197|198|199|200|201|202|203|204|205|206|207|208|210|211|212|213|214|215|216|217|218|219|220|221|222|223|224|225|226|227|228|229|230|231|232|234|235|236|237|238|239|240|241|242|243|244|245|246|247|248|249|250|251|252|253|254|255|256|257|259,15.641397006121968,554,1651526.8878889456,1654507.9833544493
1,0|1|4|5|6|7|8|9|10|12|13|14|15|16|17|18|19|20|22|23|24|25|26|27|28|29|30|31|33|34|35|36|37|38|39|41|43|44|45|46|47|48|49|50|51|52|53|54|55|56|57|58|59|60|61|62|63|64|65|66|67|68|69|70|71|72|73|74|75|76|77|78|79|81|82|83|84|85|86|87|88|89|90|91|92|93|94|95|96|97|98|99|101|102|103|104|105|106|108|109|112|113|114|115|116|117|118|119|120|121|122|125|126|127|128|129|130|131|132|133|134|135|136|137|138|139|141|142|143|144|145|146|147|148|150|151|152|153|154|155|156|157|158|159|160|161|162|163|164|165|166|167|168|169|171|172|173|174|175|176|177|178|179|180|181|182|183|184|186|188|189|191|192|193|194|195|196|197|198|199|200|201|202|203|204|205|206|207|208|210|211|212|213|214|215|216|217|218|219|220|221|222|223|224|225|226|227|228|229|230|231|232|234|235|236|237|238|239|240|241|242|243|244|245|246|247|248|249|250|251|252|253|254|255|256|257|259,15.641394713985719,2683,7998279.133945923,8001260.229411426
1,0|1|4|5|6|7|8|9|10|12|13|14|15|16|17|18|19|20|22|23|24|25|26|27|28|29|30|31|33|34|35|36|37|38|39|41|43|44|45|46|47|48|49|50|51|52|53|54|55|56|57|58|59|60|61|62|63|64|65|66|67|68|69|70|71|72|73|74|75|76|77|78|79|81|82|83|84|85|86|87|88|89|90|91|92|93|94|95|96|97|98|99|101|102|103|104|105|106|108|109|112|113|114|115|116|117|118|119|120|121|122|125|126|127|128|129|130|131|132|133|134|135|136|137|138|139|141|142|143|144|145|146|147|148|150|151|152|153|154|155|156|157|158|159|160|161|162|163|164|165|166|167|168|169|171|172|173|174|175|176|177|178|179|180|181|182|183|184|186|188|189|191|192|193|194|195|196|197|198|199|200|201|202|203|204|205|206|207|208|210|211|212|213|214|215|216|217|218|219|220|221|222|223|224|225|226|227|228|229|230|231|232|234|235|236|237|238|239|240|241|242|243|244|245|246|247|248|249|250|251|252|253|254|255|256|257|259,15.64139562533909,1565,4665414.403512997,4668395.4989785
1,0|1|4|5|6|7|8|9|10|12|13|14|15|16|17|18|19|20|22|23|24|25|26|27|28|29|30|31|33|34|35|36|37|38|39|41|43|44|45|46|47|48|49|50|51|52|53|54|55|56|57|58|59|60|61|62|63|64|65|66|67|68|69|70|71|72|73|74|75|76|77|78|79|81|82|83|84|85|86|87|88|89|90|91|92|93|94|95|96|97|98|99|101|102|103|104|105|106|108|109|112|113|114|115|116|117|118|119|120|121|122|125|126|127|128|129|130|131|132|133|134|135|136|137|138|139|141|142|143|144|145|146|147|148|150|151|152|153|154|155|156|157|158|159|160|161|162|163|164|165|166|167|168|169|171|172|173|174|175|176|177|178|179|180|181|182|183|184|186|188|189|191|192|193|194|195|196|197|198|199|200|201|202|203|204|205|206|207|208|210|211|212|213|214|215|216|217|218|219|220|221|222|223|224|225|226|227|228|229|230|231|232|234|235|236|237|238|239|240|241|242|243|244|245|246|247|248|249|250|251|252|253|254|255|256|257|259,15.641397006121968,94,280222.97375733015,283204.06922283367
1,2|3|11|21|32|40|42|80|100|107|110|111|123|124|140|149|170|185|187|190|209|233|258,15.641242047494762,0,0.0,2981.095465503512
2,1|5|6|10|13|14|15|16|17|20|25|27|29|31|33|34|35|37|44|47|50|52|58|59|62|63|65|67|70|73|74|78|79|82|83|89|91|92|94|95|99|102|103|119|120|121|122|125|127|128|129|130|131|133|134|137|139|142|144|150|152|159|166|173|178|181|182|183|184|188|194|198|199|201|202|204|205|208|210|216|218|219|221|223|227|230|237|242|247|249|251|256|259,13.990340149038543,0,0.0,2981.095465503512
2,2|3|4|7|8|9|11|19|21|22|23|26|30|32|36|38|40|41|42|43|45|48|49|51|53|54|57|61|64|66|68|69|71|75|80|81|85|86|87|88|96|97|98|100|101|104|105|106|107|108|109|110|111|112|113|114|115|117|123|124|132|136|138|140|141|145|146|148|149|153|154|155|156|164|165|167|168|169|170|171|172|176|179|180|186|187|189|190|191|192|193|195|197|200|207|209|211|212|213|214|215|217|220|224|225|226|228|229|231|232|235|236|243|246|248|250|253|254|255|258,18.120301088923124,0,0.0,2981.095465503512
2,2|3|4|7|8|9|11|19|21|22|23|26|30|32|36|38|40|41|42|43|45|48|49|51|53|54|57|61|64|66|68|69|71|75|80|81|85|86|87|88|96|97|98|100|101|104|105|106|107|108|109|110|111|112|113|114|115|117|123|124|132|136|138|140|141|145|146|148|149|153|154|155|156|164|165|167|168|169|170|171|172|176|179|180|186|187|189|190|191|192|193|195|197|200|207|209|211|212|213|214|215|217|220|224|225|226|228|229|231|232|235|236|243|246|248|250|253|254|255|258,15.641396914436518,212,631992.2386867446,634973.3341522481
2,2|3|4|7|8|9|11|19|21|22|23|26|30|32|36|38|40|41|42|43|45|48|49|51|53|54|57|61|64|66|68|69|71|75|80|81|85|86|87|88|96|97|98|100|101|104|105|106|107|108|109|110|111|112|113|114|115|117|123|124|132|136|138|140|141|145|146|148|149|153|154|155|156|164|165|167|168|169|170|171|172|176|179|180|186|187|189|190|191|192|193|195|197|200|207|209|211|212|213|214|215|217|220|224|225|226|228|229|231|232|235|236|243|246|248|250|253|254|255|258,15.641394713985719,2683,7998279.133945923,8001260.229411426
2,2|3|4|7|8|9|11|19|21|22|23|26|30|32|36|38|40|41|42|43|45|48|49|51|53|54|57|61|64|66|68|69|71|75|80|81|85|86|87|88|96|97|98|100|101|104|105|106|107|108|109|110|111|112|113|114|115|117|123|124|132|136|138|140|141|145|146|148|149|153|154|155|156|164|165|167|168|169|170|171|172|176|179|180|186|187|189|190|191|192|193|195|197|200|207|209|211|212|213|214|215|217|220|224|225|226|228|229|231|232|235|236|243|246|248|250|253|254|255|258,15.64139562533909,1565,4665414.403512997,4668395.4989785
2,0|12|18|28|39|46|55|56|60|72|76|77|84|93|116|118|126|135|143|147|151|157|158|160|161|162|163|174|175|177|196|203|206|222|234|238|239|240|241|244|245|252|257,16.674735719327163,0,0.0,2981.095465503512
2,0|12|18|28|39|46|55|56|60|72|76|77|84|93|116|118|126|135|143|147|151|157|158|160|161|162|163|174|175|177|196|203|206|222|234|238|239|240|241|244|245|252|257,15.641397006121968,818,2438536.090781873,2441517.1862473763
2,0|12|18|28|39|46|55|56|60|72|76|77|84|93|116|118|126|135|143|147|151|157|158|160|161|162|163|174|175|177|196|203|206|222|234|238|239|240|241|244|245|252|257,15.641396960279243,470,1401114.8687866507,1404095.964252154
2,0|12|18|28|39|46|55|56|60|72|76|77|84|93|116|118|126|135|143|147|151|157|158|160|161|162|163|174|175|177|196|203|206|222|234|238|239|240|241|244|245|252|257,15.641397006121968,554,1651526.8878889456,1654507.9833544493
2,0|12|18|28|39|46|55|56|60|72|76|77|84|93|116|118|126|135|143|147|151|157|158|160|161|162|163|174|175|177|196|203|206|222|234|238|239|240|241|244|245|252|257,15.641397006121968,94,280222.97375733015,283204.06922283367
2,24|90,15.641329466088226,0,0.0,2981.095465503512
3,6|8|15|22|30|33|36|39|41|43|45|49|51|53|61|64|65|68|72|75|85|87|96|104|105|106|113|114|116|117|136|141|143|145|150|154|157|164|165|171|172|180|191|192|193|196|197|201|206|215|220|226|227|229|235|236|239|240|243|248|253|255|259,39.094511299360505,0,0.0,2981.095465503512
3,6|8|15|22|30|33|36|39|41|43|45|49|51|53|61|64|65|68|72|75|85|87|96|104|105|106|113|114|116|117|136|141|143|145|150|154|157|164|165|171|172|180|191|192|193|196|197|201|206|215|220|226|227|229|235|236|239|240|243|248|253|255|259,15.641397006121968,818,2438536.090781873,2441517.1862473763
3,6|8|15|22|30|33|36|39|41|43|45|49|51|53|61|64|65|68|72|75|85|87|96|104|105|106|113|114|116|117|136|141|143|145|150|154|157|164|165|171|172|180|191|192|193|196|197|201|206|215|220|226|227|229|235|236|239|240|243|248|253|255|259,15.641396914436518,212,631992.2386867446,634973.3341522481
3,6|8|15|22|30|33|36|39|41|43|45|49|51|53|61|64|65|68|72|75|85|87|96|104|105|106|113|114|116|117|136|141|143|145|150|154|157|164|165|171|172|180|191|192|193|196|197|201|206|215|220|226|227|229|235|236|239|240|243|248|253|255|259,15.641396960279243,470,1401114.8687866507,1404095.964252154
3,6|8|15|22|30|33|36|39|41|43|45|49|51|53|61|64|65|68|72|75|85|87|96|104|105|106|113|114|116|117|136|141|143|145|150|154|157|164|165|171|172|180|191|192|193|196|197|201|206|215|220|226|227|229|235|236|239|240|243|248|253|255|259,15.641397006121968,554,1651526.8878889456,1654507.9833544493
3,6|8|15|22|30|33|36|39|41|43|45|49|51|53|61|64|65|68|72|75|85|87|96|104|105|106|113|114|116|117|136|141|143|145|150|154|157|164|165|171|172|180|191|192|193|196|197|201|206|215|220|226|227|229|235|236|239|240|243|248|253|255|259,15.641394713985719,2683,7998279.133945923,8001260.229411426
3,6|8|15|22|30|33|36|39|41|43|45|49|51|53|61|64|65|68|72|75|85|87|96|104|105|106|113|114|116|117|136|141|143|145|150|154|157|164|165|171|172|180|191|192|193|196|197|201|206|215|220|226|227|229|235|236|239|240|243|248|253|255|259,15.64139562533909,1565,4665414.403512997,4668395.4989785
3,6|8|15|22|30|33|36|39|41|43|45|49|51|53|61|64|65|68|72|75|85|87|96|104|105|106|113|114|116|117|136|141|143|145|150|154|157|164|165|171|172|180|191|192|193|196|197|201|206|215|220|226|227|229|235|236|239|240|243|248|253|255|259,15.641397006121968,94,280222.97375733015,283204.06922283367
3,0|12|18|28|29|46|50|55|56|60|73|76|77|84|93|118|126|135|144|147|158|159|160|162|163|174|175|177|181|184|203|222|234|238|241|242|244|245|247|252|257,15.636782566662193,0,0.0,2981.095465503512
3,2|3|11|21|32|38|40|42|80|81|100|107|110|123|138|140|149|168|170|187|189|195|200|209|231|246|250|254|258,15.641227200563339,0,0.0,2981.095465503512
3,7|16|19|20|23|24|26|31|35|57|71|74|86|88|90|101|109|112|132|146|148|155|156|166|186|211|212,15.63795077312052,0,0.0,2981.095465503512
3,10|37|44|47|52|58|59|70|83|91|125|127|137|151|161|173|182|183|188|202|210|216|218|230|237|249|251,15.00271934034909,0,0.0,2981.095465503512
3,5|14|27|78|82|131|139|204|205|208|219|221,14.705241545832786,0,0.0,2981.095465503512
3,1|13|17|25|34|62|67|89|92|94|99|102|119|120|121|122|128|129|130|133|134|142|178|194|198|199|223|256,15.622991005513223,0,0.0,2981.095465503512
3,4|9|48|54|66|69|97|98|108|115|153|167|169|176|179|207|213|214|217|224|225|228|232,15.639906263794487,0,0.0,2981.095465503512
3,124|185|190|233,15.641374541605071,0,0.0,2981.095465503512
3,63|79|95|103|152,15.6406991902302,0,0.0,2981.095465503512
4,15|22|30|36|43|49|51|53|61|64|68|75|96|105|113|145|165|180|191|192|193|220|236|243|253|255,15.691537844458136,0,0.0,2981.095465503512
4,6|47|55|56|60|65|70|72|73|125|137|144|151|160|161|173|188|196|202|216|218,15.016966598444775,0,0.0,2981.095465503512
4,4|38|48|54|66|81|98|108|115|153|167|179|195|207|213|214|217|224|225|231|232|246,15.64128264928836,0,0.0,2981.095465503512
4,7|9|19|23|69|86|109|112|132|155|228,15.638993590745205,0,0.0,2981.095465503512
4,39|117|136|143|154|157|164|206|229|239|240,18.460622375865995,0,0.0,2981.095465503512
4,39|117|136|143|154|157|164|206|229|239|240,15.641396960279243,470,1401114.8687866507,1404095.964252154
4,39|117|136|143|154|157|164|206|229|239|240,15.641397006121968,554,1651526.8878889456,1654507.9833544493
4,39|117|136|143|154|157|164|206|229|239|240,15.641397006121968,94,280222.97375733015,283204.06922283367
4,18|84|93|126|135|147|158|162|163|174|175|203|222|234|238|241|245,15.637224057500228,0,0.0,2981.095465503512
4,0|12|28|29|50|76|77|159|177|181|182|184|242|244|247|249|252|257,15.641040365251984,0,0.0,2981.095465503512
4,2|40|124|185|190|209|233|258,15.64134656519558,0,0.0,2981.095465503512
4,1|13|17|62|67|99|119|120|121|129|130|194|223,15.640924017499357,0,0.0,2981.095465503512
4,31|33|63|79|95|103|150|152|201|227|259,15.638150734172225,0,0.0,2981.095465503512
4,35|74|122|178|256,15.639476636393777,0,0.0,2981.095465503512
4,8|41|45|85|87|106|114|141|171|172|215|226|235|248,16.086865988303657,0,0.0,2981.095465503512
4,8|41|45|85|87|106|114|141|171|172|215|226|235|248,15.641396914436518,212,631992.2386867446,634973.3341522481
4,8|41|45|85|87|106|114|141|171|172|215|226|235|248,15.641394713985719,2683,7998279.133945923,8001260.229411426
4,8|41|45|85|87|106|114|141|171|172|215|226|235|248,15.64139562533909,1565,4665414.403512997,4668395.4989785
4,25|91|92|94|128|133|134|199|219,15.61764299839396,0,0.0,2981.095465503512
4,5|27|78|204|205,15.640979994823725,0,0.0,2981.095465503512
4,58|127|198,15.640852370284358,0,0.0,2981.095465503512
4,37|52|59|83|210|230|237|251,15.641049115479273,0,0.0,2981.095465503512
4,11|80|110|111|138|140|168|169|176|200,15.641390527196767,0,0.0,2981.095465503512
4,89|102|142,15.641335539897778,0,0.0,2981.095465503512
4,34|131|139|208|221,14.712963937899561,0,0.0,2981.095465503512
4,3|21|32|107|123|149|187|189|250,15.64129483407928,0,0.0,2981.095465503512
4,16|166,15.641388677415696,0,0.0,2981.095465503512
4,20|71|88|156,15.640710300498094,0,0.0,2981.095465503512
4,26|57|101|146|211|212,15.641108749603184,0,0.0,2981.095465503512
4,14|82,15.641151238755306,0,0.0,2981.095465503512
4,42|100|170,15.641384149578945,0,0.0,2981.095465503512
4,24|90|148|186,15.641286105695091,0,0.0,2981.095465503512
4,44|183,15.641302619337552,0,0.0,2981.095465503512
4,116|118,15.652185956802539,0,0.0,2981.095465503512
4,116|118,15.641397006121968,818,2438536.090781873,2441517.1862473763
4,10,15.641369929662853,0,0.0,2981.095465503512
4,46,15.641394296738486,0,0.0,2981.095465503512
4,104|197,15.641160085573054,0,0.0,2981.095465503512
4,97,15.641194735415478,0,0.0,2981.095465503512
5,22|30|36|43|45|51|53|64|68|85|96|105|236|243,15.557460516562086,0,0.0,2981.095465503512
5,81|138|250|254,15.64139721567721,0,0.0,2981.095465503512
5,4|48|54|98|179|207|213,15.641349235957986,0,0.0,2981.095465503512
5,143|150|227|259,15.636463488255563,0,0.0,2981.095465503512
5,143|150|227|259,15.641396960279243,470,1401114.8687866507,1404095.964252154
5,143|150|227|259,15.641397006121968,554,1651526.8878889456,1654507.9833544493
5,143|150|227|259,15.641397006121968,94,280222.97375733015,283204.06922283367
5,26|109,15.641040805903158,0,0.0,2981.095465503512
5,39|206|239,16.20588950000228,0,0.0,2981.095465503512
5,58|92|94,15.637462956209598,0,0.0,2981.095465503512
5,37|159|181|182|210|237|242|249,15.641240809360234,0,0.0,2981.095465503512
5,55|56|144|151|161|188|196,15.63967514143848,0,0.0,2981.095465503512
5,175|177|241|244|252|257,15.641196509936774,0,0.0,2981.095465503512
5,71,15.641000983028983,0,0.0,2981.095465503512
5,47|125|173|202|216|218,15.641331617788074,0,0.0,2981.095465503512
5,49|180|191|192|220,15.640025587094746,0,0.0,2981.095465503512
5,128,15.632559600654,0,0.0,2981.095465503512
5,118|158|162|245,15.638017112736142,0,0.0,2981.095465503512
5,31,15.641109288551,0,0.0,2981.095465503512
5,87|106|117|136|154|164|229,16.530437687386442,0,0.0,2981.095465503512
5,66|108|153|168|169|176,15.641383706934203,0,0.0,2981.095465503512
5,15|61|193,15.641669283704541,0,0.0,2981.095465503512
5,167|195|214|224|225|232,15.641360774776935,0,0.0,2981.095465503512
5,84|135|147|174|203|222,15.641262025192928,0,0.0,2981.095465503512
5,62|99|129,15.64129009082737,0,0.0,2981.095465503512
5,18|28|29|60|73|234|247,15.641258760480225,0,0.0,2981.095465503512
5,122|178|256,15.640340020155515,0,0.0,2981.095465503512
5,133|199,15.639053683906694,0,0.0,2981.095465503512
5,126|238,15.640861696785377,0,0.0,2981.095465503512
5,59|230,15.641357571301953,0,0.0,2981.095465503512
5,3|21|123|149|187,15.641356837265839,0,0.0,2981.095465503512
5,7|9|19|69|97,15.640809105543617,0,0.0,2981.095465503512
5,34|139|208|221,15.640184429887007,0,0.0,2981.095465503512
5,44,15.641380195563672,0,0.0,2981.095465503512
5,115|246,15.64138797953611,0,0.0,2981.095465503512
5,12|50|76|77,15.641284422967372,0,0.0,2981.095465503512
5,11|140|200,15.64139733998512,0,0.0,2981.095465503512
5,5|78|204,15.64099086832267,0,0.0,2981.095465503512
5,14|82,15.641151238755306,0,0.0,2981.095465503512
5,52,15.641313010468252,0,0.0,2981.095465503512
5,1|67|142,15.641286331923002,0,0.0,2981.095465503512
5,112|228,15.64054887229922,0,0.0,2981.095465503512
5,10,15.641369929662853,0,0.0,2981.095465503512
5,70|137,15.00461574486111,0,0.0,2981.095465503512
5,116|157,15.654874100724376,0,0.0,2981.095465503512
5,116|157,15.641397006121968,818,2438536.090781873,2441517.1862473763
5,32|107|189,15.64133387146035,0,0.0,2981.095465503512
5,93|163,15.64143055889005,0,0.0,2981.095465503512
5,57|211,15.641359123803344,0,0.0,2981.095465503512
5,104|197,15.641160085573054,0,0.0,2981.095465503512
5,38,15.641387138398532,0,0.0,2981.095465503512
5,119|121|223,15.64135815062622,0,0.0,2981.095465503512
5,80|124,15.641382614510418,0,0.0,2981.095465503512
5,41|75|114|141|145|171|172|215|226|235|248,16.176435968576275,0,0.0,2981.095465503512
5,41|75|114|141|145|171|172|215|226|235|248,15.641396914436518,212,631992.2386867446,634973.3341522481
5,41|75|114|141|145|171|172|215|226|235|248,15.641394713985719,2683,7998279.133945923,8001260.229411426
5,41|75|114|141|145|171|172|215|226|235|248,15.64139562533909,1565,4665414.403512997,4668395.4989785
5,46|160,15.641425885781098,0,0.0,2981.095465503512
5,79|127,15.641683223376921,0,0.0,2981.095465503512
5,146|212,15.64121381837378,0,0.0,2981.095465503512
5,25|130,15.64004510623136,0,0.0,2981.095465503512
5,63|95|103|152,15.641023763081028,0,0.0,2981.095465503512
5,90,15.641331893557712,0,0.0,2981.095465503512
5,198,15.640793284198613,0,0.0,2981.095465503512
5,170,15.641384149578945,0,0.0,2981.095465503512
5,120|194,15.641358496970216,0,0.0,2981.095465503512
5,72,15.661465465151833,0,0.0,2981.095465503512
5,217,15.641383902155024,0,0.0,2981.095465503512
5,86|132,15.640602603758104,0,0.0,2981.095465503512
5,20|148|156,15.64128995244375,0,0.0,2981.095465503512
5,190|209|258,15.641375242998892,0,0.0,2981.095465503512
5,0|184,15.641367161243545,0,0.0,2981.095465503512
5,155,15.641263580743594,0,0.0,2981.095465503512
5,17|89|102,15.641268368278805,0,0.0,2981.095465503512
5,113|253,15.642119018457937,0,0.0,2981.095465503512
5,23,15.641439636546798,0,0.0,2981.095465503512
5,165,15.641411523052803,0,0.0,2981.095465503512
5,240,15.917303015031239,0,0.0,2981.095465503512
5,33|201,15.641290371506626,0,0.0,2981.095465503512
5,134,15.641257417608653,0,0.0,2981.095465503512
5,91,15.640590241280304,0,0.0,2981.095465503512
5,219,15.634521115253856,0,0.0,2981.095465503512
5,2,15.641381588423375,0,0.0,2981.095465503512
5,6|65,15.643095839253913,0,0.0,2981.095465503512
5,16|205,15.641377804152953,0,0.0,2981.095465503512
5,13,15.641274999874247,0,0.0,2981.095465503512
5,24,15.641393447148317,0,0.0,2981.095465503512
5,8,15.61178915918817,0,0.0,2981.095465503512
5,74,15.640723867961285,0,0.0,2981.095465503512
5,255,15.641340013276837,0,0.0,2981.095465503512
5,88,15.641192893185469,0,0.0,2981.095465503512
5,35,15.641204665100094,0,0.0,2981.095465503512
5,83,15.641357665683593,0,0.0,2981.095465503512
5,101|186,15.641370779461917,0,0.0,2981.095465503512
5,251,15.641250955331984,0,0.0,2981.095465503512
5,131,14.714239234775098,0,0.0,2981.095465503512
5,183,15.641318298434939,0,0.0,2981.095465503512
6,30|51|64|68,15.633663609677026,0,0.0,2981.095465503512
6,109,15.641109121704828,0,0.0,2981.095465503512
6,140|200,15.64139733998512,0,0.0,2981.095465503512
6,255,15.641340013276837,0,0.0,2981.095465503512
6,211,15.641398306478058,0,0.0,2981.095465503512
6,41,15.844257649862016,0,0.0,2981.095465503512
6,41,15.641396914436518,212,631992.2386867446,634973.3341522481
6,50,15.641332697822557,0,0.0,2981.095465503512
6,58,15.6408437859922,0,0.0,2981.095465503512
6,88,15.641192893185469,0,0.0,2981.095465503512
6,78,15.64121204125634,0,0.0,2981.095465503512
6,20,15.641337263648369,0,0.0,2981.095465503512
6,80,15.641397006121968,0,0.0,2981.095465503512
6,49|96,15.641739048107624,0,0.0,2981.095465503512
6,18|60|234,15.641354538717525,0,0.0,2981.095465503512
6,4,15.641382544419647,0,0.0,2981.095465503512
6,216,15.641362687031798,0,0.0,2981.095465503512
6,16|166,15.641388677415696,0,0.0,2981.095465503512
6,67,15.641358607373432,0,0.0,2981.095465503512
6,154|164|229,16.110294343160017,0,0.0,2981.095465503512
6,7,15.641368464798704,0,0.0,2981.095465503512
6,74,15.640723867961285,0,0.0,2981.095465503512
6,251,15.641250955331984,0,0.0,2981.095465503512
6,135|147|222,15.64132733672075,0,0.0,2981.095465503512
6,165,15.641411523052803,0,0.0,2981.095465503512
6,139,15.641390281964815,0,0.0,2981.095465503512
6,84|203,15.641365749280874,0,0.0,2981.095465503512
6,72,15.661465465151833,0,0.0,2981.095465503512
6,95|103,15.64128905284368,0,0.0,2981.095465503512
6,98|207|213,15.641383358373002,0,0.0,2981.095465503512
6,143,15.638627911005369,0,0.0,2981.095465503512
6,143,15.641396960279243,470,1401114.8687866507,1404095.964252154
6,143,15.641397006121968,554,1651526.8878889456,1654507.9833544493
6,143,15.641397006121968,94,280222.97375733015,283204.06922283367
6,259,15.641985206715662,0,0.0,2981.095465503512
6,122,15.641183859669963,0,0.0,2981.095465503512
6,258,15.641382184378855,0,0.0,2981.095465503512
6,66|153,15.641391651261518,0,0.0,2981.095465503512
6,240,15.917303015031239,0,0.0,2981.095465503512
6,44,15.641380195563672,0,0.0,2981.095465503512
6,43|114|141|171|172|215,15.732767455253747,0,0.0,2981.095465503512
6,19,15.641388103937517,0,0.0,2981.095465503512
6,1,15.641358976537173,0,0.0,2981.095465503512
6,45|85|235|236,15.56890618574502,0,0.0,2981.095465503512
6,57,15.641356691923349,0,0.0,2981.095465503512
6,36|53,15.639392619734428,0,0.0,2981.095465503512
6,245,15.638099567407654,0,0.0,2981.095465503512
6,195|246,15.64137514081549,0,0.0,2981.095465503512
6,22,15.64080331591898,0,0.0,2981.095465503512
6,167|224,15.641393352306434,0,0.0,2981.095465503512
6,13,15.641274999874247,0,0.0,2981.095465503512
6,177|252,15.641374678604487,0,0.0,2981.095465503512
6,127,15.642007470052773,0,0.0,2981.095465503512
6,97,15.641194735415478,0,0.0,2981.095465503512
6,204,15.641391907749332,0,0.0,2981.095465503512
6,146,15.641395251646228,0,0.0,2981.095465503512
6,158|162,15.641371321712539,0,0.0,2981.095465503512
6,14,15.641329934606537,0,0.0,2981.095465503512
6,256,15.641300550259068,0,0.0,2981.095465503512
6,55|56|118,15.641289537563855,0,0.0,2981.095465503512
6,38,15.641387138398532,0,0.0,2981.095465503512
6,29|181|242,15.64130850541572,0,0.0,2981.095465503512
6,221,15.640543185581441,0,0.0,2981.095465503512
6,237,15.641391957810491,0,0.0,2981.095465503512
6,75|106|136|226,15.823702317683086,0,0.0,2981.095465503512
6,26,15.641327563263186,0,0.0,2981.095465503512
6,115|214,15.641391200854383,0,0.0,2981.095465503512
6,130,15.641402534258377,0,0.0,2981.095465503512
6,33,15.6413610263803,0,0.0,2981.095465503512
6,150,15.640266369674142,0,0.0,2981.095465503512
6,239,16.15777035835638,0,0.0,2981.095465503512
6,151|161|188,15.64139776965389,0,0.0,2981.095465503512
6,217,15.641383902155024,0,0.0,2981.095465503512
6,21,15.641386737351572,0,0.0,2981.095465503512
6,152,15.641356676998875,0,0.0,2981.095465503512
6,24,15.641393447148317,0,0.0,2981.095465503512
6,46|163|238,15.641367092873647,0,0.0,2981.095465503512
6,169,15.641394668142993,0,0.0,2981.095465503512
6,39,15.675923105024523,0,0.0,2981.095465503512
6,48|179,15.641388055710337,0,0.0,2981.095465503512
6,191,15.640230880936468,0,0.0,2981.095465503512
6,116,15.652243698472844,0,0.0,2981.095465503512
6,116,15.641397006121968,818,2438536.090781873,2441517.1862473763
6,253,15.6420859027074,0,0.0,2981.095465503512
6,219,15.634521115253856,0,0.0,2981.095465503512
6,145,15.640883503889276,0,0.0,2981.095465503512
6,223,15.641355014198313,0,0.0,2981.095465503512
6,129,15.641347596300548,0,0.0,2981.095465503512
6,71,15.641000983028983,0,0.0,2981.095465503512
6,199,15.639464035207638,0,0.0,2981.095465503512
6,225|232,15.641380809572725,0,0.0,2981.095465503512
6,34,15.641250418280576,0,0.0,2981.095465503512
6,61,15.64118181028217,0,0.0,2981.095465503512
6,176,15.641391536295608,0,0.0,2981.095465503512
6,137,15.01406419514457,0,0.0,2981.095465503512
6,189,15.641390192186789,0,0.0,2981.095465503512
6,198,15.640793284198613,0,0.0,2981.095465503512
6,69,15.641284017125818,0,0.0,2981.095465503512
6,6,15.642920989377592,0,0.0,2981.095465503512
6,194,15.64136398536057,0,0.0,2981.095465503512
6,175,15.641306204745453,0,0.0,2981.095465503512
6,89,15.641376639680544,0,0.0,2981.095465503512
6,157,15.64396507833635,0,0.0,2981.095465503512
6,32,15.641353656696705,0,0.0,2981.095465503512
6,76,15.641395263927741,0,0.0,2981.095465503512
6,220,15.641277953634047,0,0.0,2981.095465503512
6,0,15.641383497181106,0,0.0,2981.095465503512
6,126,15.640896384001717,0,0.0,2981.095465503512
6,249,15.641372036286425,0,0.0,2981.095465503512
6,144|160,15.641409358789634,0,0.0,2981.095465503512
6,212,15.641214441410987,0,0.0,2981.095465503512
6,227,15.63978830589593,0,0.0,2981.095465503512
6,15,15.641990631797498,0,0.0,2981.095465503512
6,228,15.640548670979184,0,0.0,2981.095465503512
6,59,15.641392084040694,0,0.0,2981.095465503512
6,31,15.641109288551,0,0.0,2981.095465503512
6,159,15.641364113802283,0,0.0,2981.095465503512
6,86,15.640792816791281,0,0.0,2981.095465503512
6,65,15.64156933383812,0,0.0,2981.095465503512
6,77,15.641362693549677,0,0.0,2981.095465503512
6,81,15.64139721567721,0,0.0,2981.095465503512
6,243,15.64138139411115,0,0.0,2981.095465503512
6,73,15.641380862662617,0,0.0,2981.095465503512
6,113,15.641428278086718,0,0.0,2981.095465503512
6,28,15.64137581618377,0,0.0,2981.095465503512
6,3|149,15.641389801479312,0,0.0,2981.095465503512
6,12|184,15.641365056164245,0,0.0,2981.095465503512
6,108|168,15.641393475037242,0,0.0,2981.095465503512
6,2,15.641381588423375,0,0.0,2981.095465503512
6,193,15.64128860880822,0,0.0,2981.095465503512
6,183,15.641318298434939,0,0.0,2981.095465503512
6,119|121,15.641399012690925,0,0.0,2981.095465503512
6,182,15.641390769173816,0,0.0,2981.095465503512
6,25,15.640038465388354,0,0.0,2981.095465503512
6,205,15.641385001337088,0,0.0,2981.095465503512
6,37,15.641374918741652,0,0.0,2981.095465503512
6,107,15.641381771794292,0,0.0,2981.095465503512
6,248,15.703994996490186,0,0.0,2981.095465503512
6,248,15.641394713985719,2683,7998279.133945923,8001260.229411426
6,248,15.64139562533909,1565,4665414.403512997,4668395.4989785
6,92,15.638752942675126,0,0.0,2981.095465503512
6,117,15.728922129130614,0,0.0,2981.095465503512
6,180,15.641059043744386,0,0.0,2981.095465503512
6,123|187,15.641372047634578,0,0.0,2981.095465503512
6,70,15.63263186447832,0,0.0,2981.095465503512
6,8,15.61178915918817,0,0.0,2981.095465503512
6,102,15.6413901521001,0,0.0,2981.095465503512
6,101|148,15.641377609527096,0,0.0,2981.095465503512
6,87,15.680528142186489,0,0.0,2981.095465503512
6,174,15.641360693214349,0,0.0,2981.095465503512
6,244,15.641372561019251,0,0.0,2981.095465503512
6,91,15.640590241280304,0,0.0,2981.095465503512
6,196,15.639740837555562,0,0.0,2981.095465503512
6,120,15.641390386280497,0,0.0,2981.095465503512
6,125,15.641382855964881,0,0.0,2981.095465503512
6,170,15.641384149578945,0,0.0,2981.095465503512
6,93,15.641423083929062,0,0.0,2981.095465503512
6,155,15.641263580743594,0,0.0,2981.095465503512
6,134,15.641257417608653,0,0.0,2981.095465503512
6,63,15.641169795706116,0,0.0,2981.095465503512
6,23,15.641439636546798,0,0.0,2981.095465503512
6,112,15.641396078053797,0,0.0,2981.095465503512
6,186,15.641370779461917,0,0.0,2981.095465503512
6,35,15.641204665100094,0,0.0,2981.095465503512
6,94,15.640658765977317,0,0.0,2981.095465503512
6,79,15.641071482227115,0,0.0,2981.095465503512
6,124,15.641381482985098,0,0.0,2981.095465503512
6,133,15.640985645960267,0,0.0,2981.095465503512
6,9,15.641157317634802,0,0.0,2981.095465503512
6,62,15.641398946879617,0,0.0,2981.095465503512
6,142,15.641360497431055,0,0.0,2981.095465503512
6,247,15.641370636512065,0,0.0,2981.095465503512
6,83,15.641357665683593,0,0.0,2981.095465503512
6,206,15.64117872223678,0,0.0,2981.095465503512
6,190,15.6413889332181,0,0.0,2981.095465503512
6,241,15.641308132835317,0,0.0,2981.095465503512
6,47,15.64138414159391,0,0.0,2981.095465503512
6,132,15.64120575565921,0,0.0,2981.095465503512
6,82,15.641217178952216,0,0.0,2981.095465503512
6,201,15.641325259714622,0,0.0,2981.095465503512
6,202,15.641389557928143,0,0.0,2981.095465503512
6,17,15.64129332610634,0,0.0,2981.095465503512
6,105,15.641494301935591,0,0.0,2981.095465503512
6,128,15.632559600654,0,0.0,2981.095465503512
6,178,15.640647387292578,0,0.0,2981.095465503512
6,156,15.641366828779407,0,0.0,2981.095465503512
6,197,15.641160085573054,0,0.0,2981.095465503512
6,210,15.64137829568129,0,0.0,2981.095465503512
6,192,15.641391001791495,0,0.0,2981.095465503512
6,5,15.641178669630014,0,0.0,2981.095465503512
6,54,15.64138290145662,0,0.0,2981.095465503512
6,208,15.641188190857989,0,0.0,2981.095465503512
6,90,15.641331893557712,0,0.0,2981.095465503512
6,257,15.641418437088673,0,0.0,2981.095465503512
6,230,15.641361361891729,0,0.0,2981.095465503512
6,131,14.714239234775098,0,0.0,2981.095465503512
6,99,15.641335297972542,0,0.0,2981.095465503512
6,52,15.641313010468252,0,0.0,2981.095465503512
6,10,15.641369929662853,0,0.0,2981.095465503512
7,248,15.703994996490186,0,0.0,2981.095465503512
7,248,15.641394713985719,2683,7998279.133945923,8001260.229411426
7,248,15.64139562533909,1565,4665414.403512997,4668395.4989785
7,228,15.640548670979184,0,0.0,2981.095465503512
7,207,15.641396685222892,0,0.0,2981.095465503512
7,161,15.641399056376567,0,0.0,2981.095465503512
7,74,15.640723867961285,0,0.0,2981.095465503512
7,164,15.68109300305337,0,0.0,2981.095465503512
7,232,15.641398242150569,0,0.0,2981.095465503512
7,106,15.69027218474242,0,0.0,2981.095465503512
7,84,15.641376620200324,0,0.0,2981.095465503512
7,15,15.641990631797498,0,0.0,2981.095465503512
7,31,15.641109288551,0,0.0,2981.095465503512
7,33,15.6413610263803,0,0.0,2981.095465503512
7,34,15.641250418280576,0,0.0,2981.095465503512
7,19,15.641388103937517,0,0.0,2981.095465503512
7,156,15.641366828779407,0,0.0,2981.095465503512
7,184,15.641379538779523,0,0.0,2981.095465503512
7,165,15.641411523052803,0,0.0,2981.095465503512
7,215,15.663985925380194,0,0.0,2981.095465503512
7,47,15.64138414159391,0,0.0,2981.095465503512
7,73,15.641380862662617,0,0.0,2981.095465503512
7,90,15.641331893557712,0,0.0,2981.095465503512
7,43|236,15.642004903801684,0,0.0,2981.095465503512
7,70,15.63263186447832,0,0.0,2981.095465503512
7,259,15.641985206715662,0,0.0,2981.095465503512
7,194,15.64136398536057,0,0.0,2981.095465503512
7,245,15.638099567407654,0,0.0,2981.095465503512
7,129,15.641347596300548,0,0.0,2981.095465503512
7,72,15.661465465151833,0,0.0,2981.095465503512
7,82,15.641217178952216,0,0.0,2981.095465503512
7,44,15.641380195563672,0,0.0,2981.095465503512
7,122,15.641183859669963,0,0.0,2981.095465503512
7,22,15.64080331591898,0,0.0,2981.095465503512
7,52,15.641313010468252,0,0.0,2981.095465503512
7,178,15.640647387292578,0,0.0,2981.095465503512
7,107,15.641381771794292,0,0.0,2981.095465503512
7,51,15.640154618971348,0,0.0,2981.095465503512
7,239,16.15777035835638,0,0.0,2981.095465503512
7,32,15.641353656696705,0,0.0,2981.095465503512
7,136,15.695221154003281,0,0.0,2981.095465503512
7,63,15.641169795706116,0,0.0,2981.095465503512
7,150,15.640266369674142,0,0.0,2981.095465503512
7,240,15.917303015031239,0,0.0,2981.095465503512
7,141|172,15.647246373734461,0,0.0,2981.095465503512
7,67,15.641358607373432,0,0.0,2981.095465503512
7,93,15.641423083929062,0,0.0,2981.095465503512
7,116,15.652243698472844,0,0.0,2981.095465503512
7,116,15.641397006121968,818,2438536.090781873,2441517.1862473763
7,135,15.64134271684583,0,0.0,2981.095465503512
7,223,15.641355014198313,0,0.0,2981.095465503512
7,127,15.642007470052773,0,0.0,2981.095465503512
7,1,15.641358976537173,0,0.0,2981.095465503512
7,25,15.640038465388354,0,0.0,2981.095465503512
7,6,15.642920989377592,0,0.0,2981.095465503512
7,99,15.641335297972542,0,0.0,2981.095465503512
7,46,15.641394296738486,0,0.0,2981.095465503512
7,252,15.641384757031057,0,0.0,2981.095465503512
7,131,14.714239234775098,0,0.0,2981.095465503512
7,204,15.641391907749332,0,0.0,2981.095465503512
7,55,15.641301135216498,0,0.0,2981.095465503512
7,10,15.641369929662853,0,0.0,2981.095465503512
7,221,15.640543185581441,0,0.0,2981.095465503512
7,56,15.641441906949131,0,0.0,2981.095465503512
7,113,15.641428278086718,0,0.0,2981.095465503512
7,246,15.641392653279864,0,0.0,2981.095465503512
7,28,15.64137581618377,0,0.0,2981.095465503512
7,257,15.641418437088673,0,0.0,2981.095465503512
7,69,15.641284017125818,0,0.0,2981.095465503512
7,57,15.641356691923349,0,0.0,2981.095465503512
7,81,15.64139721567721,0,0.0,2981.095465503512
7,112,15.641396078053797,0,0.0,2981.095465503512
7,83,15.641357665683593,0,0.0,2981.095465503512
7,48,15.641399839825656,0,0.0,2981.095465503512
7,120,15.641390386280497,0,0.0,2981.095465503512
7,146,15.641395251646228,0,0.0,2981.095465503512
7,97,15.641194735415478,0,0.0,2981.095465503512
7,258,15.641382184378855,0,0.0,2981.095465503512
7,58,15.6408437859922,0,0.0,2981.095465503512
7,87,15.680528142186489,0,0.0,2981.095465503512
7,217,15.641383902155024,0,0.0,2981.095465503512
7,16,15.641388677415696,0,0.0,2981.095465503512
7,247,15.641370636512065,0,0.0,2981.095465503512
7,158,15.641370698204215,0,0.0,2981.095465503512
7,89,15.641376639680544,0,0.0,2981.095465503512
7,176,15.641391536295608,0,0.0,2981.095465503512
7,179,15.641384090490984,0,0.0,2981.095465503512
7,181,15.641352667707386,0,0.0,2981.095465503512
7,175,15.641306204745453,0,0.0,2981.095465503512
7,85,15.569318602950108,0,0.0,2981.095465503512
7,202,15.641389557928143,0,0.0,2981.095465503512
7,220,15.641277953634047,0,0.0,2981.095465503512
7,64,15.640808184120223,0,0.0,2981.095465503512
7,9,15.641157317634802,0,0.0,2981.095465503512
7,196,15.639740837555562,0,0.0,2981.095465503512
7,7,15.641368464798704,0,0.0,2981.095465503512
7,255,15.641340013276837,0,0.0,2981.095465503512
7,134,15.641257417608653,0,0.0,2981.095465503512
7,182,15.641390769173816,0,0.0,2981.095465503512
7,121,15.641394454749703,0,0.0,2981.095465503512
7,188,15.641408509873092,0,0.0,2981.095465503512
7,243,15.64138139411115,0,0.0,2981.095465503512
7,123,15.641372047634578,0,0.0,2981.095465503512
7,68,15.638351692100551,0,0.0,2981.095465503512
7,0,15.641383497181106,0,0.0,2981.095465503512
7,169,15.641394668142993,0,0.0,2981.095465503512
7,154,15.988067521842167,0,0.0,2981.095465503512
7,77,15.641362693549677,0,0.0,2981.095465503512
7,206,15.64117872223678,0,0.0,2981.095465503512
7,256,15.641300550259068,0,0.0,2981.095465503512
7,2,15.641381588423375,0,0.0,2981.095465503512
7,200,15.641395905896568,0,0.0,2981.095465503512
7,65,15.64156933383812,0,0.0,2981.095465503512
7,105,15.641494301935591,0,0.0,2981.095465503512
7,75,15.700573216750122,0,0.0,2981.095465503512
7,186,15.641370779461917,0,0.0,2981.095465503512
7,203,15.641385003835998,0,0.0,2981.095465503512
7,199,15.639464035207638,0,0.0,2981.095465503512
7,234,15.641357680068273,0,0.0,2981.095465503512
7,118,15.641338252728268,0,0.0,2981.095465503512
7,162,15.641396498479368,0,0.0,2981.095465503512
7,78,15.64121204125634,0,0.0,2981.095465503512
7,242,15.641387179651352,0,0.0,2981.095465503512
7,79,15.641071482227115,0,0.0,2981.095465503512
7,114|171,15.700591996474975,0,0.0,2981.095465503512
7,23,15.641439636546798,0,0.0,2981.095465503512
7,88,15.641192893185469,0,0.0,2981.095465503512
7,98,15.641396118862822,0,0.0,2981.095465503512
7,4,15.641382544419647,0,0.0,2981.095465503512
7,13,15.641274999874247,0,0.0,2981.095465503512
7,244,15.641372561019251,0,0.0,2981.095465503512
7,133,15.640985645960267,0,0.0,2981.095465503512
7,130,15.641402534258377,0,0.0,2981.095465503512
7,195,15.64137836213847,0,0.0,2981.095465503512
7,219,15.634521115253856,0,0.0,2981.095465503512
7,148,15.641377609527096,0,0.0,2981.095465503512
7,36,15.639697187167908,0,0.0,2981.095465503512
7,124,15.641381482985098,0,0.0,2981.095465503512
7,144,15.641377769022759,0,0.0,2981.095465503512
7,155,15.641263580743594,0,0.0,2981.095465503512
7,145,15.640883503889276,0,0.0,2981.095465503512
7,163,15.641403348951266,0,0.0,2981.095465503512
7,157,15.64396507833635,0,0.0,2981.095465503512
7,151,15.64138195305157,0,0.0,2981.095465503512
7,211,15.641398306478058,0,0.0,2981.095465503512
7,177,15.641385796222778,0,0.0,2981.095465503512
7,208,15.641188190857989,0,0.0,2981.095465503512
7,21,15.641386737351572,0,0.0,2981.095465503512
7,190,15.6413889332181,0,0.0,2981.095465503512
7,95,15.64137835603262,0,0.0,2981.095465503512
7,39,15.675923105024523,0,0.0,2981.095465503512
7,30,15.638553887292593,0,0.0,2981.095465503512
7,5,15.641178669630014,0,0.0,2981.095465503512
7,61,15.64118181028217,0,0.0,2981.095465503512
7,213,15.641382303480865,0,0.0,2981.095465503512
7,241,15.641308132835317,0,0.0,2981.095465503512
7,189,15.641390192186789,0,0.0,2981.095465503512
7,237,15.641391957810491,0,0.0,2981.095465503512
7,41,15.844257649862016,0,0.0,2981.095465503512
7,41,15.641396914436518,212,631992.2386867446,634973.3341522481
7,50,15.641332697822557,0,0.0,2981.095465503512
7,115,15.641391200854383,0,0.0,2981.095465503512
7,8,15.61178915918817,0,0.0,2981.095465503512
7,86,15.640792816791281,0,0.0,2981.095465503512
7,197,15.641160085573054,0,0.0,2981.095465503512
7,59,15.641392084040694,0,0.0,2981.095465503512
7,49,15.641652311767986,0,0.0,2981.095465503512
7,159,15.641364113802283,0,0.0,2981.095465503512
7,210,15.64137829568129,0,0.0,2981.095465503512
7,128,15.632559600654,0,0.0,2981.095465503512
7,183,15.641318298434939,0,0.0,2981.095465503512
7,76,15.641395263927741,0,0.0,2981.095465503512
7,17,15.64129332610634,0,0.0,2981.095465503512
7,91,15.640590241280304,0,0.0,2981.095465503512
7,137,15.01406419514457,0,0.0,2981.095465503512
7,205,15.641385001337088,0,0.0,2981.095465503512
7,94,15.640658765977317,0,0.0,2981.095465503512
7,96,15.641482318826688,0,0.0,2981.095465503512
7,20,15.641337263648369,0,0.0,2981.095465503512
7,224,15.641392633364427,0,0.0,2981.095465503512
7,212,15.641214441410987,0,0.0,2981.095465503512
7,109,15.641109121704828,0,0.0,2981.095465503512
7,192,15.641391001791495,0,0.0,2981.095465503512
7,227,15.63978830589593,0,0.0,2981.095465503512
7,125,15.641382855964881,0,0.0,2981.095465503512
7,167,15.641396593537442,0,0.0,2981.095465503512
7,174,15.641360693214349,0,0.0,2981.095465503512
7,170,15.641384149578945,0,0.0,2981.095465503512
7,37,15.641374918741652,0,0.0,2981.095465503512
7,102,15.6413901521001,0,0.0,2981.095465503512
7,235,15.643520987913991,0,0.0,2981.095465503512
7,24,15.641393447148317,0,0.0,2981.095465503512
7,225,15.641378442031211,0,0.0,2981.095465503512
7,26,15.641327563263186,0,0.0,2981.095465503512
7,62,15.641398946879617,0,0.0,2981.095465503512
7,126,15.640896384001717,0,0.0,2981.095465503512
7,229,15.674772189492208,0,0.0,2981.095465503512
7,139,15.641390281964815,0,0.0,2981.095465503512
7,191,15.640230880936468,0,0.0,2981.095465503512
7,60,15.641392498435929,0,0.0,2981.095465503512
7,132,15.64120575565921,0,0.0,2981.095465503512
7,147,15.6414064836922,0,0.0,2981.095465503512
7,92,15.638752942675126,0,0.0,2981.095465503512
7,153,15.64139357535774,0,0.0,2981.095465503512
7,251,15.641250955331984,0,0.0,2981.095465503512
7,119,15.6414004325896,0,0.0,2981.095465503512
7,226,15.650613443239427,0,0.0,2981.095465503512
7,198,15.640793284198613,0,0.0,2981.095465503512
7,230,15.641361361891729,0,0.0,2981.095465503512
7,14,15.641329934606537,0,0.0,2981.095465503512
7,66,15.641393950501532,0,0.0,2981.095465503512
7,18,15.641396109893778,0,0.0,2981.095465503512
7,238,15.64136119722167,0,0.0,2981.095465503512
7,253,15.6420859027074,0,0.0,2981.095465503512
7,180,15.641059043744386,0,0.0,2981.095465503512
7,71,15.641000983028983,0,0.0,2981.095465503512
7,160,15.6414274632254,0,0.0,2981.095465503512
7,216,15.641362687031798,0,0.0,2981.095465503512
7,117,15.728922129130614,0,0.0,2981.095465503512
7,29,15.641360408570554,0,0.0,2981.095465503512
7,193,15.64128860880822,0,0.0,2981.095465503512
7,80,15.641397006121968,0,0.0,2981.095465503512
7,142,15.641360497431055,0,0.0,2981.095465503512
7,54,15.64138290145662,0,0.0,2981.095465503512
7,143,15.638627911005369,0,0.0,2981.095465503512
7,143,15.641396960279243,470,1401114.8687866507,1404095.964252154
7,143,15.641397006121968,554,1651526.8878889456,1654507.9833544493
7,143,15.641397006121968,94,280222.97375733015,283204.06922283367
7,38,15.641387138398532,0,0.0,2981.095465503512
7,103,15.64130657200376,0,0.0,2981.095465503512
7,35,15.641204665100094,0,0.0,2981.095465503512
7,53,15.641091684500072,0,0.0,2981.095465503512
7,249,15.641372036286425,0,0.0,2981.095465503512
7,45,15.640319083362021,0,0.0,2981.095465503512
7,149,15.641389801479312,0,0.0,2981.095465503512
7,222,15.6413698869224,0,0.0,2981.095465503512
7,152,15.641356676998875,0,0.0,2981.095465503512
7,201,15.641325259714622,0,0.0,2981.095465503512
7,168,15.641393475037242,0,0.0,2981.095465503512
7,140,15.641397308683953,0,0.0,2981.095465503512
7,12,15.64138139202928,0,0.0,2981.095465503512
8,17,15.64129332610634,0,0.0,2981.095465503512
8,192,15.641391001791495,0,0.0,2981.095465503512
8,190,15.6413889332181,0,0.0,2981.095465503512
8,182,15.641390769173816,0,0.0,2981.095465503512
8,4,15.641382544419647,0,0.0,2981.095465503512
8,171,15.65556712796589,0,0.0,2981.095465503512
8,109,15.641109121704828,0,0.0,2981.095465503512
8,169,15.641394668142993,0,0.0,2981.095465503512
8,172,15.646332579159848,0,0.0,2981.095465503512
8,159,15.641364113802283,0,0.0,2981.095465503512
8,145,15.640883503889276,0,0.0,2981.095465503512
8,33,15.6413610263803,0,0.0,2981.095465503512
8,222,15.6413698869224,0,0.0,2981.095465503512
8,5,15.641178669630014,0,0.0,2981.095465503512
8,99,15.641335297972542,0,0.0,2981.095465503512
8,246,15.641392653279864,0,0.0,2981.095465503512
8,93,15.641423083929062,0,0.0,2981.095465503512
8,253,15.6420859027074,0,0.0,2981.095465503512
8,164,15.68109300305337,0,0.0,2981.095465503512
8,116,15.652243698472844,0,0.0,2981.095465503512
8,116,15.641397006121968,818,2438536.090781873,2441517.1862473763
8,157,15.64396507833635,0,0.0,2981.095465503512
8,174,15.641360693214349,0,0.0,2981.095465503512
8,256,15.641300550259068,0,0.0,2981.095465503512
8,208,15.641188190857989,0,0.0,2981.095465503512
8,77,15.641362693549677,0,0.0,2981.095465503512
8,12,15.64138139202928,0,0.0,2981.095465503512
8,149,15.641389801479312,0,0.0,2981.095465503512
8,255,15.641340013276837,0,0.0,2981.095465503512
8,184,15.641379538779523,0,0.0,2981.095465503512
8,219,15.634521115253856,0,0.0,2981.095465503512
8,26,15.641327563263186,0,0.0,2981.095465503512
8,132,15.64120575565921,0,0.0,2981.095465503512
8,239,16.15777035835638,0,0.0,2981.095465503512
8,240,15.917303015031239,0,0.0,2981.095465503512
8,179,15.641384090490984,0,0.0,2981.095465503512
8,251,15.641250955331984,0,0.0,2981.095465503512
8,21,15.641386737351572,0,0.0,2981.095465503512
8,24,15.641393447148317,0,0.0,2981.095465503512
8,259,15.641985206715662,0,0.0,2981.095465503512
8,2,15.641381588423375,0,0.0,2981.095465503512
8,134,15.641257417608653,0,0.0,2981.095465503512
8,45,15.640319083362021,0,0.0,2981.095465503512
8,175,15.641306204745453,0,0.0,2981.095465503512
8,30,15.638553887292593,0,0.0,2981.095465503512
8,228,15.640548670979184,0,0.0,2981.095465503512
8,196,15.639740837555562,0,0.0,2981.095465503512
8,201,15.641325259714622,0,0.0,2981.095465503512
8,161,15.641399056376567,0,0.0,2981.095465503512
8,49,15.641652311767986,0,0.0,2981.095465503512
8,245,15.638099567407654,0,0.0,2981.095465503512
8,232,15.641398242150569,0,0.0,2981.095465503512
8,193,15.64128860880822,0,0.0,2981.095465503512
8,70,15.63263186447832,0,0.0,2981.095465503512
8,210,15.64137829568129,0,0.0,2981.095465503512
8,63,15.641169795706116,0,0.0,2981.095465503512
8,15,15.641990631797498,0,0.0,2981.095465503512
8,180,15.641059043744386,0,0.0,2981.095465503512
8,58,15.6408437859922,0,0.0,2981.095465503512
8,140,15.641397308683953,0,0.0,2981.095465503512
8,47,15.64138414159391,0,0.0,2981.095465503512
8,150,15.640266369674142,0,0.0,2981.095465503512
8,211,15.641398306478058,0,0.0,2981.095465503512
8,127,15.642007470052773,0,0.0,2981.095465503512
8,176,15.641391536295608,0,0.0,2981.095465503512
8,197,15.641160085573054,0,0.0,2981.095465503512
8,61,15.64118181028217,0,0.0,2981.095465503512
8,64,15.640808184120223,0,0.0,2981.095465503512
8,143,15.638627911005369,0,0.0,2981.095465503512
8,143,15.641396960279243,470,1401114.8687866507,1404095.964252154
8,143,15.641397006121968,554,1651526.8878889456,1654507.9833544493
8,143,15.641397006121968,94,280222.97375733015,283204.06922283367
8,19,15.641388103937517,0,0.0,2981.095465503512
8,7,15.641368464798704,0,0.0,2981.095465503512
8,86,15.640792816791281,0,0.0,2981.095465503512
8,8,15.61178915918817,0,0.0,2981.095465503512
8,181,15.641352667707386,0,0.0,2981.095465503512
8,113,15.641428278086718,0,0.0,2981.095465503512
8,131,14.714239234775098,0,0.0,2981.095465503512
8,105,15.641494301935591,0,0.0,2981.095465503512
8,224,15.641392633364427,0,0.0,2981.095465503512
8,22,15.64080331591898,0,0.0,2981.095465503512
8,205,15.641385001337088,0,0.0,2981.095465503512
8,153,15.64139357535774,0,0.0,2981.095465503512
8,102,15.6413901521001,0,0.0,2981.095465503512
8,168,15.641393475037242,0,0.0,2981.095465503512
8,16,15.641388677415696,0,0.0,2981.095465503512
8,32,15.641353656696705,0,0.0,2981.095465503512
8,69,15.641284017125818,0,0.0,2981.095465503512
8,44,15.641380195563672,0,0.0,2981.095465503512
8,74,15.640723867961285,0,0.0,2981.095465503512
8,13,15.641274999874247,0,0.0,2981.095465503512
8,188,15.641408509873092,0,0.0,2981.095465503512
8,204,15.641391907749332,0,0.0,2981.095465503512
8,194,15.64136398536057,0,0.0,2981.095465503512
8,136,15.695221154003281,0,0.0,2981.095465503512
8,247,15.641370636512065,0,0.0,2981.095465503512
8,106,15.69027218474242,0,0.0,2981.095465503512
8,67,15.641358607373432,0,0.0,2981.095465503512
8,115,15.641391200854383,0,0.0,2981.095465503512
8,103,15.64130657200376,0,0.0,2981.095465503512
8,123,15.641372047634578,0,0.0,2981.095465503512
8,225,15.641378442031211,0,0.0,2981.095465503512
8,217,15.641383902155024,0,0.0,2981.095465503512
8,118,15.641338252728268,0,0.0,2981.095465503512
8,212,15.641214441410987,0,0.0,2981.095465503512
8,80,15.641397006121968,0,0.0,2981.095465503512
8,31,15.641109288551,0,0.0,2981.095465503512
8,71,15.641000983028983,0,0.0,2981.095465503512
8,87,15.680528142186489,0,0.0,2981.095465503512
8,85,15.569318602950108,0,0.0,2981.095465503512
8,128,15.632559600654,0,0.0,2981.095465503512
8,220,15.641277953634047,0,0.0,2981.095465503512
8,165,15.641411523052803,0,0.0,2981.095465503512
8,56,15.641441906949131,0,0.0,2981.095465503512
8,35,15.641204665100094,0,0.0,2981.095465503512
8,133,15.640985645960267,0,0.0,2981.095465503512
8,221,15.640543185581441,0,0.0,2981.095465503512
8,216,15.641362687031798,0,0.0,2981.095465503512
8,55,15.641301135216498,0,0.0,2981.095465503512
8,73,15.641380862662617,0,0.0,2981.095465503512
8,41,15.844257649862016,0,0.0,2981.095465503512
8,41,15.641396914436518,212,631992.2386867446,634973.3341522481
8,141,15.642297823262357,0,0.0,2981.095465503512
8,89,15.641376639680544,0,0.0,2981.095465503512
8,152,15.641356676998875,0,0.0,2981.095465503512
8,170,15.641384149578945,0,0.0,2981.095465503512
8,66,15.641393950501532,0,0.0,2981.095465503512
8,0,15.641383497181106,0,0.0,2981.095465503512
8,199,15.639464035207638,0,0.0,2981.095465503512
8,198,15.640793284198613,0,0.0,2981.095465503512
8,160,15.6414274632254,0,0.0,2981.095465503512
8,36,15.639697187167908,0,0.0,2981.095465503512
8,68,15.638351692100551,0,0.0,2981.095465503512
8,203,15.641385003835998,0,0.0,2981.095465503512
8,81,15.64139721567721,0,0.0,2981.095465503512
8,78,15.64121204125634,0,0.0,2981.095465503512
8,130,15.641402534258377,0,0.0,2981.095465503512
8,223,15.641355014198313,0,0.0,2981.095465503512
8,135,15.64134271684583,0,0.0,2981.095465503512
8,202,15.641389557928143,0,0.0,2981.095465503512
8,178,15.640647387292578,0,0.0,2981.095465503512
8,146,15.641395251646228,0,0.0,2981.095465503512
8,142,15.641360497431055,0,0.0,2981.095465503512
8,243,15.64138139411115,0,0.0,2981.095465503512
8,206,15.64117872223678,0,0.0,2981.095465503512
8,96,15.641482318826688,0,0.0,2981.095465503512
8,65,15.64156933383812,0,0.0,2981.095465503512
8,207,15.641396685222892,0,0.0,2981.095465503512
8,234,15.641357680068273,0,0.0,2981.095465503512
8,129,15.641347596300548,0,0.0,2981.095465503512
8,18,15.641396109893778,0,0.0,2981.095465503512
8,57,15.641356691923349,0,0.0,2981.095465503512
8,258,15.641382184378855,0,0.0,2981.095465503512
8,257,15.641418437088673,0,0.0,2981.095465503512
8,235,15.643520987913991,0,0.0,2981.095465503512
8,79,15.641071482227115,0,0.0,2981.095465503512
8,252,15.641384757031057,0,0.0,2981.095465503512
8,125,15.641382855964881,0,0.0,2981.095465503512
8,126,15.640896384001717,0,0.0,2981.095465503512
8,50,15.641332697822557,0,0.0,2981.095465503512
8,95,15.64137835603262,0,0.0,2981.095465503512
8,120,15.641390386280497,0,0.0,2981.095465503512
8,60,15.641392498435929,0,0.0,2981.095465503512
8,229,15.674772189492208,0,0.0,2981.095465503512
8,186,15.641370779461917,0,0.0,2981.095465503512
8,158,15.641370698204215,0,0.0,2981.095465503512
8,107,15.641381771794292,0,0.0,2981.095465503512
8,76,15.641395263927741,0,0.0,2981.095465503512
8,9,15.641157317634802,0,0.0,2981.095465503512
8,92,15.638752942675126,0,0.0,2981.095465503512
8,237,15.641391957810491,0,0.0,2981.095465503512
8,83,15.641357665683593,0,0.0,2981.095465503512
8,98,15.641396118862822,0,0.0,2981.095465503512
8,88,15.641192893185469,0,0.0,2981.095465503512
8,163,15.641403348951266,0,0.0,2981.095465503512
8,46,15.641394296738486,0,0.0,2981.095465503512
8,148,15.641377609527096,0,0.0,2981.095465503512
8,124,15.641381482985098,0,0.0,2981.095465503512
8,39,15.675923105024523,0,0.0,2981.095465503512
8,177,15.641385796222778,0,0.0,2981.095465503512
8,82,15.641217178952216,0,0.0,2981.095465503512
8,72,15.661465465151833,0,0.0,2981.095465503512
8,38,15.641387138398532,0,0.0,2981.095465503512
8,215,15.663985925380194,0,0.0,2981.095465503512
8,20,15.641337263648369,0,0.0,2981.095465503512
8,151,15.64138195305157,0,0.0,2981.095465503512
8,51,15.640154618971348,0,0.0,2981.095465503512
8,62,15.641398946879617,0,0.0,2981.095465503512
8,94,15.640658765977317,0,0.0,2981.095465503512
8,90,15.641331893557712,0,0.0,2981.095465503512
8,191,15.640230880936468,0,0.0,2981.095465503512
8,53,15.641091684500072,0,0.0,2981.095465503512
8,52,15.641313010468252,0,0.0,2981.095465503512
8,137,15.01406419514457,0,0.0,2981.095465503512
8,112,15.641396078053797,0,0.0,2981.095465503512
8,43,15.642022696838065,0,0.0,2981.095465503512
8,162,15.641396498479368,0,0.0,2981.095465503512
8,183,15.641318298434939,0,0.0,2981.095465503512
8,59,15.641392084040694,0,0.0,2981.095465503512
8,167,15.641396593537442,0,0.0,2981.095465503512
8,195,15.64137836213847,0,0.0,2981.095465503512
8,144,15.641377769022759,0,0.0,2981.095465503512
8,34,15.641250418280576,0,0.0,2981.095465503512
8,241,15.641308132835317,0,0.0,2981.095465503512
8,226,15.650613443239427,0,0.0,2981.095465503512
8,244,15.641372561019251,0,0.0,2981.095465503512
8,249,15.641372036286425,0,0.0,2981.095465503512
8,155,15.641263580743594,0,0.0,2981.095465503512
8,122,15.641183859669963,0,0.0,2981.095465503512
8,97,15.641194735415478,0,0.0,2981.095465503512
8,156,15.641366828779407,0,0.0,2981.095465503512
8,75,15.700573216750122,0,0.0,2981.095465503512
8,189,15.641390192186789,0,0.0,2981.095465503512
8,6,15.642920989377592,0,0.0,2981.095465503512
8,1,15.641358976537173,0,0.0,2981.095465503512
8,23,15.641439636546798,0,0.0,2981.095465503512
8,227,15.63978830589593,0,0.0,2981.095465503512
8,248,15.703994996490186,0,0.0,2981.095465503512
8,248,15.641394713985719,2683,7998279.133945923,8001260.229411426
8,248,15.64139562533909,1565,4665414.403512997,4668395.4989785
8,25,15.640038465388354,0,0.0,2981.095465503512
8,236,15.641377978275733,0,0.0,2981.095465503512
8,10,15.641369929662853,0,0.0,2981.095465503512
8,147,15.6414064836922,0,0.0,2981.095465503512
8,139,15.641390281964815,0,0.0,2981.095465503512
8,117,15.728922129130614,0,0.0,2981.095465503512
8,54,15.64138290145662,0,0.0,2981.095465503512
8,14,15.641329934606537,0,0.0,2981.095465503512
8,37,15.641374918741652,0,0.0,2981.095465503512
8,238,15.64136119722167,0,0.0,2981.095465503512
8,213,15.641382303480865,0,0.0,2981.095465503512
8,28,15.64137581618377,0,0.0,2981.095465503512
8,29,15.641360408570554,0,0.0,2981.095465503512
8,154,15.988067521842167,0,0.0,2981.095465503512
8,84,15.641376620200324,0,0.0,2981.095465503512
8,121,15.641394454749703,0,0.0,2981.095465503512
8,242,15.641387179651352,0,0.0,2981.095465503512
8,119,15.6414004325896,0,0.0,2981.095465503512
8,91,15.640590241280304,0,0.0,2981.095465503512
8,200,15.641395905896568,0,0.0,2981.095465503512
8,48,15.641399839825656,0,0.0,2981.095465503512
8,230,15.641361361891729,0,0.0,2981.095465503512
8,114,15.68577493902008,0,0.0,2981.095465503512
